BHK,project,Location,City,Total sqft,price_sqft,price
3 BHK Apartment,SHREE KRISHNA SangamChembur,Chembur,Mumbai,984,"30,000",2.95 Cr
2 BHK Apartment,Ekdanta 24 KaratKurla,Kurla,Mumbai,598,"25,000",1.50 Cr
2 BHK Apartment,Liberty Bay VueMalad West,Malad West,Mumbai,738,"22,000",1.62 Cr
3 BHK Apartment,Thalia Vrindavan FloraRasayani,Rasayani,Mumbai,644,"7,000",45.08 L
2 BHK Apartment,Mayfair The ViewVikhroli,Vikhroli,Mumbai,582,"28,000",1.63 Cr
2 BHK Apartment,Puraniks City Sector 1Neral,Neral,Mumbai,427,"6,000",25.62 L
3 BHK Apartment,Jewel CrestMahim,Mahim,Mumbai,1130,"48,000",5.42 Cr
2 BHK Apartment,Aplite Greenstone HeritageFort,Fort,Mumbai,671,"55,000",3.69 Cr
3 BHK Apartment,Mahaavir PrideDombivali,Dombivali,Mumbai,917,"12,000",1.10 Cr
1 BHK Independent House,VBHC 47 Rowland ParkPalghar,Palghar,Mumbai,701,"8,000",56.08 L
1 BHK Apartment,Lalani Velentine Apartment 1 Wing DMalad East,Malad East,Mumbai,387,"20,000",77.40 L
1 BHK Apartment,A Plus Golden VanVangani,Vangani,Mumbai,417,"25,000",1.04 Cr
1 BHK Apartment,Lashkaria PearlJogeshwari West,Jogeshwari West,Mumbai,333,"25,000",83.25 L
2 BHK Apartment,Royal PristoMalad East,Malad East,Mumbai,638,"20,000",1.28 Cr
1 BHK Apartment,Hirani Nehru Nagar Shree Ganesh Krupa CHS Ltd Bldg No 120Kurla,Kurla,Mumbai,425,"25,000",1.06 Cr
2 BHK Apartment,Nrose Northern HillsDahisar,Dahisar,Mumbai,623,"20,000",1.25 Cr
2 BHK Apartment,BG Shirke Parijat Hill ViewBorivali East,Borivali East,Mumbai,501,"16,000",80.16 L
2 BHK Apartment,S Square Rudraksh Heritage Wing A And Wing BMulund West,Mulund West,Mumbai,771,"25,000",1.93 Cr
3 BHK Apartment,Arihant Clan Aalishan Phase 1Kharghar,Kharghar,Mumbai,938,"12,000",1.13 Cr
1 BHK Apartment,Shantee Sunshine Green ParkVasai,Vasai,Mumbai,287,"8,000",22.96 L
3 BHK Apartment,Paradise Sai World EmpireKharghar,Kharghar,Mumbai,2215,"12,000",2.66 Cr
3 BHK Apartment,Sanghvi InfeniaSantacruz East,Santacruz East,Mumbai,778,"45,000",3.50 Cr
3 BHK Apartment,RKR Precious ImperialAmbernath East,Ambernath East,Mumbai,821,"25,000",2.05 Cr
1 BHK Apartment,Om GM Thakur CityPalghar,Palghar,Mumbai,565,"8,000",45.20 L
1 BHK Apartment,Royal HeritageVangani,Vangani,Mumbai,395,"25,000",98.75 L
1 BHK Apartment,Sai Shree Sai WoodsPalghar,Palghar,Mumbai,590,"8,000",47.20 L
1 BHK Apartment,Shreedham SplendourAndheri West,Andheri West,Mumbai,230,"35,000",80.50 L
1 BHK Apartment,Gold Plaza Rangari HeightsMazagaon,Mazagaon,Mumbai,425,"25,000",1.06 Cr
1 BHK Apartment,V K LAL VKLAL VISHNU PHASE IDahisar,Dahisar,Mumbai,396,"20,000",79.20 L
2 BHK Apartment,Unimont AurumKarjat,Karjat,Mumbai,755,"25,000",1.89 Cr
2 BHK Apartment,Neelkanth Valley IIKhopoli,Khopoli,Mumbai,428,"25,000",1.07 Cr
1 BHK Apartment,KP KrishnaGoregaon East,Goregaon East,Mumbai,485,"24,000",1.16 Cr
1 BHK Apartment,Jindal AvenuePanvel,Panvel,Mumbai,261,"10,000",26.10 L
1 BHK Apartment,Kalyan ViharKalyan West,Kalyan West,Mumbai,477,"10,000",47.70 L
2 BHK Apartment,Arihant Arihant EnclaveAndheri East,Andheri East,Mumbai,655,"28,000",1.83 Cr
1 BHK Apartment,Bombay CastleDronagiri,Dronagiri,Mumbai,428,"25,000",1.07 Cr
2 BHK Apartment,Shakuntala Shree Puram TownshipUmroli,Umroli,Mumbai,950,"25,000",2.38 Cr
1 BHK Apartment,Viva VedantaVirar,Virar,Mumbai,527,"5,000",26.35 L
1 BHK Apartment,Parijas ZenithKalyan East,Kalyan East,Mumbai,500,"9,000",45.00 L
1 BHK Apartment,Sai Shrushti VatikaThane West,Thane West,Mumbai,409,"18,000",73.62 L
2 BHK Apartment,Qualitas La LuxuriaShahapur,Shahapur,Mumbai,653,"25,000",1.63 Cr
1 BHK Apartment,Vardhan HeightsChembur,Chembur,Mumbai,320,"30,000",96.00 L
3 BHK Apartment,Riddhi Siddhi ImperialTaloja,Taloja,Mumbai,928,"25,000",2.32 Cr
1 BHK Apartment,Kiran Mansarovar ResidencyDombivali,Dombivali,Mumbai,410,"12,000",49.20 L
1 BHK Apartment,Sudarshan Sudarshan Lands EndMalad West,Malad West,Mumbai,469,"22,000",1.03 Cr
1 BHK Apartment,Sai Buildcon Lake View HeightsVasai,Vasai,Mumbai,575,"8,000",46.00 L
1 RK Studio Apartment,Anant ResidencyPanvel,Panvel,Mumbai,263,"10,000",26.30 L
1 BHK Apartment,Space Eternia Space Karjat,Karjat,Mumbai,427,"25,000",1.07 Cr
1 BHK Apartment,Vaastu AdarshUlwe,Ulwe,Mumbai,590,"9,000",53.10 L
1,,Badlapur East,Mumbai,525,"25,000",1.31 Cr
1 BHK Apartment,Sadguru NakshtraTitwala,Titwala,Mumbai,442,"25,000",1.10 Cr
1 BHK Apartment,Nexus ParkDiva,Diva,Mumbai,715,"24,000",1.72 Cr
2 BHK Apartment,Tajjodin Taj RegencyKamothe,Kamothe,Mumbai,628,"11,000",69.08 L
2 BHK Apartment,Raymond Raymond Realty TenX HabitatThane West,Thane West,Mumbai,515,"18,000",92.70 L
4 BHK Apartment,Shree Krupa Nandanvan Homes Building BThane West,Thane West,Mumbai,1300,"18,000",2.34 Cr
1 BHK Apartment,Dev Drashti Empire Phase 1Bhiwandi,Bhiwandi,Mumbai,740,"6,000",44.40 L
1 BHK Apartment,Sri Garden Avenue KVirar,Virar,Mumbai,445,"5,000",22.25 L
1 BHK Apartment,Roswalt RayDahisar,Dahisar,Mumbai,410,"20,000",82.00 L
1 BHK Apartment,Labdhi GardensNeral,Neral,Mumbai,321,"6,000",19.26 L
2 BHK Apartment,Konark Zen GardensKandivali West,Kandivali West,Mumbai,644,"24,000",1.55 Cr
2 BHK Apartment,Avant HillwayMalad East,Malad East,Mumbai,670,"20,000",1.34 Cr
2 BHK Apartment,Siddhivinayak AnayaDronagiri,Dronagiri,Mumbai,650,"25,000",1.62 Cr
3 BHK Apartment,Kalpataru WoodsvillePowai,Powai,Mumbai,1239,"38,000",4.71 Cr
2 BHK Apartment,The Goyal Dinaco Darshan CHSLDahisar,Dahisar,Mumbai,542,"20,000",1.08 Cr
2 BHK Apartment,Luv Concept RiversideTaloja,Taloja,Mumbai,585,"25,000",1.46 Cr
1 BHK Apartment,Today Belantara Rasayani,Rasayani,Mumbai,343,"7,000",24.01 L
2 BHK Apartment,Romell AllureBorivali East,Borivali East,Mumbai,567,"16,000",90.72 L
2 BHK Apartment,Thanekar CivicBadlapur West,Badlapur West,Mumbai,520,"7,000",36.40 L
2 BHK Apartment,RRB Satra HarmonyChembur,Chembur,Mumbai,522,"30,000",1.57 Cr
3 BHK Apartment,SHREE KRISHNA SangamChembur,Chembur,Mumbai,917,"30,000",2.75 Cr
1 BHK Apartment,Ekdanta 24 KaratKurla,Kurla,Mumbai,476,"25,000",1.19 Cr
3 BHK Apartment,Liberty Bay VueMalad West,Malad West,Mumbai,999,"22,000",2.20 Cr
1 BHK Apartment,Thalia Vrindavan FloraRasayani,Rasayani,Mumbai,320,"7,000",22.40 L
1 BHK Apartment,Puraniks City Sector 1Neral,Neral,Mumbai,329,"6,000",19.74 L
2 BHK Apartment,Aplite Greenstone HeritageFort,Fort,Mumbai,739,"55,000",4.06 Cr
3 BHK Apartment,Mahaavir PrideDombivali,Dombivali,Mumbai,917,"12,000",1.10 Cr
2 BHK Apartment,Lalani Velentine Apartment 1 Wing DMalad East,Malad East,Mumbai,592,"20,000",1.18 Cr
2 BHK Apartment,A Plus Golden VanVangani,Vangani,Mumbai,489,"25,000",1.22 Cr
1 BHK Apartment,Royal PristoMalad East,Malad East,Mumbai,435,"20,000",87.00 L
2 BHK Apartment,Hirani Nehru Nagar Shree Ganesh Krupa CHS Ltd Bldg No 120Kurla,Kurla,Mumbai,540,"25,000",1.35 Cr
R,,Thane West,Mumbai,1000,"18,000",1.80 Cr
2 BHK Apartment,Sadguru NakshtraTitwala,Titwala,Mumbai,598,"25,000",1.50 Cr
1 BHK Apartment,Nexus ParkDiva,Diva,Mumbai,699,"24,000",1.68 Cr
1 RK Studio Apartment,Nexus ParkDiva,Diva,Mumbai,465,"24,000",1.12 Cr
1 BHK Apartment,Nexus ParkDiva,Diva,Mumbai,713,"24,000",1.71 Cr
1 BHK Apartment,Tajjodin Taj RegencyKamothe,Kamothe,Mumbai,515,"11,000",56.65 L
2 BHK Apartment,Shree Krupa Nandanvan Homes Building BThane West,Thane West,Mumbai,679,"18,000",1.22 Cr
3 BHK Apartment,Shree Krupa Nandanvan Homes Building BThane West,Thane West,Mumbai,887,"18,000",1.60 Cr
2 BHK Apartment,Dev Drashti Empire Phase 1Bhiwandi,Bhiwandi,Mumbai,1045,"6,000",62.70 L
1 BHK Apartment,Dev Drashti Empire Phase 1Bhiwandi,Bhiwandi,Mumbai,690,"6,000",41.40 L
2 BHK Apartment,Dev Drashti Empire Phase 1Bhiwandi,Bhiwandi,Mumbai,1085,"6,000",65.10 L
2 BHK Apartment,Dev Drashti Empire Phase 1Bhiwandi,Bhiwandi,Mumbai,1060,"6,000",63.60 L
1 BHK Apartment,Dev Drashti Empire Phase 1Bhiwandi,Bhiwandi,Mumbai,795,"6,000",47.70 L
2 BHK Apartment,Sri Garden Avenue KVirar,Virar,Mumbai,692,"5,000",34.60 L
1 BHK Apartment,Sri Garden Avenue KVirar,Virar,Mumbai,487,"5,000",24.35 L
1 BHK Apartment,Roswalt RayDahisar,Dahisar,Mumbai,440,"20,000",88.00 L
2 BHK Apartment,Roswalt RayDahisar,Dahisar,Mumbai,650,"20,000",1.30 Cr
2 BHK Apartment,Raymond Raymond Realty TenX HabitatThane West,Thane West,Mumbai,644,"18,000",1.16 Cr
2 BHK Apartment,Nexus ParkDiva,Diva,Mumbai,936,"24,000",2.25 Cr
1 RK Studio Apartment,Nexus ParkDiva,Diva,Mumbai,445,"24,000",1.07 Cr
1 BHK Apartment,Labdhi GardensNeral,Neral,Mumbai,408,"6,000",24.48 L
1 BHK Apartment,Konark Zen GardensKandivali West,Kandivali West,Mumbai,398,"24,000",95.52 L
2 BHK Apartment,Konark Zen GardensKandivali West,Kandivali West,Mumbai,632,"24,000",1.52 Cr
2 BHK Apartment,Avant HillwayMalad East,Malad East,Mumbai,625,"20,000",1.25 Cr
2 BHK Apartment,Avant HillwayMalad East,Malad East,Mumbai,580,"20,000",1.16 Cr
2 BHK Apartment,Avant HillwayMalad East,Malad East,Mumbai,710,"20,000",1.42 Cr
2 BHK Apartment,Avant HillwayMalad East,Malad East,Mumbai,618,"20,000",1.24 Cr
2 BHK Apartment,Kalpataru WoodsvillePowai,Powai,Mumbai,770,"38,000",2.93 Cr
3 BHK Apartment,Kalpataru WoodsvillePowai,Powai,Mumbai,1232,"38,000",4.68 Cr
2 BHK Apartment,Kalpataru WoodsvillePowai,Powai,Mumbai,767,"38,000",2.91 Cr
1 BHK Apartment,The Goyal Dinaco Darshan CHSLDahisar,Dahisar,Mumbai,374,"20,000",74.80 L
1 BHK Apartment,The Goyal Dinaco Darshan CHSLDahisar,Dahisar,Mumbai,425,"20,000",85.00 L
1 BHK Apartment,The Goyal Dinaco Darshan CHSLDahisar,Dahisar,Mumbai,416,"20,000",83.20 L
1 BHK Apartment,The Goyal Dinaco Darshan CHSLDahisar,Dahisar,Mumbai,438,"20,000",87.60 L
1 BHK Apartment,Today Belantara Rasayani,Rasayani,Mumbai,302,"7,000",21.14 L
2 BHK Apartment,Today Belantara Rasayani,Rasayani,Mumbai,514,"7,000",35.98 L
2 BHK Apartment,Today Belantara Rasayani,Rasayani,Mumbai,455,"7,000",31.85 L
2 BHK Apartment,Today Belantara Rasayani,Rasayani,Mumbai,651,"7,000",45.57 L
2 BHK Apartment,Today Belantara Rasayani,Rasayani,Mumbai,568,"7,000",39.76 L
1 BHK Apartment,Today Belantara Rasayani,Rasayani,Mumbai,421,"7,000",29.47 L
1 BHK Apartment,Thanekar CivicBadlapur West,Badlapur West,Mumbai,368,"7,000",25.76 L
2 BHK Apartment,Thanekar CivicBadlapur West,Badlapur West,Mumbai,485,"7,000",33.95 L
2 BHK Apartment,RRB Satra HarmonyChembur,Chembur,Mumbai,834,"30,000",2.50 Cr
2 BHK Apartment,RRB Satra HarmonyChembur,Chembur,Mumbai,841,"30,000",2.52 Cr
2 BHK Apartment,RRB Satra HarmonyChembur,Chembur,Mumbai,825,"30,000",2.48 Cr
2 BHK Apartment,RRB Satra HarmonyChembur,Chembur,Mumbai,775,"30,000",2.33 Cr
2 BHK Apartment,RRB Satra HarmonyChembur,Chembur,Mumbai,528,"30,000",1.58 Cr
2 BHK Apartment,RRB Satra HarmonyChembur,Chembur,Mumbai,511,"30,000",1.53 Cr
2 BHK Apartment,RRB Satra HarmonyChembur,Chembur,Mumbai,739,"30,000",2.22 Cr
2 BHK Apartment,RRB Satra HarmonyChembur,Chembur,Mumbai,507,"30,000",1.52 Cr
2 BHK Apartment,RRB Satra HarmonyChembur,Chembur,Mumbai,506,"30,000",1.52 Cr
2 BHK Apartment,SHREE KRISHNA SangamChembur,Chembur,Mumbai,684,"30,000",2.05 Cr
2 BHK Apartment,SHREE KRISHNA SangamChembur,Chembur,Mumbai,617,"30,000",1.85 Cr
1 BHK Apartment,Ekdanta 24 KaratKurla,Kurla,Mumbai,447,"25,000",1.12 Cr
3 BHK Apartment,Liberty Bay VueMalad West,Malad West,Mumbai,1150,"22,000",2.53 Cr
1 BHK Apartment,Liberty Bay VueMalad West,Malad West,Mumbai,501,"22,000",1.10 Cr
2 BHK Apartment,Liberty Bay VueMalad West,Malad West,Mumbai,623,"22,000",1.37 Cr
2 BHK Apartment,Liberty Bay VueMalad West,Malad West,Mumbai,631,"22,000",1.39 Cr
2 BHK Apartment,Liberty Bay VueMalad West,Malad West,Mumbai,744,"22,000",1.64 Cr
3 BHK Apartment,Kalpataru Park RivieraPanvel,Panvel,Mumbai,868,"10,000",86.80 L
2 BHK Apartment,Kalpataru Park RivieraPanvel,Panvel,Mumbai,687,"10,000",68.70 L
2 BHK Apartment,Kalpataru Park RivieraPanvel,Panvel,Mumbai,636,"10,000",63.60 L
2 BHK Apartment,Kalpataru Park RivieraPanvel,Panvel,Mumbai,691,"10,000",69.10 L
2 BHK Apartment,Kalpataru Park RivieraPanvel,Panvel,Mumbai,674,"10,000",67.40 L
2 BHK Apartment,Kalpataru Park RivieraPanvel,Panvel,Mumbai,680,"10,000",68.00 L
2 BHK Apartment,Kalpataru Park RivieraPanvel,Panvel,Mumbai,631,"10,000",63.10 L
3 BHK Apartment,Kalpataru Park RivieraPanvel,Panvel,Mumbai,862,"10,000",86.20 L
2 BHK Apartment,Kalpataru Park RivieraPanvel,Panvel,Mumbai,682,"10,000",68.20 L
2 BHK Apartment,Kalpataru Park RivieraPanvel,Panvel,Mumbai,616,"10,000",61.60 L
1 BHK Apartment,Puraniks City Sector 1Neral,Neral,Mumbai,368,"6,000",22.08 L
2 BHK Apartment,SHREE KRISHNA PinnacleChembur,Chembur,Mumbai,735,"30,000",2.21 Cr
2 BHK Apartment,Siddhivinayak Siddhivinayak GauravTaloja,Taloja,Mumbai,990,"25,000",2.48 Cr
1 BHK Apartment,Siddhivinayak Siddhivinayak GauravTaloja,Taloja,Mumbai,695,"25,000",1.74 Cr
2 BHK Apartment,Mahaavir PrideDombivali,Dombivali,Mumbai,576,"12,000",69.12 L
2 BHK Apartment,Mahaavir PrideDombivali,Dombivali,Mumbai,576,"12,000",69.12 L
1 BHK Apartment,Mahaavir PrideDombivali,Dombivali,Mumbai,433,"12,000",51.96 L
1 BHK Apartment,Mahaavir PrideDombivali,Dombivali,Mumbai,433,"12,000",51.96 L
2 BHK Apartment,Mahaavir PrideDombivali,Dombivali,Mumbai,694,"12,000",83.28 L
2 BHK Apartment,Mahaavir PrideDombivali,Dombivali,Mumbai,694,"12,000",83.28 L
3 BHK Apartment,Varsha Balaji ParkKharghar,Kharghar,Mumbai,1835,"12,000",2.20 Cr
3 BHK Apartment,Varsha Balaji ParkKharghar,Kharghar,Mumbai,1835,"12,000",2.20 Cr
3 BHK Apartment,Varsha Balaji ParkKharghar,Kharghar,Mumbai,1835,"12,000",2.20 Cr
3 BHK Apartment,Varsha Balaji ParkKharghar,Kharghar,Mumbai,1835,"12,000",2.20 Cr
2 BHK Apartment,Varsha Balaji ParkKharghar,Kharghar,Mumbai,1245,"12,000",1.49 Cr
2 BHK Apartment,Varsha Balaji ParkKharghar,Kharghar,Mumbai,1245,"12,000",1.49 Cr
3 BHK Apartment,Varsha Balaji ParkKharghar,Kharghar,Mumbai,1745,"12,000",2.09 Cr
3 BHK Apartment,Varsha Balaji ParkKharghar,Kharghar,Mumbai,1745,"12,000",2.09 Cr
2 BHK Apartment,Varsha Balaji ParkKharghar,Kharghar,Mumbai,1335,"12,000",1.60 Cr
2 BHK Apartment,Varsha Balaji ParkKharghar,Kharghar,Mumbai,1335,"12,000",1.60 Cr
2 BHK Apartment,Thalia Vrindavan FloraRasayani,Rasayani,Mumbai,542,"7,000",37.94 L
1 BHK Apartment,Kalpataru Vivant South Wing BAndheri East,Andheri East,Mumbai,424,"28,000",1.19 Cr
2 BHK Apartment,Thalia Vrindavan FloraRasayani,Rasayani,Mumbai,451,"7,000",31.57 L
1 BHK Apartment,Thalia Vrindavan FloraRasayani,Rasayani,Mumbai,330,"7,000",23.10 L
1 BHK Apartment,Thalia Vrindavan FloraRasayani,Rasayani,Mumbai,326,"7,000",22.82 L
2 BHK Apartment,Thalia Vrindavan FloraRasayani,Rasayani,Mumbai,513,"7,000",35.91 L
2 BHK Apartment,Lalani Velentine Apartment 1 Wing DMalad East,Malad East,Mumbai,613,"20,000",1.23 Cr
1 BHK Apartment,Lalani Velentine Apartment 1 Wing DMalad East,Malad East,Mumbai,405,"20,000",81.00 L
1 RK Studio Apartment,A Plus Golden VanVangani,Vangani,Mumbai,241,"25,000",60.25 L
2 BHK Apartment,A Plus Golden VilleBadlapur West,Badlapur West,Mumbai,770,"7,000",53.90 L
2 BHK Apartment,A Plus Golden VilleBadlapur West,Badlapur West,Mumbai,790,"7,000",55.30 L
1 BHK Apartment,A Plus Golden VilleBadlapur West,Badlapur West,Mumbai,540,"7,000",37.80 L
1 BHK Apartment,A Plus Golden VilleBadlapur West,Badlapur West,Mumbai,605,"7,000",42.35 L
1 BHK Apartment,A Plus Golden VilleBadlapur West,Badlapur West,Mumbai,430,"7,000",30.10 L
2 BHK Apartment,Royal PristoMalad East,Malad East,Mumbai,646,"20,000",1.29 Cr
1 BHK Apartment,Royal PristoMalad East,Malad East,Mumbai,323,"20,000",64.60 L
2 BHK Apartment,Hirani Nehru Nagar Shree Ganesh Krupa CHS Ltd Bldg No 120Kurla,Kurla,Mumbai,595,"25,000",1.49 Cr
1 BHK Apartment,Hirani Nehru Nagar Shree Ganesh Krupa CHS Ltd Bldg No 120Kurla,Kurla,Mumbai,418,"25,000",1.04 Cr
2 BHK Apartment,Hirani Nehru Nagar Shree Ganesh Krupa CHS Ltd Bldg No 120Kurla,Kurla,Mumbai,584,"25,000",1.46 Cr
1 BHK Apartment,Hirani ShantidhamVikhroli,Vikhroli,Mumbai,444,"28,000",1.24 Cr
1 BHK Apartment,Hirani ShantidhamVikhroli,Vikhroli,Mumbai,390,"28,000",1.09 Cr
1 BHK Apartment,Hirani ShantidhamVikhroli,Vikhroli,Mumbai,408,"28,000",1.14 Cr
3 BHK Apartment,Nrose Northern HillsDahisar,Dahisar,Mumbai,1093,"20,000",2.19 Cr
2 BHK Apartment,Nrose Northern HillsDahisar,Dahisar,Mumbai,701,"20,000",1.40 Cr
1 BHK Apartment,BG Shirke Parijat Hill ViewBorivali East,Borivali East,Mumbai,437,"16,000",69.92 L
2 BHK Apartment,BG Shirke Parijat Hill ViewBorivali East,Borivali East,Mumbai,619,"16,000",99.04 L
1 BHK Apartment,BG Shirke Parijat Hill ViewBorivali East,Borivali East,Mumbai,434,"16,000",69.44 L
1 BHK Apartment,BG Shirke Parijat Hill ViewBorivali East,Borivali East,Mumbai,385,"16,000",61.60 L
1 BHK Apartment,B G Shirke Teenmurty SummitBorivali East,Borivali East,Mumbai,477,"16,000",76.32 L
1 BHK Apartment,B G Shirke Teenmurty SummitBorivali East,Borivali East,Mumbai,584,"16,000",93.44 L
2 BHK Apartment,B G Shirke Teenmurty SummitBorivali East,Borivali East,Mumbai,712,"16,000",1.14 Cr
2 BHK Apartment,B G Shirke Teenmurty SummitBorivali East,Borivali East,Mumbai,871,"16,000",1.39 Cr
1 RK Studio Apartment,A Plus Golden CornerBadlapur West,Badlapur West,Mumbai,502,"7,000",35.14 L
1 BHK Apartment,A Plus Golden CornerBadlapur West,Badlapur West,Mumbai,635,"7,000",44.45 L
1 BHK Apartment,A Plus Golden CornerBadlapur West,Badlapur West,Mumbai,535,"7,000",37.45 L
1 BHK Apartment,A Plus Golden CornerBadlapur West,Badlapur West,Mumbai,565,"7,000",39.55 L
1 RK Studio Apartment,A Plus Golden CornerBadlapur West,Badlapur West,Mumbai,380,"7,000",26.60 L
3 BHK Apartment,S Square Rudraksh Heritage Wing A And Wing BMulund West,Mulund West,Mumbai,1292,"25,000",3.23 Cr
2 BHK Apartment,S Square Rudraksh Heritage Wing A And Wing BMulund West,Mulund West,Mumbai,758,"25,000",1.90 Cr
1 BHK Apartment,A Plus Golden VedaBadlapur West,Badlapur West,Mumbai,345,"7,000",24.15 L
1 BHK Apartment,A Plus Golden VedaBadlapur West,Badlapur West,Mumbai,352,"7,000",24.64 L
1 BHK Apartment,A Plus Golden VedaBadlapur West,Badlapur West,Mumbai,294,"7,000",20.58 L
1 BHK Apartment,A Plus Golden VedaBadlapur West,Badlapur West,Mumbai,366,"7,000",25.62 L
1 BHK Apartment,A Plus Golden VedaBadlapur West,Badlapur West,Mumbai,333,"7,000",23.31 L
1 BHK Apartment,A Plus Golden VedaBadlapur West,Badlapur West,Mumbai,358,"7,000",25.06 L
1 BHK Apartment,A Plus Golden VedaBadlapur West,Badlapur West,Mumbai,372,"7,000",26.04 L
1 BHK Apartment,A Plus Golden VedaBadlapur West,Badlapur West,Mumbai,380,"7,000",26.60 L
1 BHK Apartment,B G Shirke Monte Verita North AnnexeBorivali East,Borivali East,Mumbai,380,"16,000",60.80 L
2 BHK Apartment,B G Shirke Monte Verita North AnnexeBorivali East,Borivali East,Mumbai,764,"16,000",1.22 Cr
2 BHK Apartment,Arihant Clan Aalishan Phase 1Kharghar,Kharghar,Mumbai,708,"12,000",84.96 L
3 BHK Apartment,Arihant Clan Aalishan Phase 1Kharghar,Kharghar,Mumbai,923,"12,000",1.11 Cr
2 BHK Apartment,Arihant Clan Aalishan Phase 1Kharghar,Kharghar,Mumbai,694,"12,000",83.28 L
1 BHK Apartment,Shantee Sunshine Green ParkVasai,Vasai,Mumbai,401,"8,000",32.08 L
1 BHK Apartment,Shantee Sunshine Green ParkVasai,Vasai,Mumbai,440,"8,000",35.20 L
1 BHK Apartment,Shantee Sunshine Green ParkVasai,Vasai,Mumbai,334,"8,000",26.72 L
1 BHK Apartment,Shantee Sunshine Green ParkVasai,Vasai,Mumbai,383,"8,000",30.64 L
2 BHK Apartment,Paradise Sai World EmpireKharghar,Kharghar,Mumbai,1275,"12,000",1.53 Cr
3 BHK Apartment,Paradise Sai World EmpireKharghar,Kharghar,Mumbai,1875,"12,000",2.25 Cr
2 BHK Apartment,Paradise Sai World EmpireKharghar,Kharghar,Mumbai,1415,"12,000",1.70 Cr
4 BHK Apartment,Paradise Sai World EmpireKharghar,Kharghar,Mumbai,3295,"12,000",3.95 Cr
3 BHK Apartment,Paradise Sai World EmpireKharghar,Kharghar,Mumbai,1890,"12,000",2.27 Cr
3 BHK Apartment,Paradise Sai World EmpireKharghar,Kharghar,Mumbai,1855,"12,000",2.23 Cr
3 BHK Apartment,Paradise Sai World EmpireKharghar,Kharghar,Mumbai,2025,"12,000",2.43 Cr
2 BHK Apartment,Paradise Sai World EmpireKharghar,Kharghar,Mumbai,1400,"12,000",1.68 Cr
4 BHK Apartment,Paradise Sai World EmpireKharghar,Kharghar,Mumbai,3405,"12,000",4.09 Cr
2 BHK Apartment,RKR Precious ImperialAmbernath East,Ambernath East,Mumbai,662,"25,000",1.66 Cr
1 BHK Apartment,RKR Precious ImperialAmbernath East,Ambernath East,Mumbai,438,"25,000",1.09 Cr
1 BHK Apartment,Shantee Sunshine Green ParkVasai,Vasai,Mumbai,280,"8,000",22.40 L
1 BHK Apartment,Shantee Sunshine Green ParkVasai,Vasai,Mumbai,278,"8,000",22.24 L
1 BHK Apartment,Royal HeritageVangani,Vangani,Mumbai,410,"25,000",1.02 Cr
1 BHK Apartment,Sai Shree Sai WoodsPalghar,Palghar,Mumbai,550,"8,000",44.00 L
2 BHK Apartment,Sai Shree Sai WoodsPalghar,Palghar,Mumbai,760,"8,000",60.80 L
1 BHK Apartment,Shree Karma HeightsVasai,Vasai,Mumbai,685,"8,000",54.80 L
2 BHK Apartment,Shree Karma HeightsVasai,Vasai,Mumbai,1100,"8,000",88.00 L
3,,Dombivali East,Mumbai,1595,"12,000",1.91 Cr
2 BHK Apartment,Reputed Builder Swapna ShilpaNo41Chembur,Chembur,Mumbai,570,"30,000",1.71 Cr
1 BHK Apartment,PNK Poonam Sagar ComplexMira Road East,Mira Road East,Mumbai,580,"12,000",69.60 L
2,,Badlapur East,Mumbai,1000,"25,000",2.50 Cr
1 BHK Apartment,Chandiwala Pearl HeightAndheri West,Andheri West,Mumbai,534,"35,000",1.87 Cr
1 BHK Apartment,Reputed Builder Shiv KalaVasai east,Vasai east,Mumbai,555,"7,000",38.85 L
5 BHK Independent Floor,Reputed Builder Wild Wood Park 2Andheri West,Andheri West,Mumbai,1601,"35,000",5.60 Cr
1 BHK Apartment,Reputed Builder Wild Wood Park 2Andheri West,Andheri West,Mumbai,651,"35,000",2.28 Cr
5 BHK Independent Floor,Reputed Builder Wild Wood Park 2Andheri West,Andheri West,Mumbai,1601,"35,000",5.60 Cr
1 BHK Apartment,Shreedham SplendourAndheri West,Andheri West,Mumbai,246,"35,000",86.10 L
1 BHK Apartment,Shreedham SplendourAndheri West,Andheri West,Mumbai,503,"35,000",1.76 Cr
1 BHK Apartment,Shreedham SplendourAndheri West,Andheri West,Mumbai,514,"35,000",1.80 Cr
1 BHK Apartment,Shreedham SplendourAndheri West,Andheri West,Mumbai,323,"35,000",1.13 Cr
1 BHK Apartment,Shreedham SplendourAndheri West,Andheri West,Mumbai,237,"35,000",82.95 L
1 BHK Apartment,Shreedham SplendourAndheri West,Andheri West,Mumbai,275,"35,000",96.25 L
1 BHK Apartment,Shreedham SplendourAndheri West,Andheri West,Mumbai,216,"35,000",75.60 L
1,,Neral,Mumbai,460,"6,000",27.60 L
1 RK Studio Apartment,Nirmiti Rajmata ComplexBhiwandi,Bhiwandi,Mumbai,300,"6,000",18.00 L
1 BHK Apartment,Nirvana Wollywood Phase IIIWada,Wada,Mumbai,507,"35,000",1.77 Cr
2,,Dadar East,Mumbai,750,"45,000",3.38 Cr
1,,Colaba,Mumbai,635,"25,000",1.59 Cr
2 BHK Apartment,Marathon GalaxyMulund West,Mulund West,Mumbai,978,"25,000",2.44 Cr
2 BHK Apartment,Mahadev Mahadev ComplexMira Road East,Mira Road East,Mumbai,810,"12,000",97.20 L
2,,Panvel,Mumbai,887,"10,000",88.70 L
1,,Badlapur West,Mumbai,387,"7,000",27.09 L
1 BHK Apartment,Arihant ResidencySion,Sion,Mumbai,662,"30,000",1.99 Cr
2,,Santosh Nagar,Mumbai,860,"25,000",2.15 Cr
1,,Virar East,Mumbai,560,"4,500",25.20 L
2 BHK Apartment,Poddar Samruddhi EvergreensBadlapur East,Badlapur East,Mumbai,865,"25,000",2.16 Cr
1,,Agripada,Mumbai,765,"25,000",1.91 Cr
1,,Panvel,Mumbai,630,"10,000",63.00 L
3,,Gorai,Mumbai,2250,"25,000",5.62 Cr
1 BHK Apartment,Aries Aries Vangani HeightVangani,Vangani,Mumbai,450,"25,000",1.12 Cr
1,,Virar West,Mumbai,550,"5,000",27.50 L
1 BHK Apartment,Reputed Builder Wild Wood Park 2Andheri West,Andheri West,Mumbai,651,"35,000",2.28 Cr
1 BHK Apartment,Raja Tirupati Balaji TowersSantacruz West,Santacruz West,Mumbai,600,"60,000",3.60 Cr
1 BHK Apartment,Reputed Builder Wild Wood Park 2Andheri West,Andheri West,Mumbai,651,"35,000",2.28 Cr
2,,Kalwa,Mumbai,535,"25,000",1.34 Cr
2,,Kalyan West,Mumbai,825,"10,000",82.50 L
6 BHK Independent Floor,Reputed Builder Vasu KamalPowai,Powai,Mumbai,2002,"38,000",7.61 Cr
3 BHK Independent Floor,Reputed Builder Vasu KamalPowai,Powai,Mumbai,2000,"38,000",7.60 Cr
2,,Goregaon East,Mumbai,854,"24,000",2.05 Cr
1 BHK Apartment,Umiya Jewel VistaBadlapur West,Badlapur West,Mumbai,695,"7,000",48.65 L
1 BHK Apartment,V K LAL VKLAL VISHNU PHASE IDahisar,Dahisar,Mumbai,420,"20,000",84.00 L
1 BHK Apartment,V K LAL VKLAL VISHNU PHASE IDahisar,Dahisar,Mumbai,394,"20,000",78.80 L
1 BHK Apartment,V K LAL VKLAL VISHNU PHASE IDahisar,Dahisar,Mumbai,316,"20,000",63.20 L
3 BHK Apartment,Rashmi HeightsNala Sopara,Nala Sopara,Mumbai,1275,"25,000",3.19 Cr
1,,Hendre Pada,Mumbai,387,"25,000",96.75 L
1,,Vasai West,Mumbai,560,"8,000",44.80 L
1 BHK Apartment,Wadhwa Evergreen HeightsThane West,Thane West,Mumbai,680,"18,000",1.22 Cr
1,,Mazgaon,Mumbai,350,"25,000",87.50 L
1,,Ulwe,Mumbai,385,"9,000",34.65 L
1,,Belapur,Mumbai,550,"16,000",88.00 L
1 BHK Apartment,RKR HarmonyBadlapur East,Badlapur East,Mumbai,725,"25,000",1.81 Cr
3 BHK Independent House,Mahada BungalowsBorivali West,Borivali West,Mumbai,780,"18,000",1.40 Cr
2 BHK Apartment,Platinum Balaji KalashNerul,Nerul,Mumbai,1150,"15,000",1.73 Cr
1 BHK Apartment,V K LAL VKLAL HARI PHASE IDahisar,Dahisar,Mumbai,413,"20,000",82.60 L
1 BHK Apartment,V K LAL VKLAL HARI PHASE IDahisar,Dahisar,Mumbai,353,"20,000",70.60 L
1 BHK Apartment,V K LAL VKLAL HARI PHASE IDahisar,Dahisar,Mumbai,390,"20,000",78.00 L
1 BHK Apartment,V K LAL VKLAL HARI PHASE IDahisar,Dahisar,Mumbai,406,"20,000",81.20 L
1 BHK Apartment,V K LAL VKLAL HARI PHASE IDahisar,Dahisar,Mumbai,332,"20,000",66.40 L
2 BHK Apartment,Lodha Palava Lakeshore GreensDombivali,Dombivali,Mumbai,980,"12,000",1.18 Cr
1,,Andheri East,Mumbai,275,"28,000",77.00 L
1 BHK Apartment,Reputed Builder Krishna NagariBorivali West,Borivali West,Mumbai,520,"18,000",93.60 L
1,,Kumbharkhan Pada,Mumbai,565,"25,000",1.41 Cr
2,,Mulund West,Mumbai,500,"25,000",1.25 Cr
1,,Badlapur East,Mumbai,650,"25,000",1.62 Cr
1 BHK Apartment,Braj CityMahim,Mahim,Mumbai,600,"48,000",2.88 Cr
1 BHK Apartment,Unimont AurumKarjat,Karjat,Mumbai,410,"25,000",1.02 Cr
2 BHK Apartment,Unimont AurumKarjat,Karjat,Mumbai,735,"25,000",1.84 Cr
2 BHK Apartment,Unimont AurumKarjat,Karjat,Mumbai,840,"25,000",2.10 Cr
1 BHK Apartment,Unimont AurumKarjat,Karjat,Mumbai,460,"25,000",1.15 Cr
1 BHK Apartment,Unimont AurumKarjat,Karjat,Mumbai,435,"25,000",1.09 Cr
1 BHK Apartment,Unimont AurumKarjat,Karjat,Mumbai,490,"25,000",1.23 Cr
1 BHK Apartment,Unimont AurumKarjat,Karjat,Mumbai,530,"25,000",1.32 Cr
2 BHK Apartment,Unimont AurumKarjat,Karjat,Mumbai,780,"25,000",1.95 Cr
2 BHK Apartment,Neelkanth Valley IIKhopoli,Khopoli,Mumbai,428,"25,000",1.07 Cr
1 BHK Apartment,Neelkanth Valley IIKhopoli,Khopoli,Mumbai,237,"25,000",59.25 L
3 BHK Villa,Aditya Creations The Ocean Homes The PearlPalghar,Palghar,Mumbai,1450,"8,000",1.16 Cr
1,,Borivali West,Mumbai,515,"18,000",92.70 L
1 BHK Apartment,Mahindra Mahindra ParkGhatkopar West,Ghatkopar West,Mumbai,540,"32,000",1.73 Cr
1,,Khadawali,Mumbai,250,"25,000",62.50 L
1,,Mulund East,Mumbai,264,"23,000",60.72 L
1,,Dombivali East,Mumbai,380,"12,000",45.60 L
1 BHK Apartment,Reputed Builder Arjuna Park CHSThane West,Thane West,Mumbai,750,"18,000",1.35 Cr
2,,Kalamboli,Mumbai,900,"25,000",2.25 Cr
1 BHK Apartment,Satyam Samruddhi ApartmentKaranjade,Karanjade,Mumbai,600,"25,000",1.50 Cr
2 BHK Apartment,Runwal Runwal Forests Tower 9 To 11Kanjurmarg,Kanjurmarg,Mumbai,676,"25,000",1.69 Cr
2 BHK Apartment,Lodha Upper ThaneAnjurdive,Anjurdive,Mumbai,830,"25,000",2.08 Cr
R,,Thane West,Mumbai,2088,"18,000",3.76 Cr
R,,Shahapur,Mumbai,2088,"25,000",5.22 Cr
3 BHK Apartment,Jay ComplexNavade,Navade,Mumbai,1505,"25,000",3.76 Cr
1 BHK Apartment,Reputed Builder Sai Pratik CHSAiroli,Airoli,Mumbai,660,"14,000",92.40 L
1,,Karanjade,Mumbai,600,"25,000",1.50 Cr
1 BHK Apartment,Reputed Builder Vraj VillaGhatkopar West,Ghatkopar West,Mumbai,540,"32,000",1.73 Cr
1,,matunga east,Mumbai,350,"50,000",1.75 Cr
2,,Vichumbe,Mumbai,960,"25,000",2.40 Cr
1,,Andheri East,Mumbai,650,"28,000",1.82 Cr
1 BHK Apartment,Sethia Sea ViewGoregaon West,Goregaon West,Mumbai,450,"26,000",1.17 Cr
1 BHK Apartment,Shri Adiraj Nayan ParadiseNala Sopara,Nala Sopara,Mumbai,690,"25,000",1.73 Cr
1,,Bhangarwadi,Mumbai,674,"25,000",1.69 Cr
2 BHK Apartment,N Rose Northern HeightsDahisar,Dahisar,Mumbai,425,"20,000",85.00 L
2 BHK Apartment,Ekta WestBayBandra West,Bandra West,Mumbai,790,"85,000",6.71 Cr
1 BHK Apartment,Shreyash ResidencyUlwe,Ulwe,Mumbai,550,"9,000",49.50 L
2,,Borivali West,Mumbai,1151,"18,000",2.07 Cr
1,,Karanjade,Mumbai,660,"25,000",1.65 Cr
1,,Dombivali East,Mumbai,385,"12,000",46.20 L
2,,Mira Road East,Mumbai,800,"12,000",96.00 L
1,,Mandvi,Mumbai,270,"25,000",67.50 L
1 BHK Apartment,Ravi Gaurav ValleyMira Road East,Mira Road East,Mumbai,850,"12,000",1.02 Cr
2 BHK Apartment,Rachana Yash EnclaveDombivali,Dombivali,Mumbai,950,"12,000",1.14 Cr
2,,Kalyan West,Mumbai,830,"10,000",83.00 L
1,,Virar West,Mumbai,540,"5,000",27.00 L
1 BHK Apartment,Reputed Builder Orchid TowerKamathipura,Fort,Mumbai,890,"55,000",4.89 Cr
1 BHK Apartment,Unimont AurumKarjat,Karjat,Mumbai,500,"25,000",1.25 Cr
1,,Neral,Mumbai,470,"6,000",28.20 L
1,,Neral,Mumbai,410,"6,000",24.60 L
2 BHK Apartment,Reputed Builder Horizon FloraMulund West,Mulund West,Mumbai,1000,"25,000",2.50 Cr
2 BHK Apartment,Hiranandani MeadowsThane West,Thane West,Mumbai,1050,"18,000",1.89 Cr
2,,Malad West,Mumbai,1050,"22,000",2.31 Cr
1,,Malad West,Mumbai,580,"22,000",1.28 Cr
1,,Borivali West,Mumbai,560,"18,000",1.01 Cr
1,,Goregaon West,Mumbai,570,"26,000",1.48 Cr
1 BHK Apartment,Reputed Builder Gokul VillageMira Road East,Mira Road East,Mumbai,575,"12,000",69.00 L
1,,Nalasopara West,Mumbai,350,"6,000",21.00 L
1 BHK Apartment,Unique Estate MumbaiMira Road East,Mira Road East,Mumbai,740,"12,000",88.80 L
3 BHK Apartment,Unique The EmpressMira Road East,Mira Road East,Mumbai,1565,"12,000",1.88 Cr
2 BHK Apartment,Atul Blue Orbit Phase 3Malad West,Malad West,Mumbai,1080,"22,000",2.38 Cr
3 BHK Apartment,KUL CourtSantacruz East,Santacruz East,Mumbai,1500,"45,000",6.75 Cr
3,,Panvel,Mumbai,1355,"10,000",1.35 Cr
5 BHK Independent Floor,Reputed Builder Wild Wood Park 2Andheri West,Andheri West,Mumbai,1601,"35,000",5.60 Cr
1 BHK Apartment,Reputed Builder Wild Wood Park 2Andheri West,Andheri West,Mumbai,651,"35,000",2.28 Cr
5 BHK Independent Floor,Reputed Builder Wild Wood Park 2Andheri West,Andheri West,Mumbai,1601,"35,000",5.60 Cr
1 BHK Apartment,Reputed Builder Wild Wood Park 2Andheri West,Andheri West,Mumbai,651,"35,000",2.28 Cr
2 BHK Apartment,Sunrise Kasturi GardenBhayandar West,Bhayandar West,Mumbai,960,"25,000",2.40 Cr
2 BHK Apartment,KP KrishnaGoregaon East,Goregaon East,Mumbai,666,"24,000",1.60 Cr
1 BHK Apartment,Jindal AvenuePanvel,Panvel,Mumbai,261,"10,000",26.10 L
2 BHK Apartment,Swaraj Homes Umiya KiranKamothe,Kamothe,Mumbai,1093,"11,000",1.20 Cr
1,,Thane West,Mumbai,600,"18,000",1.08 Cr
1,,Powai,Mumbai,355,"38,000",1.35 Cr
1 BHK Apartment,Shivam Prathamesh TowersThane West,Thane West,Mumbai,600,"18,000",1.08 Cr
1,,Boisar,Mumbai,650,"25,000",1.62 Cr
2 BHK Apartment,Reputed Builder Flight ViewSantacruz East,Santacruz East,Mumbai,854,"45,000",3.84 Cr
1,,Dombivali East,Mumbai,550,"12,000",66.00 L
2,,Kalyan West,Mumbai,830,"10,000",83.00 L
2 BHK Apartment,Godrej HillKalyan West,Kalyan West,Mumbai,830,"10,000",83.00 L
2,,Kalwa,Mumbai,575,"25,000",1.44 Cr
1,,Dharamveer Nagar,Mumbai,380,"25,000",95.00 L
2,,Nerul,Mumbai,1098,"15,000",1.65 Cr
1 BHK Apartment,Neelkanth Valley IIKhopoli,Khopoli,Mumbai,294,"25,000",73.50 L
2 BHK Apartment,Neelkanth Valley IIKhopoli,Khopoli,Mumbai,436,"25,000",1.09 Cr
1,,Kalwa,Mumbai,450,"25,000",1.12 Cr
2 BHK Apartment,Shree Tirupati Avenue 14Dadar East,Dadar East,Mumbai,950,"45,000",4.28 Cr
4 BHK Apartment,Reputed Builder Jawaharban CHSAndheri West,Andheri West,Mumbai,3000,"35,000",10.50 Cr
1 BHK Apartment,Rashmi Swastik NagarBhayandar East,Bhayandar East,Mumbai,500,"25,000",1.25 Cr
1,,Diva Gaon,Mumbai,590,"25,000",1.48 Cr
4 BHK Apartment,Runwal Forest Tower 5 To 8Kanjurmarg,Kanjurmarg,Mumbai,1100,"25,000",2.75 Cr
1,,Parel,Mumbai,250,"90,000",2.25 Cr
1,,Chembur,Mumbai,500,"30,000",1.50 Cr
1 BHK Apartment,Devnani CVIIChembur,Chembur,Mumbai,410,"30,000",1.23 Cr
1 BHK Apartment,Reputed Builder Shiv Darshan CHSSanpada,Sanpada,Mumbai,655,"25,000",1.64 Cr
1,,Ulwe,Mumbai,505,"9,000",45.45 L
1,,Karanjade,Mumbai,651,"25,000",1.63 Cr
1,,Vasai West,Mumbai,554,"8,000",44.32 L
1,,Khopoli,Mumbai,615,"25,000",1.54 Cr
2 BHK Apartment,Reputed Builder Satellite Classic CHSJogeshwari East,Jogeshwari East,Mumbai,650,"25,000",1.62 Cr
2 BHK Apartment,Reputed Builder kailash HeightsKamothe,Kamothe,Mumbai,1150,"11,000",1.26 Cr
2,,Kalyan West,Mumbai,1100,"10,000",1.10 Cr
2 BHK Apartment,Sanghvi InfeniaSantacruz East,Santacruz East,Mumbai,602,"45,000",2.71 Cr
2 BHK Apartment,Sanghvi InfeniaSantacruz East,Santacruz East,Mumbai,579,"45,000",2.61 Cr
1 BHK Apartment,Reputed Builder Shree Krishna DarshanKalwa,Kalwa,Mumbai,575,"25,000",1.44 Cr
1 BHK Apartment,Eeshan White RoseThane West,Thane West,Mumbai,550,"18,000",99.00 L
1 BHK Apartment,Reputed Builder Gaurav Enclave ApartmentMulund West,Mulund West,Mumbai,501,"25,000",1.25 Cr
1,,Girgaon,Mumbai,570,"25,000",1.43 Cr
2,,Sion,Mumbai,811,"30,000",2.43 Cr
1,,Nerul,Mumbai,590,"15,000",88.50 L
2,,Kandivali West,Mumbai,650,"24,000",1.56 Cr
1 BHK Apartment,Kalyan ViharKalyan West,Kalyan West,Mumbai,477,"10,000",47.70 L
1 BHK Apartment,Kalyan ViharKalyan West,Kalyan West,Mumbai,477,"10,000",47.70 L
1 BHK Apartment,Kalyan ViharKalyan West,Kalyan West,Mumbai,384,"10,000",38.40 L
1 BHK Apartment,Kalyan ViharKalyan West,Kalyan West,Mumbai,477,"10,000",47.70 L
1 BHK Apartment,Kalyan ViharKalyan West,Kalyan West,Mumbai,384,"10,000",38.40 L
1 BHK Apartment,Kalyan ViharKalyan West,Kalyan West,Mumbai,384,"10,000",38.40 L
1 BHK Apartment,Kalyan ViharKalyan West,Kalyan West,Mumbai,384,"10,000",38.40 L
R,,Belondakhar,Mumbai,1089,"25,000",2.72 Cr
1,,Goregaon East,Mumbai,450,"24,000",1.08 Cr
1 BHK Apartment,Sethia Green ViewGoregaon West,Goregaon West,Mumbai,600,"26,000",1.56 Cr
1 BHK Apartment,Balaji Shiv HeightsDombivali,Dombivali,Mumbai,515,"12,000",61.80 L
1,,Belapur,Mumbai,700,"16,000",1.12 Cr
1 BHK Apartment,SS Balaji KrishnaDombivali,Dombivali,Mumbai,671,"12,000",80.52 L
1 RK Studio Apartment,Cidco FAM CHSKoper Khairane,Koper Khairane,Mumbai,338,"25,000",84.50 L
2,,Mira Road East,Mumbai,800,"12,000",96.00 L
1,,Kharghar,Mumbai,600,"12,000",72.00 L
2,,Kharghar,Mumbai,1100,"12,000",1.32 Cr
1,,Kharghar,Mumbai,635,"12,000",76.20 L
1 BHK Apartment,Arihant Arihant EnclaveAndheri East,Andheri East,Mumbai,443,"28,000",1.24 Cr
1 BHK Apartment,Arihant Arihant EnclaveAndheri East,Andheri East,Mumbai,446,"28,000",1.25 Cr
1,,Bhiwandi,Mumbai,600,"6,000",36.00 L
1,,Dombivli (West),Mumbai,525,"25,000",1.31 Cr
2 BHK Apartment,Arkade ArtMira Road East,Mira Road East,Mumbai,1230,"12,000",1.48 Cr
1 BHK Apartment,Bombay CastleDronagiri,Dronagiri,Mumbai,444,"25,000",1.11 Cr
2 BHK Apartment,Bombay CastleDronagiri,Dronagiri,Mumbai,561,"25,000",1.40 Cr
2 BHK Apartment,Bombay CastleDronagiri,Dronagiri,Mumbai,624,"25,000",1.56 Cr
R,,Boisar,Mumbai,3267,"25,000",8.17 Cr
1 BHK Apartment,Shakuntala Shree Puram TownshipUmroli,Umroli,Mumbai,670,"25,000",1.68 Cr
1 BHK Apartment,Shakuntala Shree Puram TownshipUmroli,Umroli,Mumbai,500,"25,000",1.25 Cr
1 BHK Apartment,Shakuntala Shree Puram TownshipUmroli,Umroli,Mumbai,600,"25,000",1.50 Cr
1 BHK Apartment,Shakuntala Shree Puram TownshipUmroli,Umroli,Mumbai,650,"25,000",1.62 Cr
2 BHK Apartment,Shakuntala Shree Puram TownshipUmroli,Umroli,Mumbai,930,"25,000",2.33 Cr
1,,Dombivali East,Mumbai,560,"12,000",67.20 L
1 RK Studio Apartment,Raj Mandir ComplexMira Road East,Mira Road East,Mumbai,400,"12,000",48.00 L
1 BHK Apartment,Viva VedantaVirar,Virar,Mumbai,460,"5,000",23.00 L
1 BHK Apartment,Viva VedantaVirar,Virar,Mumbai,424,"5,000",21.20 L
1 BHK Apartment,Viva VedantaVirar,Virar,Mumbai,513,"5,000",25.65 L
2 BHK Apartment,Viva VedantaVirar,Virar,Mumbai,566,"5,000",28.30 L
1 BHK Apartment,Parijas ZenithKalyan East,Kalyan East,Mumbai,483,"9,000",43.47 L
1,,Taloje,Mumbai,640,"25,000",1.60 Cr
1,,Ulwe,Mumbai,635,"9,000",57.15 L
R,,Karjat,Mumbai,5850,"25,000",14.62 Cr
R,,Ulwe,Mumbai,1000,"9,000",90.00 L
1 RK Studio Apartment,Sai Shrushti VatikaThane West,Thane West,Mumbai,270,"18,000",48.60 L
1,,Bhiwandi,Mumbai,525,"6,000",31.50 L
1 BHK Apartment,Qualitas La LuxuriaShahapur,Shahapur,Mumbai,437,"25,000",1.09 Cr
1 BHK Apartment,Qualitas La LuxuriaShahapur,Shahapur,Mumbai,482,"25,000",1.21 Cr
1 BHK Apartment,S K Avadh TownshipVasai,Vasai,Mumbai,525,"8,000",42.00 L
1 RK Studio Apartment,S K Avadh TownshipVasai,Vasai,Mumbai,405,"8,000",32.40 L
1 BHK Apartment,Riddhi Siddhi ImperialTaloja,Taloja,Mumbai,375,"25,000",93.75 L
2 BHK Apartment,Riddhi Siddhi ImperialTaloja,Taloja,Mumbai,595,"25,000",1.49 Cr
1 BHK Apartment,Royal HeritageVangani,Vangani,Mumbai,470,"25,000",1.18 Cr
2 BHK Apartment,Royal HeritageVangani,Vangani,Mumbai,553,"25,000",1.38 Cr
1 BHK Apartment,Space India GreensDundare,Dundare,Mumbai,485,"25,000",1.21 Cr
1 BHK Apartment,Space India Prakriti SparshPanvel,Panvel,Mumbai,610,"10,000",61.00 L
1,,Pale Bk.,Mumbai,535,"25,000",1.34 Cr
1 BHK Apartment,A M Balaji HeightsRasayani,Rasayani,Mumbai,313,"7,000",21.91 L
1 BHK Apartment,A M Balaji HeightsRasayani,Rasayani,Mumbai,313,"7,000",21.91 L
1 BHK Apartment,A M Balaji HeightsRasayani,Rasayani,Mumbai,298,"7,000",20.86 L
1 BHK Apartment,A M Balaji HeightsRasayani,Rasayani,Mumbai,298,"7,000",20.86 L
1 BHK Apartment,A M Balaji HeightsRasayani,Rasayani,Mumbai,313,"7,000",21.91 L
1 BHK Apartment,A M Balaji HeightsRasayani,Rasayani,Mumbai,313,"7,000",21.91 L
1 BHK Apartment,A M Balaji HeightsRasayani,Rasayani,Mumbai,298,"7,000",20.86 L
1 BHK Apartment,A M Balaji HeightsRasayani,Rasayani,Mumbai,298,"7,000",20.86 L
1,,Thakurli,Mumbai,685,"25,000",1.71 Cr
1 BHK Apartment,Reputed Builder Samarpan Complex ArpanBhayandar East,Bhayandar East,Mumbai,395,"25,000",98.75 L
1 BHK Apartment,Sai Sastha CrystalBhandup West,Bhandup West,Mumbai,486,"22,000",1.07 Cr
1 BHK Apartment,Raja Pooja ApartmentBandra West,Bandra West,Mumbai,530,"85,000",4.50 Cr
2 BHK Apartment,Space India AmulyamPanvel,Panvel,Mumbai,850,"10,000",85.00 L
R,,Uttan,Mumbai,4000,"25,000",10.00 Cr
2 BHK Apartment,Lodha Amara Tower 26 27 28 30 34 35Thane West,Thane West,Mumbai,1050,"18,000",1.89 Cr
1 BHK Apartment,Rachana Sukh Shanti NiwasKarjat,Karjat,Mumbai,456,"25,000",1.14 Cr
1 BHK Apartment,Space India Prakriti SparshPanvel,Panvel,Mumbai,600,"10,000",60.00 L
2 BHK Apartment,Cidco NRI ComplexSeawoods,Seawoods,Mumbai,1250,"18,000",2.25 Cr
1 BHK Apartment,Neminath Sahnivas CHSL And Prabhat CHSL Building No 1 And 2Andheri West,Andheri West,Mumbai,800,"35,000",2.80 Cr
4,,Andheri West,Mumbai,2700,"35,000",9.45 Cr
1 BHK Apartment,Padmawati RudranshPalghar,Palghar,Mumbai,475,"8,000",38.00 L
1 BHK Apartment,Sai Deep HeightsDombivali,Dombivali,Mumbai,590,"12,000",70.80 L
2 BHK Apartment,Lodha AquaMira Road East,Mira Road East,Mumbai,1021,"12,000",1.23 Cr
1,,Kharghar,Mumbai,620,"12,000",74.40 L
1,,Kharghar,Mumbai,640,"12,000",76.80 L
1 BHK Apartment,Sudarshan Sky HeightsThane West,Thane West,Mumbai,453,"18,000",81.54 L
2 BHK Apartment,Sudarshan Sky HeightsThane West,Thane West,Mumbai,668,"18,000",1.20 Cr
2 BHK Apartment,Sudarshan Sudarshan Lands EndMalad West,Malad West,Mumbai,706,"22,000",1.55 Cr
2 BHK Apartment,Sudarshan Sudarshan Lands EndMalad West,Malad West,Mumbai,649,"22,000",1.43 Cr
1 BHK Apartment,Shree Yogeshwar Yogeshwar ParkDombivali,Dombivali,Mumbai,600,"12,000",72.00 L
1 BHK Apartment,Sai Buildcon Lake View HeightsVasai,Vasai,Mumbai,610,"8,000",48.80 L
1 BHK Apartment,Sai Buildcon Lake View HeightsVasai,Vasai,Mumbai,655,"8,000",52.40 L
1 BHK Apartment,Sai Buildcon Lake View HeightsVasai,Vasai,Mumbai,635,"8,000",50.80 L
2 BHK Apartment,Sai Buildcon Lake View HeightsVasai,Vasai,Mumbai,830,"8,000",66.40 L
2,,Vikhroli West,Mumbai,460,"28,000",1.29 Cr
2,,Kalyan West,Mumbai,825,"10,000",82.50 L
1 BHK Apartment,Sarvoday OnyxKalyan West,Kalyan West,Mumbai,685,"10,000",68.50 L
2 BHK Independent Floor,Panvelkar ClassicAmbernath East,Ambernath East,Mumbai,900,"25,000",2.25 Cr
2 BHK Apartment,Reputed Builder Arihant DarshanKandivali East,Kandivali East,Mumbai,870,"22,000",1.91 Cr
1,,Vasai West,Mumbai,410,"8,000",32.80 L
2 BHK Apartment,Sahabhagi Riva RythmKarjat,Karjat,Mumbai,528,"25,000",1.32 Cr
2 BHK Apartment,Sahabhagi Riva RythmKarjat,Karjat,Mumbai,528,"25,000",1.32 Cr
1 BHK Apartment,Sahabhagi Riva RythmKarjat,Karjat,Mumbai,276,"25,000",69.00 L
1 BHK Apartment,Sahabhagi Riva RythmKarjat,Karjat,Mumbai,276,"25,000",69.00 L
2 BHK Apartment,Sahabhagi Riva RythmKarjat,Karjat,Mumbai,528,"25,000",1.32 Cr
2 BHK Apartment,Sahabhagi Riva RythmKarjat,Karjat,Mumbai,528,"25,000",1.32 Cr
1 BHK Apartment,Sahabhagi Riva RythmKarjat,Karjat,Mumbai,276,"25,000",69.00 L
1 BHK Apartment,Sahabhagi Riva RythmKarjat,Karjat,Mumbai,276,"25,000",69.00 L
1 BHK Apartment,Shree Yogeshwar Yogeshwar ParkDombivali,Dombivali,Mumbai,600,"12,000",72.00 L
1 RK Studio Apartment,Reputed Builder Krishnamai CHSDombivali,Dombivali,Mumbai,390,"12,000",46.80 L
1 BHK Apartment,Om GM Thakur CityPalghar,Palghar,Mumbai,520,"8,000",41.60 L
1 BHK Apartment,Om GM Thakur CityPalghar,Palghar,Mumbai,555,"8,000",44.40 L
1 RK Studio Apartment,Om GM Thakur CityPalghar,Palghar,Mumbai,360,"8,000",28.80 L
2 BHK Apartment,Om GM Thakur CityPalghar,Palghar,Mumbai,850,"8,000",68.00 L
1 BHK Apartment,Ahuja ClassiqueChembur,Chembur,Mumbai,582,"30,000",1.75 Cr
1 BHK Apartment,Reputed Builder Sunder TowerSewri,Sewri,Mumbai,500,"25,000",1.25 Cr
1,,Ghatkopar East,Mumbai,430,"28,000",1.20 Cr
2 BHK Apartment,Lodha EternisAndheri East,Andheri East,Mumbai,1200,"28,000",3.36 Cr
1 BHK Apartment,Beauty LandmarkBhandup West,Bhandup West,Mumbai,550,"22,000",1.21 Cr
1,,Hendre Pada,Mumbai,650,"25,000",1.62 Cr
2 BHK Apartment,Ahuja ClassiqueChembur,Chembur,Mumbai,1150,"30,000",3.45 Cr
2 BHK Apartment,Ahuja ClassiqueChembur,Chembur,Mumbai,1100,"30,000",3.30 Cr
2,,Thane West,Mumbai,975,"18,000",1.75 Cr
2 BHK Apartment,Rite SkyluxeChembur,Chembur,Mumbai,1050,"30,000",3.15 Cr
1 BHK Apartment,Green Sai Elite A And B WingDombivali,Dombivali,Mumbai,575,"12,000",69.00 L
1,,Dombivali East,Mumbai,485,"12,000",58.20 L
2 BHK Apartment,Umiya OasisMira Road East,Mira Road East,Mumbai,1070,"12,000",1.28 Cr
2,,Malad West,Mumbai,880,"22,000",1.94 Cr
1,,Bhayandar East,Mumbai,428,"25,000",1.07 Cr
2,,Mira Road East,Mumbai,830,"12,000",99.60 L
2 BHK Apartment,Panvelkar ClassicAmbernath East,Ambernath East,Mumbai,900,"25,000",2.25 Cr
2,,Kanjurmarg East,Mumbai,890,"25,000",2.23 Cr
1,,Neral,Mumbai,860,"6,000",51.60 L
1,,Dombivali East,Mumbai,450,"12,000",54.00 L
3 BHK Apartment,Reputed Builder Shreeji SplendorThane West,Thane West,Mumbai,1070,"18,000",1.93 Cr
1,,Belapur,Mumbai,525,"16,000",84.00 L
1 BHK Apartment,DB OzoneDahisar,Dahisar,Mumbai,585,"20,000",1.17 Cr
1,,Kurla West,Mumbai,220,"25,000",55.00 L
1 BHK Apartment,Raunak CityKalyan West,Kalyan West,Mumbai,630,"10,000",63.00 L
1,,Vevoor,Mumbai,540,"25,000",1.35 Cr
1 BHK Apartment,Om Prabhu Manohar CHSSeawoods,Seawoods,Mumbai,670,"18,000",1.21 Cr
2,,Dombivali East,Mumbai,819,"12,000",98.28 L
1 BHK Apartment,Padmawati RudranshPalghar,Palghar,Mumbai,475,"8,000",38.00 L
1 BHK Apartment,Samrin Sudama RegencyDombivali,Dombivali,Mumbai,560,"12,000",67.20 L
2 BHK Apartment,Reputed Builder Lodha ParkDombivali,Dombivali,Mumbai,750,"12,000",90.00 L
1,,Nalasopara East,Mumbai,237,"5,500",13.04 L
1 RK Studio Apartment,Shiv Ganga ApartmentDombivali,Dombivali,Mumbai,340,"12,000",40.80 L
1 BHK Apartment,Si Construction Shanza HeightMira Road East,Mira Road East,Mumbai,620,"12,000",74.40 L
3 BHK Apartment,Reputed Builder N -OsloThane West,Thane West,Mumbai,1200,"18,000",2.16 Cr
1,,Thane West,Mumbai,502,"18,000",90.36 L
1 BHK Apartment,Siddharth Riverwood ParkDombivali,Dombivali,Mumbai,650,"12,000",78.00 L
3 BHK Apartment,Hubtown Redwood And RosewoodMira Road East,Mira Road East,Mumbai,1520,"12,000",1.82 Cr
1,,Malad West,Mumbai,310,"22,000",68.20 L
1,,Malad West,Mumbai,320,"22,000",70.40 L
1 BHK Apartment,Saran Ciba SocietyGhatkopar West,Ghatkopar West,Mumbai,350,"32,000",1.12 Cr
1 BHK Apartment,Vimal ResidencyNala Sopara,Nala Sopara,Mumbai,580,"25,000",1.45 Cr
1 BHK Apartment,Vimal ResidencyNala Sopara,Nala Sopara,Mumbai,550,"25,000",1.38 Cr
2 BHK Apartment,Alag OliveGhatkopar East,Ghatkopar East,Mumbai,581,"28,000",1.63 Cr
1 BHK Apartment,Kanakia Country ParkBorivali East,Borivali East,Mumbai,540,"16,000",86.40 L
1 BHK Apartment,Sheth Vasant UtsavKandivali East,Kandivali East,Mumbai,560,"22,000",1.23 Cr
1,,Kharghar,Mumbai,600,"12,000",72.00 L
4,,Ville Parle East,Mumbai,2300,"25,000",5.75 Cr
2 BHK Apartment,Rutu EstateThane West,Thane West,Mumbai,890,"18,000",1.60 Cr
3,,Mumbai Central,Mumbai,2400,"25,000",6.00 Cr
1,,Shelu,Mumbai,520,"25,000",1.30 Cr
3 BHK Apartment,Reputed Builder Lodha CASA LAKESIDEPalava,Palava,Mumbai,1269,"25,000",3.17 Cr
1,,Byculla,Mumbai,275,"25,000",68.75 L
1,,New Balaji Nagar,Mumbai,565,"25,000",1.41 Cr
1 BHK Apartment,Ajmera Yogi DhamKalyan West,Kalyan West,Mumbai,730,"10,000",73.00 L
1 BHK Apartment,Ekta ParksvilleVirar,Virar,Mumbai,680,"5,000",34.00 L
4 BHK Apartment,Ssakash Bobe Chandralekha CHSLDahisar,Dahisar,Mumbai,1452,"20,000",2.90 Cr
2 BHK Apartment,Ssakash Bobe Chandralekha CHSLDahisar,Dahisar,Mumbai,726,"20,000",1.45 Cr
4,,Dahisar East,Mumbai,1974,"18,000",3.55 Cr
1,,Dombivali East,Mumbai,300,"12,000",36.00 L
1 RK Studio Apartment,Amit ComplexBadlapur East,Badlapur East,Mumbai,300,"25,000",75.00 L
2 BHK Apartment,Reputed Builder Golders Green CHSDahisar,Dahisar,Mumbai,1000,"20,000",2.00 Cr
2 BHK Apartment,SS Balaji KrishnaDombivali,Dombivali,Mumbai,900,"12,000",1.08 Cr
1 BHK Apartment,SS Balaji KrishnaDombivali,Dombivali,Mumbai,610,"12,000",73.20 L
1,,Dombivli (West),Mumbai,685,"25,000",1.71 Cr
1 BHK Apartment,Sumit GreendaleVirar,Virar,Mumbai,650,"5,000",32.50 L
1,,Colaba,Mumbai,600,"25,000",1.50 Cr
1 BHK Apartment,Reputed Builder Sai Sahawas CHSAndheri West,Andheri West,Mumbai,614,"35,000",2.15 Cr
2 BHK Apartment,Raheja SherwoodGoregaon East,Goregaon East,Mumbai,1010,"24,000",2.42 Cr
2 BHK Apartment,Satyam MayfairUlwe,Ulwe,Mumbai,1150,"9,000",1.03 Cr
2 BHK Apartment,Bhagwati Greens 1Kharghar,Kharghar,Mumbai,1150,"12,000",1.38 Cr
2 BHK Apartment,Bhagwati Greens 1Kharghar,Kharghar,Mumbai,1150,"12,000",1.38 Cr
1,,Kharghar,Mumbai,650,"12,000",78.00 L
1 BHK Apartment,Konnark GardensTaloja,Taloja,Mumbai,670,"25,000",1.68 Cr
2 BHK Apartment,Anant ResidencyPanvel,Panvel,Mumbai,577,"10,000",57.70 L
2,,Andheri East,Mumbai,625,"28,000",1.75 Cr
1,,Kandivali West,Mumbai,591,"24,000",1.42 Cr
3 BHK Apartment,Swaraj Homes Gelda DhamGhatkopar West,Ghatkopar West,Mumbai,1008,"32,000",3.23 Cr
1 BHK Apartment,Vijay GalaxyThane West,Thane West,Mumbai,665,"18,000",1.20 Cr
2,,Ville Parle East,Mumbai,975,"25,000",2.44 Cr
3 BHK Apartment,Paradise Sai SpringKharghar,Kharghar,Mumbai,1725,"12,000",2.07 Cr
2 BHK Apartment,Paradise Sai World EmpireKharghar,Kharghar,Mumbai,1250,"12,000",1.50 Cr
1,,Chembur,Mumbai,280,"30,000",84.00 L
3,,Panvel,Mumbai,1863,"10,000",1.86 Cr
1 BHK Apartment,Narayan Sunil Rane Vakratunda HomesVasind,Vasind,Mumbai,545,"25,000",1.36 Cr
1,,Mulund West,Mumbai,620,"25,000",1.55 Cr
1,,Juhu,Mumbai,680,"75,000",5.10 Cr
1,,Kurla West,Mumbai,220,"25,000",55.00 L
4,,Vasai east,Mumbai,1420,"7,000",99.40 L
2 BHK Apartment,Anant ResidencyPanvel,Panvel,Mumbai,526,"10,000",52.60 L
1 BHK Apartment,Anant ResidencyPanvel,Panvel,Mumbai,410,"10,000",41.00 L
1 BHK Apartment,Anant ResidencyPanvel,Panvel,Mumbai,425,"10,000",42.50 L
1 BHK Apartment,Anant ResidencyPanvel,Panvel,Mumbai,400,"10,000",40.00 L
1 RK Studio Apartment,Anant ResidencyPanvel,Panvel,Mumbai,300,"10,000",30.00 L
1 RK Studio Apartment,Anant ResidencyPanvel,Panvel,Mumbai,240,"10,000",24.00 L
1,,Santosh Nagar,Mumbai,540,"25,000",1.35 Cr
2,,Neral,Mumbai,1290,"6,000",77.40 L
1 BHK Apartment,Kotak Golden Eye Phase IIIPalghar,Palghar,Mumbai,418,"8,000",33.44 L
2,,Virar West,Mumbai,980,"5,000",49.00 L
3 BHK Apartment,Rajesh Raj Torres Phase II Wing A Wing B Wing C Wing D Wing EThane West,Thane West,Mumbai,1532,"18,000",2.76 Cr
1,,Nalasopara East,Mumbai,550,"5,500",30.25 L
1 BHK Apartment,DB OzoneDahisar,Dahisar,Mumbai,729,"20,000",1.46 Cr
2 BHK Apartment,DB OzoneDahisar,Dahisar,Mumbai,1045,"20,000",2.09 Cr
2 BHK Apartment,DB OzoneDahisar,Dahisar,Mumbai,1039,"20,000",2.08 Cr
2 BHK Apartment,DB OzoneDahisar,Dahisar,Mumbai,1024,"20,000",2.05 Cr
1 BHK Apartment,DB OzoneDahisar,Dahisar,Mumbai,720,"20,000",1.44 Cr
1 BHK Apartment,DB OzoneDahisar,Dahisar,Mumbai,720,"20,000",1.44 Cr
2,,matunga east,Mumbai,700,"50,000",3.50 Cr
1 BHK Apartment,Shree Sai Ashirwad Shree Sai AshirwadDombivali,Dombivali,Mumbai,620,"12,000",74.40 L
1 BHK Apartment,MHADA Bombay Dyeing MillWadala,Wadala,Mumbai,275,"35,000",96.25 L
1 BHK Apartment,Lodha Codename Crown JewelThane West,Thane West,Mumbai,366,"18,000",65.88 L
1,,Ghatkopar East,Mumbai,225,"28,000",63.00 L
3 BHK Apartment,Mega Shivom EnclaveSantacruz East,Santacruz East,Mumbai,952,"45,000",4.28 Cr
1,,Dombivali East,Mumbai,690,"12,000",82.80 L
2,,Badlapur East,Mumbai,678,"25,000",1.70 Cr
2 BHK Apartment,Enso Enso SanzaKandivali East,Kandivali East,Mumbai,670,"22,000",1.47 Cr
1 BHK Apartment,Bhagwati Neelkanth HeightsKalamboli,Kalamboli,Mumbai,660,"25,000",1.65 Cr
1 BHK Apartment,Vishnu Vatika Wing A And B Phase IBadlapur West,Badlapur West,Mumbai,545,"7,000",38.15 L
1,,Bhayandar East,Mumbai,538,"25,000",1.34 Cr
2,,Dahisar West,Mumbai,560,"20,000",1.12 Cr
1,,Ambivli,Mumbai,400,"25,000",1.00 Cr
2,,Goregaon West,Mumbai,970,"26,000",2.52 Cr
1,,Dombivli (West),Mumbai,350,"25,000",87.50 L
1,,Navapada,Mumbai,540,"25,000",1.35 Cr
1,,Kurla East,Mumbai,550,"25,000",1.38 Cr
2,,Bhayandar West,Mumbai,1085,"25,000",2.71 Cr
2 BHK Apartment,Reputed Builder Garden EstateThane West,Thane West,Mumbai,830,"18,000",1.49 Cr
2,,Mulund West,Mumbai,875,"25,000",2.19 Cr
1,,Dombivali East,Mumbai,470,"12,000",56.40 L
1,,Malad West,Mumbai,455,"22,000",1.00 Cr
1,,Taloje,Mumbai,475,"25,000",1.19 Cr
1 BHK Apartment,SCGK Royal Castle Building 1 3 4 5Ambernath East,Ambernath East,Mumbai,657,"25,000",1.64 Cr
2,,Girgaon,Mumbai,900,"25,000",2.25 Cr
2,,Greater Khanda,Mumbai,750,"25,000",1.88 Cr
2,,Bandra West,Mumbai,800,"85,000",6.80 Cr
2,,Kalwa,Mumbai,700,"25,000",1.75 Cr
2,,Kharghar,Mumbai,920,"12,000",1.10 Cr
2 BHK Apartment,Reputed Builder Hiranandani ComplexKharghar,Kharghar,Mumbai,1150,"12,000",1.38 Cr
2,,Thane West,Mumbai,1085,"18,000",1.95 Cr
2,,Mulund East,Mumbai,900,"23,000",2.07 Cr
1 BHK Apartment,Mukta Residency Phase 2Dombivali,Dombivali,Mumbai,650,"12,000",78.00 L
2 BHK Apartment,S Siddharth Sunshine Tower Phase IMulund West,Mulund West,Mumbai,1208,"25,000",3.02 Cr
2,,Girgaon,Mumbai,550,"25,000",1.38 Cr
1 BHK Apartment,DSS Mahavir KalpavrukshaThane West,Thane West,Mumbai,626,"18,000",1.13 Cr
1 BHK Apartment,Reputed Builder Dream HomeVichumbe,Vichumbe,Mumbai,700,"25,000",1.75 Cr
2,,Borivali East,Mumbai,985,"16,000",1.58 Cr
2 BHK Apartment,Swaraj Homes Sai MannatKaranjade,Karanjade,Mumbai,1150,"25,000",2.88 Cr
1 RK Studio Apartment,Reputed Builder Highland Heritage CHSKandivali West,Kandivali West,Mumbai,410,"24,000",98.40 L
2 BHK Apartment,Swaraj Homes Rajshree TowerThane West,Thane West,Mumbai,840,"18,000",1.51 Cr
1,,Ambivli,Mumbai,400,"25,000",1.00 Cr
2 BHK Apartment,Vinay Unique GardensVirar,Virar,Mumbai,960,"5,000",48.00 L
1,,Ambivli,Mumbai,400,"25,000",1.00 Cr
1,,Kurla West,Mumbai,510,"25,000",1.27 Cr
2 BHK Apartment,Puraniks Hometown Phase 2Thane West,Thane West,Mumbai,525,"18,000",94.50 L
3 BHK Apartment,Godrej PrimeChembur,Chembur,Mumbai,1300,"30,000",3.90 Cr
1 RK Studio Apartment,Ashiana LA Arihant HarmonyKarjat,Karjat,Mumbai,375,"25,000",93.75 L
1 BHK Apartment,Ashiana LA Arihant HarmonyKarjat,Karjat,Mumbai,400,"25,000",1.00 Cr
2 BHK Apartment,Ashiana LA Arihant HarmonyKarjat,Karjat,Mumbai,850,"25,000",2.12 Cr
2,,Shahapur,Mumbai,1500,"25,000",3.75 Cr
1,,Bhayandar West,Mumbai,250,"25,000",62.50 L
2,,Kharghar,Mumbai,976,"12,000",1.17 Cr
2,,Ambernath West,Mumbai,500,"25,000",1.25 Cr
2 BHK Apartment,Divyam ResidencyMalad East,Malad East,Mumbai,1160,"20,000",2.32 Cr
3,,Mulund West,Mumbai,910,"25,000",2.27 Cr
2,,Dahisar East,Mumbai,920,"18,000",1.66 Cr
4 BHK Apartment,Evershine ClassiqueVasai,Vasai,Mumbai,1700,"8,000",1.36 Cr
1 BHK Apartment,Reputed Builder Vijay ApartmentThane West,Thane West,Mumbai,550,"18,000",99.00 L
1,,Dombivli (West),Mumbai,485,"25,000",1.21 Cr
1 BHK Apartment,Space India Blue CrestKaranjade,Karanjade,Mumbai,675,"25,000",1.69 Cr
3 BHK Apartment,Suvidha EmeraldDadar West,Dadar West,Mumbai,2300,"55,000",12.65 Cr
1 BHK Apartment,Sai Proviso Homes LandscapePanvel,Panvel,Mumbai,700,"10,000",70.00 L
1 BHK Apartment,Swastik HeightsDombivali,Dombivali,Mumbai,500,"12,000",60.00 L
1,,Dombivali East,Mumbai,445,"12,000",53.40 L
2 BHK Apartment,Reputed Builder Saket TowersThane West,Thane West,Mumbai,1037,"18,000",1.87 Cr
2 BHK Apartment,Nimbeshwar SanskrutiPanvel,Panvel,Mumbai,1000,"10,000",1.00 Cr
2,,Ambernath East,Mumbai,879,"25,000",2.20 Cr
1,,Ambernath East,Mumbai,679,"25,000",1.70 Cr
1,,Ambernath East,Mumbai,645,"25,000",1.61 Cr
1,,Virar East,Mumbai,530,"4,500",23.85 L
1,,Kumbharkhan Pada,Mumbai,360,"25,000",90.00 L
3 BHK Apartment,Shree Developers Platinum TowerKandivali West,Kandivali West,Mumbai,1250,"24,000",3.00 Cr
1,,Panvel,Mumbai,446,"10,000",44.60 L
5 BHK Independent Floor,Reputed Builder Wild Wood Park 2Andheri West,Andheri West,Mumbai,1601,"35,000",5.60 Cr
1 BHK Apartment,Reputed Builder Wild Wood Park 2Andheri West,Andheri West,Mumbai,651,"35,000",2.28 Cr
1 BHK Apartment,Reputed Builder Wild Wood Park 2Andheri West,Andheri West,Mumbai,651,"35,000",2.28 Cr
1 BHK Apartment,Reputed Builder Wild Wood Park 2Andheri West,Andheri West,Mumbai,651,"35,000",2.28 Cr
2 BHK Apartment,Drushti VarunGhatkopar East,Ghatkopar East,Mumbai,770,"28,000",2.16 Cr
2 BHK Apartment,Drushti VarunGhatkopar East,Ghatkopar East,Mumbai,770,"28,000",2.16 Cr
2 BHK Apartment,Drushti VarunGhatkopar East,Ghatkopar East,Mumbai,770,"28,000",2.16 Cr
2 BHK Apartment,Drushti VarunGhatkopar East,Ghatkopar East,Mumbai,770,"28,000",2.16 Cr
5 BHK Independent Floor,Reputed Builder Wild Wood Park 2Andheri West,Andheri West,Mumbai,1601,"35,000",5.60 Cr
2 BHK Apartment,Lodha Upper ThaneAnjurdive,Anjurdive,Mumbai,660,"25,000",1.65 Cr
5 BHK Independent Floor,Reputed Builder Wild Wood Park 2Andheri West,Andheri West,Mumbai,1601,"35,000",5.60 Cr
1 BHK Apartment,Reputed Builder Wild Wood Park 2Andheri West,Andheri West,Mumbai,651,"35,000",2.28 Cr
1 BHK Apartment,Reputed Builder Wild Wood Park 2Andheri West,Andheri West,Mumbai,651,"35,000",2.28 Cr
1 BHK Apartment,Reputed Builder Wild Wood Park 2Andheri West,Andheri West,Mumbai,651,"35,000",2.28 Cr
1 BHK Apartment,Reputed Builder Wild Wood Park 2Andheri West,Andheri West,Mumbai,651,"35,000",2.28 Cr
1 BHK Apartment,Reputed Builder Wild Wood Park 2Andheri West,Andheri West,Mumbai,650,"35,000",2.27 Cr
1 BHK Apartment,Reputed Builder Wild Wood Park 2Andheri West,Andheri West,Mumbai,651,"35,000",2.28 Cr
1,,Dombivali East,Mumbai,578,"12,000",69.36 L
3 BHK Apartment,Tata New HavenBoisar,Boisar,Mumbai,1200,"25,000",3.00 Cr
5 BHK Independent Floor,Reputed Builder Wild Wood Park 2Andheri West,Andheri West,Mumbai,1601,"35,000",5.60 Cr
5 BHK Independent Floor,Reputed Builder Wild Wood Park 2Andheri West,Andheri West,Mumbai,1601,"35,000",5.60 Cr
1 BHK Apartment,Reputed Builder Wild Wood Park 2Andheri West,Andheri West,Mumbai,651,"35,000",2.28 Cr
1,,Andheri East,Mumbai,500,"28,000",1.40 Cr
5 BHK Independent Floor,Reputed Builder Wild Wood Park 2Andheri West,Andheri West,Mumbai,1601,"35,000",5.60 Cr
1 BHK Apartment,Reputed Builder Wild Wood Park 2Andheri West,Andheri West,Mumbai,651,"35,000",2.28 Cr
5 BHK Independent Floor,Reputed Builder Wild Wood Park 2Andheri West,Andheri West,Mumbai,1601,"35,000",5.60 Cr
5,,Nerul,Mumbai,2200,"15,000",3.30 Cr
2,,Kandivali West,Mumbai,775,"24,000",1.86 Cr
5 BHK Independent Floor,Reputed Builder Wild Wood Park 2Andheri West,Andheri West,Mumbai,1601,"35,000",5.60 Cr
2 BHK Apartment,Tharwani ArianaAmbernath West,Ambernath West,Mumbai,960,"25,000",2.40 Cr
1 BHK Apartment,Reputed Builder Wild Wood Park 2Andheri West,Andheri West,Mumbai,651,"35,000",2.28 Cr
2,,Vasai West,Mumbai,1125,"8,000",90.00 L
5 BHK Independent Floor,Reputed Builder Wild Wood Park 2Andheri West,Andheri West,Mumbai,1601,"35,000",5.60 Cr
1 BHK Apartment,Reputed Builder Wild Wood Park 2Andheri West,Andheri West,Mumbai,651,"35,000",2.28 Cr
1 BHK Apartment,Fia OrionPalghar,Palghar,Mumbai,530,"8,000",42.40 L
2 BHK Apartment,Ravi Gaurav ExcellencyMira Road East,Mira Road East,Mumbai,1070,"12,000",1.28 Cr
3 BHK Apartment,Hubtown Ackruti AsthaNapeansea Road,Napeansea Road,Mumbai,2250,"25,000",5.62 Cr
5 BHK Independent Floor,Reputed Builder Wild Wood Park 2Andheri West,Andheri West,Mumbai,1601,"35,000",5.60 Cr
2,,Neral,Mumbai,1450,"6,000",87.00 L
1 BHK Apartment,Reputed Builder Wild Wood Park 2Andheri West,Andheri West,Mumbai,651,"35,000",2.28 Cr
1 BHK Apartment,Reputed Builder Wild Wood Park 2Andheri West,Andheri West,Mumbai,651,"35,000",2.28 Cr
1 BHK Apartment,Reputed Builder Wild Wood Park 2Andheri West,Andheri West,Mumbai,651,"35,000",2.28 Cr
1 BHK Apartment,Reputed Builder Wild Wood Park 2Andheri West,Andheri West,Mumbai,651,"35,000",2.28 Cr
1 BHK Apartment,Reputed Builder Wild Wood Park 2Andheri West,Andheri West,Mumbai,651,"35,000",2.28 Cr
1,,Dombivali East,Mumbai,305,"12,000",36.60 L
1,,Dombivali East,Mumbai,305,"12,000",36.60 L
1,,Dombivali East,Mumbai,305,"12,000",36.60 L
1,,Dombivali East,Mumbai,305,"12,000",36.60 L
1,,Dombivli (West),Mumbai,560,"25,000",1.40 Cr
1 BHK Apartment,Reputed Builder Wild Wood Park 2Andheri West,Andheri West,Mumbai,650,"35,000",2.27 Cr
1 BHK Apartment,Reputed Builder Wild Wood Park 2Andheri West,Andheri West,Mumbai,651,"35,000",2.28 Cr
1 BHK Apartment,Balaji AvenueUlwe,Ulwe,Mumbai,670,"9,000",60.30 L
1,,Belapur,Mumbai,550,"16,000",88.00 L
2,,Kamothe,Mumbai,1065,"11,000",1.17 Cr
2 BHK Apartment,Rutu Rutu River EstateKalyan West,Kalyan West,Mumbai,1075,"10,000",1.07 Cr
5 BHK Independent Floor,Reputed Builder Wild Wood Park 2Andheri West,Andheri West,Mumbai,1601,"35,000",5.60 Cr
2 BHK Apartment,Ravi Gaurav CityMira Road East,Mira Road East,Mumbai,850,"12,000",1.02 Cr
2 BHK Apartment,Lodha EliteDombivali,Dombivali,Mumbai,864,"12,000",1.04 Cr
5 BHK Independent Floor,Reputed Builder Wild Wood Park 2Andheri West,Andheri West,Mumbai,1601,"35,000",5.60 Cr
1 BHK Apartment,Patel SignatureAmbernath East,Ambernath East,Mumbai,600,"25,000",1.50 Cr
5 BHK Independent Floor,Reputed Builder Wild Wood Park 2Andheri West,Andheri West,Mumbai,1601,"35,000",5.60 Cr
5 BHK Independent Floor,Reputed Builder Wild Wood Park 2Andheri West,Andheri West,Mumbai,1601,"35,000",5.60 Cr
1 BHK Apartment,Reputed Builder Wild Wood Park 2Andheri West,Andheri West,Mumbai,651,"35,000",2.28 Cr
1 BHK Apartment,Reputed Builder Wild Wood Park 2Andheri West,Andheri West,Mumbai,651,"35,000",2.28 Cr
1 BHK Apartment,Reputed Builder Wild Wood Park 2Andheri West,Andheri West,Mumbai,650,"35,000",2.27 Cr
5 BHK Independent Floor,Reputed Builder Wild Wood Park 2Andheri West,Andheri West,Mumbai,1600,"35,000",5.60 Cr
5 BHK Independent Floor,Reputed Builder Wild Wood Park 2Andheri West,Andheri West,Mumbai,1600,"35,000",5.60 Cr
1 BHK Apartment,Reputed Builder Wild Wood Park 2Andheri West,Andheri West,Mumbai,650,"35,000",2.27 Cr
3 BHK Apartment,Hubtown Ackruti AsthaNapeansea Road,Napeansea Road,Mumbai,2250,"25,000",5.62 Cr
5 BHK Independent Floor,Reputed Builder Wild Wood Park 2Andheri West,Andheri West,Mumbai,1601,"35,000",5.60 Cr
2,,Neral,Mumbai,1450,"6,000",87.00 L
5 BHK Independent Floor,Reputed Builder Wild Wood Park 2Andheri West,Andheri West,Mumbai,1601,"35,000",5.60 Cr
5 BHK Independent Floor,Reputed Builder Wild Wood Park 2Andheri West,Andheri West,Mumbai,1601,"35,000",5.60 Cr
1 BHK Apartment,Reputed Builder Wild Wood Park 2Andheri West,Andheri West,Mumbai,651,"35,000",2.28 Cr
5 BHK Independent Floor,Reputed Builder Wild Wood Park 2Andheri West,Andheri West,Mumbai,1601,"35,000",5.60 Cr
5,,Nerul,Mumbai,2200,"15,000",3.30 Cr
5 BHK Independent Floor,Reputed Builder Wild Wood Park 2Andheri West,Andheri West,Mumbai,1601,"35,000",5.60 Cr
5 BHK Independent Floor,Reputed Builder Wild Wood Park 2Andheri West,Andheri West,Mumbai,1601,"35,000",5.60 Cr
1,,Dombivali East,Mumbai,578,"12,000",69.36 L
1,,Dombivli (West),Mumbai,515,"25,000",1.29 Cr
1 BHK Apartment,Reputed Builder Wild Wood Park 2Andheri West,Andheri West,Mumbai,651,"35,000",2.28 Cr
3,,Vishnu Nagar,Mumbai,1300,"25,000",3.25 Cr
1 BHK Apartment,Reputed Builder Wild Wood Park 2Andheri West,Andheri West,Mumbai,651,"35,000",2.28 Cr
1 BHK Apartment,Reputed Builder Wild Wood Park 2Andheri West,Andheri West,Mumbai,651,"35,000",2.28 Cr
3 BHK Apartment,Divine Space Lily WhiteJogeshwari East,Jogeshwari East,Mumbai,1685,"25,000",4.21 Cr
4,,Airoli,Mumbai,1800,"14,000",2.52 Cr
1,,Andheri East,Mumbai,500,"28,000",1.40 Cr
2 BHK Apartment,Lodha Upper ThaneAnjurdive,Anjurdive,Mumbai,660,"25,000",1.65 Cr
2 BHK Apartment,Reputed Builder PersianaNilje Gaon,Nilje Gaon,Mumbai,909,"25,000",2.27 Cr
5 BHK Independent Floor,Reputed Builder Wild Wood Park 2Andheri West,Andheri West,Mumbai,1601,"35,000",5.60 Cr
5 BHK Independent Floor,Reputed Builder Wild Wood Park 2Andheri West,Andheri West,Mumbai,1601,"35,000",5.60 Cr
1 BHK Apartment,Reputed Builder Wild Wood Park 2Andheri West,Andheri West,Mumbai,651,"35,000",2.28 Cr
2 BHK Apartment,Patel PrayoshaAmbernath West,Ambernath West,Mumbai,1000,"25,000",2.50 Cr
4 BHK Apartment,PR Urvashi TerracesSantacruz West,Santacruz West,Mumbai,2000,"60,000",12.00 Cr
1,,Dombivli (West),Mumbai,390,"25,000",97.50 L
2,,Vikroli East,Mumbai,659,"25,000",1.65 Cr
3 BHK Apartment,Reputed Builder EL-DoradoPrabhadevi,Prabhadevi,Mumbai,1925,"70,000",13.47 Cr
1,,Diva Gaon,Mumbai,590,"25,000",1.48 Cr
1,,Diva Gaon,Mumbai,350,"25,000",87.50 L
1,,Diva Gaon,Mumbai,350,"25,000",87.50 L
1,,Diva Gaon,Mumbai,430,"25,000",1.07 Cr
1,,Diva Gaon,Mumbai,590,"25,000",1.48 Cr
1,,Diva Gaon,Mumbai,430,"25,000",1.07 Cr
1,,Diva Gaon,Mumbai,510,"25,000",1.27 Cr
1,,Diva Gaon,Mumbai,590,"25,000",1.48 Cr
1,,Diva Gaon,Mumbai,350,"25,000",87.50 L
1,,Diva Gaon,Mumbai,350,"25,000",87.50 L
1,,Diva Gaon,Mumbai,465,"25,000",1.16 Cr
1 BHK Apartment,Reputed Builder Wild Wood Park 2Andheri West,Andheri West,Mumbai,651,"35,000",2.28 Cr
5 BHK Independent Floor,Reputed Builder Wild Wood Park 2Andheri West,Andheri West,Mumbai,1600,"35,000",5.60 Cr
1 BHK Apartment,Reputed Builder Wild Wood Park 2Andheri West,Andheri West,Mumbai,651,"35,000",2.28 Cr
5 BHK Independent Floor,Reputed Builder Wild Wood Park 2Andheri West,Andheri West,Mumbai,1601,"35,000",5.60 Cr
1 BHK Apartment,Reputed Builder Wild Wood Park 2Andheri West,Andheri West,Mumbai,651,"35,000",2.28 Cr
1 BHK Apartment,Reputed Builder Wild Wood Park 2Andheri West,Andheri West,Mumbai,651,"35,000",2.28 Cr
2,,Thakurli,Mumbai,965,"25,000",2.41 Cr
5 BHK Independent Floor,Reputed Builder Wild Wood Park 2Andheri West,Andheri West,Mumbai,1601,"35,000",5.60 Cr
1 BHK Apartment,Reputed Builder Wild Wood Park 2Andheri West,Andheri West,Mumbai,651,"35,000",2.28 Cr
5 BHK Independent Floor,Reputed Builder Wild Wood Park 2Andheri West,Andheri West,Mumbai,1601,"35,000",5.60 Cr
5 BHK Independent Floor,Reputed Builder Wild Wood Park 2Andheri West,Andheri West,Mumbai,1600,"35,000",5.60 Cr
5 BHK Independent Floor,Reputed Builder Wild Wood Park 2Andheri West,Andheri West,Mumbai,1601,"35,000",5.60 Cr
1 BHK Apartment,Reputed Builder Wild Wood Park 2Andheri West,Andheri West,Mumbai,651,"35,000",2.28 Cr
1 BHK Apartment,Reputed Builder Wild Wood Park 2Andheri West,Andheri West,Mumbai,651,"35,000",2.28 Cr
5 BHK Independent Floor,Reputed Builder Wild Wood Park 2Andheri West,Andheri West,Mumbai,1601,"35,000",5.60 Cr
1 BHK Apartment,Reputed Builder Wild Wood Park 2Andheri West,Andheri West,Mumbai,651,"35,000",2.28 Cr
5 BHK Independent Floor,Reputed Builder Wild Wood Park 2Andheri West,Andheri West,Mumbai,1601,"35,000",5.60 Cr
2 BHK Apartment,Patel PrayoshaAmbernath West,Ambernath West,Mumbai,1000,"25,000",2.50 Cr
5 BHK Independent Floor,Reputed Builder Wild Wood Park 2Andheri West,Andheri West,Mumbai,1601,"35,000",5.60 Cr
4 BHK Apartment,PR Urvashi TerracesSantacruz West,Santacruz West,Mumbai,2000,"60,000",12.00 Cr
1 RK Studio Apartment,GHP Powai Vihar ComplexPowai,Powai,Mumbai,310,"38,000",1.18 Cr
5 BHK Independent Floor,Reputed Builder Wild Wood Park 2Andheri West,Andheri West,Mumbai,1601,"35,000",5.60 Cr
1 BHK Apartment,Reputed Builder Wild Wood Park 2Andheri West,Andheri West,Mumbai,651,"35,000",2.28 Cr
1,,Kalyan West,Mumbai,650,"10,000",65.00 L
5 BHK Independent Floor,Reputed Builder Wild Wood Park 2Andheri West,Andheri West,Mumbai,1600,"35,000",5.60 Cr
2 BHK Apartment,Piramal Aranya Arav TowerByculla,Byculla,Mumbai,1400,"25,000",3.50 Cr
4 BHK Apartment,Kalpataru SolitaireJuhu,Juhu,Mumbai,2400,"75,000",18.00 Cr
1,,Dombivli (West),Mumbai,545,"25,000",1.36 Cr
2 BHK Apartment,Man OpusMira Road East,Mira Road East,Mumbai,1020,"12,000",1.22 Cr
2 BHK Apartment,Lodha AquaMira Road East,Mira Road East,Mumbai,1020,"12,000",1.22 Cr
2 BHK Apartment,Man OpusMira Road East,Mira Road East,Mumbai,1070,"12,000",1.28 Cr
2 BHK Apartment,Man OpusMira Road East,Mira Road East,Mumbai,1020,"12,000",1.22 Cr
1 BHK Apartment,Man OpusMira Road East,Mira Road East,Mumbai,680,"12,000",81.60 L
2 BHK Apartment,Lodha AquaMira Road East,Mira Road East,Mumbai,1020,"12,000",1.22 Cr
2 BHK Apartment,Man OpusMira Road East,Mira Road East,Mumbai,1070,"12,000",1.28 Cr
2 BHK Apartment,Man OpusMira Road East,Mira Road East,Mumbai,1070,"12,000",1.28 Cr
2 BHK Apartment,Man OpusMira Road East,Mira Road East,Mumbai,1050,"12,000",1.26 Cr
2 BHK Apartment,Fairmont PalazzoSantacruz East,Santacruz East,Mumbai,900,"45,000",4.05 Cr
3,,Khar West,Mumbai,1200,"70,000",8.40 Cr
3 BHK Apartment,Maison TaranganThane West,Thane West,Mumbai,1350,"18,000",2.43 Cr
1 BHK Apartment,Reputed Builder Wild Wood Park 2Andheri West,Andheri West,Mumbai,651,"35,000",2.28 Cr
5 BHK Independent Floor,Reputed Builder Wild Wood Park 2Andheri West,Andheri West,Mumbai,1601,"35,000",5.60 Cr
1 BHK Apartment,M Baria Bldg No 1 M Baria EverestVirar,Virar,Mumbai,510,"5,000",25.50 L
1,,Bhayandar West,Mumbai,760,"25,000",1.90 Cr
4,,Panvel,Mumbai,2500,"10,000",2.50 Cr
1 BHK Apartment,Reputed Builder Wild Wood Park 2Andheri West,Andheri West,Mumbai,651,"35,000",2.28 Cr
5 BHK Independent Floor,Reputed Builder Wild Wood Park 2Andheri West,Andheri West,Mumbai,1601,"35,000",5.60 Cr
1 BHK Apartment,Reputed Builder Wild Wood Park 2Andheri West,Andheri West,Mumbai,651,"35,000",2.28 Cr
1 BHK Apartment,Reputed Builder Wild Wood Park 2Andheri West,Andheri West,Mumbai,651,"35,000",2.28 Cr
2,,Thakurli,Mumbai,965,"25,000",2.41 Cr
1 BHK Apartment,Shree Vinayak Vyom Complex A B C D WingDombivali,Dombivali,Mumbai,630,"12,000",75.60 L
2 BHK Apartment,Gurukrupa Marina Enclave Wings M N Phase IIMalad West,Malad West,Mumbai,900,"22,000",1.98 Cr
2,,Kandivali East,Mumbai,719,"22,000",1.58 Cr
1 BHK Apartment,Neeta Gulraj HeightsKurla,Kurla,Mumbai,780,"25,000",1.95 Cr
3,,Santacruz West,Mumbai,1400,"60,000",8.40 Cr
1,,Masjid Bandar,Mumbai,410,"25,000",1.02 Cr
2 BHK Apartment,GHP Woodland HeightsPowai,Powai,Mumbai,1050,"38,000",3.99 Cr
1,,Beturkar Pada,Mumbai,500,"25,000",1.25 Cr
2 BHK Apartment,Marathon Nexzone Atlas 2Panvel,Panvel,Mumbai,1024,"10,000",1.02 Cr
1 BHK Apartment,MDM ZionAndheri West,Andheri West,Mumbai,540,"35,000",1.89 Cr
2,,Panvel,Mumbai,1200,"10,000",1.20 Cr
1,,Dombivli (West),Mumbai,712,"25,000",1.78 Cr
2 BHK Apartment,Wadhwa SolitaireThane West,Thane West,Mumbai,665,"18,000",1.20 Cr
2,,Ghatkopar West,Mumbai,1000,"32,000",3.20 Cr
3 BHK Apartment,Platinum The SpringsKalamboli,Kalamboli,Mumbai,1975,"25,000",4.94 Cr
1 BHK Apartment,Reputed Builder Wild Wood Park 2Andheri West,Andheri West,Mumbai,651,"35,000",2.28 Cr
1 BHK Apartment,Reputed Builder Wild Wood Park 2Andheri West,Andheri West,Mumbai,651,"35,000",2.28 Cr
1 BHK Apartment,Reputed Builder Wild Wood Park 2Andheri West,Andheri West,Mumbai,651,"35,000",2.28 Cr
5 BHK Independent Floor,Reputed Builder Wild Wood Park 2Andheri West,Andheri West,Mumbai,1601,"35,000",5.60 Cr
5 BHK Independent Floor,Reputed Builder Wild Wood Park 2Andheri West,Andheri West,Mumbai,1601,"35,000",5.60 Cr
1 BHK Apartment,Vakratunda PalaceBhandup West,Bhandup West,Mumbai,575,"22,000",1.26 Cr
1 BHK Apartment,Reputed Builder Wild Wood Park 2Andheri West,Andheri West,Mumbai,651,"35,000",2.28 Cr
1 BHK Apartment,Reputed Builder Wild Wood Park 2Andheri West,Andheri West,Mumbai,651,"35,000",2.28 Cr
1 BHK Apartment,Reputed Builder Wild Wood Park 2Andheri West,Andheri West,Mumbai,651,"35,000",2.28 Cr
5 BHK Independent Floor,Reputed Builder Wild Wood Park 2Andheri West,Andheri West,Mumbai,1601,"35,000",5.60 Cr
1 BHK Apartment,Reputed Builder Wild Wood Park 2Andheri West,Andheri West,Mumbai,651,"35,000",2.28 Cr
5 BHK Independent Floor,Reputed Builder Wild Wood Park 2Andheri West,Andheri West,Mumbai,1601,"35,000",5.60 Cr
1 BHK Apartment,Reputed Builder Wild Wood Park 2Andheri West,Andheri West,Mumbai,651,"35,000",2.28 Cr
5 BHK Independent Floor,Reputed Builder Wild Wood Park 2Andheri West,Andheri West,Mumbai,1601,"35,000",5.60 Cr
1 BHK Apartment,Reputed Builder Wild Wood Park 2Andheri West,Andheri West,Mumbai,651,"35,000",2.28 Cr
5 BHK Independent Floor,Reputed Builder Wild Wood Park 2Andheri West,Andheri West,Mumbai,1601,"35,000",5.60 Cr
1 BHK Apartment,Omkar Nutan Omkar ViharBadlapur East,Badlapur East,Mumbai,640,"25,000",1.60 Cr
1 BHK Apartment,Omkar Nutan Omkar ViharBadlapur East,Badlapur East,Mumbai,640,"25,000",1.60 Cr
5 BHK Independent Floor,Reputed Builder Wild Wood Park 2Andheri West,Andheri West,Mumbai,1601,"35,000",5.60 Cr
1 BHK Apartment,Reputed Builder Wild Wood Park 2Andheri West,Andheri West,Mumbai,651,"35,000",2.28 Cr
1 BHK Apartment,Reputed Builder Wild Wood Park 2Andheri West,Andheri West,Mumbai,651,"35,000",2.28 Cr
5 BHK Independent Floor,Reputed Builder Wild Wood Park 2Andheri West,Andheri West,Mumbai,1601,"35,000",5.60 Cr
1 BHK Apartment,Reputed Builder Wild Wood Park 2Andheri West,Andheri West,Mumbai,651,"35,000",2.28 Cr
1 BHK Apartment,Lakshadeep ResidencyKaranjade,Karanjade,Mumbai,600,"25,000",1.50 Cr
1,,Dombivali East,Mumbai,560,"12,000",67.20 L
1,,Thakurli,Mumbai,673,"25,000",1.68 Cr
2,,Panvel,Mumbai,850,"10,000",85.00 L
5 BHK Independent Floor,Reputed Builder Wild Wood Park 2Andheri West,Andheri West,Mumbai,1601,"35,000",5.60 Cr
5 BHK Independent Floor,Reputed Builder Wild Wood Park 2Andheri West,Andheri West,Mumbai,1601,"35,000",5.60 Cr
1,,Kamothe,Mumbai,450,"11,000",49.50 L
1 BHK Apartment,Reputed Builder Wild Wood Park 2Andheri West,Andheri West,Mumbai,651,"35,000",2.28 Cr
1 BHK Apartment,Reputed Builder Wild Wood Park 2Andheri West,Andheri West,Mumbai,650,"35,000",2.27 Cr
3 BHK Apartment,Shiv Darshan Shiv Darshan SocietyMulund West,Mulund West,Mumbai,880,"25,000",2.20 Cr
1 BHK Apartment,Reputed Builder Wild Wood Park 2Andheri West,Andheri West,Mumbai,651,"35,000",2.28 Cr
1 BHK Apartment,Reputed Builder Wild Wood Park 2Andheri West,Andheri West,Mumbai,651,"35,000",2.28 Cr
5 BHK Independent Floor,Reputed Builder Wild Wood Park 2Andheri West,Andheri West,Mumbai,1601,"35,000",5.60 Cr
1 BHK Apartment,Reputed Builder Wild Wood Park 2Andheri West,Andheri West,Mumbai,651,"35,000",2.28 Cr
5 BHK Independent Floor,Reputed Builder Wild Wood Park 2Andheri West,Andheri West,Mumbai,1601,"35,000",5.60 Cr
1 BHK Apartment,Reputed Builder Wild Wood Park 2Andheri West,Andheri West,Mumbai,651,"35,000",2.28 Cr
5 BHK Independent Floor,Reputed Builder Wild Wood Park 2Andheri West,Andheri West,Mumbai,1601,"35,000",5.60 Cr
5 BHK Independent Floor,Reputed Builder Wild Wood Park 2Andheri West,Andheri West,Mumbai,1601,"35,000",5.60 Cr
5 BHK Independent Floor,Reputed Builder Wild Wood Park 2Andheri West,Andheri West,Mumbai,1601,"35,000",5.60 Cr
1 BHK Apartment,Reputed Builder Wild Wood Park 2Andheri West,Andheri West,Mumbai,651,"35,000",2.28 Cr
5 BHK Independent Floor,Reputed Builder Wild Wood Park 2Andheri West,Andheri West,Mumbai,1601,"35,000",5.60 Cr
5 BHK Independent Floor,Reputed Builder Wild Wood Park 2Andheri West,Andheri West,Mumbai,1601,"35,000",5.60 Cr
1 BHK Apartment,Reputed Builder Wild Wood Park 2Andheri West,Andheri West,Mumbai,651,"35,000",2.28 Cr
2,,Ghodbander,Mumbai,815,"25,000",2.04 Cr
1 BHK Apartment,Omkar Nutan Omkar ViharBadlapur East,Badlapur East,Mumbai,640,"25,000",1.60 Cr
1 BHK Apartment,Reputed Builder Wild Wood Park 2Andheri West,Andheri West,Mumbai,651,"35,000",2.28 Cr
1 BHK Apartment,Reputed Builder Wild Wood Park 2Andheri West,Andheri West,Mumbai,651,"35,000",2.28 Cr
5 BHK Independent Floor,Reputed Builder Wild Wood Park 2Andheri West,Andheri West,Mumbai,1601,"35,000",5.60 Cr
1 BHK Apartment,Reputed Builder Wild Wood Park 2Andheri West,Andheri West,Mumbai,651,"35,000",2.28 Cr
2 BHK Apartment,Fia OrionPalghar,Palghar,Mumbai,860,"8,000",68.80 L
1 BHK Apartment,Reputed Builder Wild Wood Park 2Andheri West,Andheri West,Mumbai,651,"35,000",2.28 Cr
1 BHK Apartment,Reputed Builder Wild Wood Park 2Andheri West,Andheri West,Mumbai,651,"35,000",2.28 Cr
5 BHK Independent Floor,Reputed Builder Wild Wood Park 2Andheri West,Andheri West,Mumbai,1601,"35,000",5.60 Cr
5 BHK Independent Floor,Reputed Builder Wild Wood Park 2Andheri West,Andheri West,Mumbai,1601,"35,000",5.60 Cr
1 BHK Apartment,Reputed Builder Wild Wood Park 2Andheri West,Andheri West,Mumbai,651,"35,000",2.28 Cr
2,,Ghodbander,Mumbai,815,"25,000",2.04 Cr
1 BHK Apartment,Omkar Nutan Omkar ViharBadlapur East,Badlapur East,Mumbai,640,"25,000",1.60 Cr
1 BHK Apartment,Reputed Builder Wild Wood Park 2Andheri West,Andheri West,Mumbai,651,"35,000",2.28 Cr
1 BHK Apartment,Reputed Builder Wild Wood Park 2Andheri West,Andheri West,Mumbai,651,"35,000",2.28 Cr
5 BHK Independent Floor,Reputed Builder Wild Wood Park 2Andheri West,Andheri West,Mumbai,1601,"35,000",5.60 Cr
1 BHK Apartment,Reputed Builder Wild Wood Park 2Andheri West,Andheri West,Mumbai,651,"35,000",2.28 Cr
2 BHK Apartment,Fia OrionPalghar,Palghar,Mumbai,860,"8,000",68.80 L
1 BHK Apartment,Reputed Builder Wild Wood Park 2Andheri West,Andheri West,Mumbai,651,"35,000",2.28 Cr
1 BHK Apartment,Reputed Builder Wild Wood Park 2Andheri West,Andheri West,Mumbai,651,"35,000",2.28 Cr
1 BHK Apartment,Reputed Builder Wild Wood Park 2Andheri West,Andheri West,Mumbai,651,"35,000",2.28 Cr
5 BHK Independent Floor,Reputed Builder Wild Wood Park 2Andheri West,Andheri West,Mumbai,1601,"35,000",5.60 Cr
1 BHK Apartment,Reputed Builder Wild Wood Park 2Andheri West,Andheri West,Mumbai,651,"35,000",2.28 Cr
1 BHK Apartment,Reputed Builder Wild Wood Park 2Andheri West,Andheri West,Mumbai,651,"35,000",2.28 Cr
5 BHK Independent Floor,Reputed Builder Wild Wood Park 2Andheri West,Andheri West,Mumbai,1601,"35,000",5.60 Cr
1 BHK Apartment,Reputed Builder Wild Wood Park 2Andheri West,Andheri West,Mumbai,651,"35,000",2.28 Cr
5 BHK Independent Floor,Reputed Builder Wild Wood Park 2Andheri West,Andheri West,Mumbai,1601,"35,000",5.60 Cr
5 BHK Independent Floor,Reputed Builder Wild Wood Park 2Andheri West,Andheri West,Mumbai,1601,"35,000",5.60 Cr
1 BHK Apartment,Reputed Builder Wild Wood Park 2Andheri West,Andheri West,Mumbai,651,"35,000",2.28 Cr
2 BHK Apartment,Swaraj Homes Mumbai Gruh Nirman CHSDadar West,Dadar West,Mumbai,3000,"55,000",16.50 Cr
3 BHK Apartment,Swaraj Homes Mumbai Gruh Nirman CHSDadar West,Dadar West,Mumbai,2000,"55,000",11.00 Cr
5 BHK Independent Floor,Reputed Builder Wild Wood Park 2Andheri West,Andheri West,Mumbai,1601,"35,000",5.60 Cr
1 BHK Apartment,Reputed Builder Wild Wood Park 2Andheri West,Andheri West,Mumbai,651,"35,000",2.28 Cr
1 BHK Apartment,Reputed Builder Wild Wood Park 2Andheri West,Andheri West,Mumbai,651,"35,000",2.28 Cr
5 BHK Independent Floor,Reputed Builder Wild Wood Park 2Andheri West,Andheri West,Mumbai,1601,"35,000",5.60 Cr
5 BHK Independent Floor,Reputed Builder Wild Wood Park 2Andheri West,Andheri West,Mumbai,1601,"35,000",5.60 Cr
5 BHK Independent Floor,Reputed Builder Wild Wood Park 2Andheri West,Andheri West,Mumbai,1601,"35,000",5.60 Cr
5 BHK Independent Floor,Reputed Builder Wild Wood Park 2Andheri West,Andheri West,Mumbai,1601,"35,000",5.60 Cr
1 BHK Apartment,Reputed Builder Wild Wood Park 2Andheri West,Andheri West,Mumbai,651,"35,000",2.28 Cr
5 BHK Independent Floor,Reputed Builder Wild Wood Park 2Andheri West,Andheri West,Mumbai,1601,"35,000",5.60 Cr
1 BHK Apartment,Reputed Builder Wild Wood Park 2Andheri West,Andheri West,Mumbai,651,"35,000",2.28 Cr
1 BHK Apartment,Lakshadeep ResidencyKaranjade,Karanjade,Mumbai,600,"25,000",1.50 Cr
1,,Dombivali East,Mumbai,560,"12,000",67.20 L
1,,Thakurli,Mumbai,673,"25,000",1.68 Cr
2,,Panvel,Mumbai,850,"10,000",85.00 L
5 BHK Independent Floor,Reputed Builder Wild Wood Park 2Andheri West,Andheri West,Mumbai,1601,"35,000",5.60 Cr
1,,Andheri West,Mumbai,611,"35,000",2.14 Cr
2 BHK Apartment,Reputed Builder Anmol TerraceLtdKoper Khairane,Koper Khairane,Mumbai,840,"25,000",2.10 Cr
5 BHK Independent Floor,Reputed Builder Wild Wood Park 2Andheri West,Andheri West,Mumbai,1601,"35,000",5.60 Cr
1 BHK Apartment,Reputed Builder Wild Wood Park 2Andheri West,Andheri West,Mumbai,651,"35,000",2.28 Cr
1 BHK Apartment,Reputed Builder Wild Wood Park 2Andheri West,Andheri West,Mumbai,651,"35,000",2.28 Cr
1 BHK Apartment,Reputed Builder Wild Wood Park 2Andheri West,Andheri West,Mumbai,651,"35,000",2.28 Cr
3 BHK Apartment,Reputed Builder EL-DoradoPrabhadevi,Prabhadevi,Mumbai,1925,"70,000",13.47 Cr
1,,Diva Gaon,Mumbai,590,"25,000",1.48 Cr
1,,Diva Gaon,Mumbai,350,"25,000",87.50 L
1,,Diva Gaon,Mumbai,350,"25,000",87.50 L
1,,Diva Gaon,Mumbai,430,"25,000",1.07 Cr
1,,Diva Gaon,Mumbai,590,"25,000",1.48 Cr
1,,Diva Gaon,Mumbai,430,"25,000",1.07 Cr
1,,Diva Gaon,Mumbai,510,"25,000",1.27 Cr
1,,Diva Gaon,Mumbai,590,"25,000",1.48 Cr
1,,Diva Gaon,Mumbai,350,"25,000",87.50 L
1,,Diva Gaon,Mumbai,350,"25,000",87.50 L
1,,Diva Gaon,Mumbai,465,"25,000",1.16 Cr
1,,Diva Gaon,Mumbai,430,"25,000",1.07 Cr
1,,Diva Gaon,Mumbai,350,"25,000",87.50 L
1,,Datiwali Gaon,Mumbai,465,"25,000",1.16 Cr
1,,Diva Gaon,Mumbai,465,"25,000",1.16 Cr
2 BHK Apartment,Reputed Builder Hari Om ValleyTitwala,Titwala,Mumbai,800,"25,000",2.00 Cr
1 BHK Apartment,Reputed Builder Wild Wood Park 2Andheri West,Andheri West,Mumbai,651,"35,000",2.28 Cr
5 BHK Independent Floor,Reputed Builder Wild Wood Park 2Andheri West,Andheri West,Mumbai,1601,"35,000",5.60 Cr
5 BHK Independent Floor,Reputed Builder Wild Wood Park 2Andheri West,Andheri West,Mumbai,1601,"35,000",5.60 Cr
2,,Kurla West,Mumbai,700,"25,000",1.75 Cr
1 BHK Apartment,Reputed Builder Wild Wood Park 2Andheri West,Andheri West,Mumbai,650,"35,000",2.27 Cr
5 BHK Independent Floor,Reputed Builder Wild Wood Park 2Andheri West,Andheri West,Mumbai,1600,"35,000",5.60 Cr
5 BHK Independent Floor,Reputed Builder Wild Wood Park 2Andheri West,Andheri West,Mumbai,1600,"35,000",5.60 Cr
2 BHK Apartment,Space New Vrindavan SpacesAndheri East,Andheri East,Mumbai,650,"28,000",1.82 Cr
3 BHK Independent House,Rustomjee Adarsh RegencyMalad East,Malad East,Mumbai,1300,"20,000",2.60 Cr
1,,Diva Gaon,Mumbai,350,"25,000",87.50 L
3,,Thane West,Mumbai,1350,"18,000",2.43 Cr
5 BHK Independent Floor,Reputed Builder Wild Wood Park 2Andheri West,Andheri West,Mumbai,1600,"35,000",5.60 Cr
4,,Girgaon,Mumbai,2200,"25,000",5.50 Cr
1 BHK Apartment,Reputed Builder Wild Wood Park 2Andheri West,Andheri West,Mumbai,651,"35,000",2.28 Cr
1 BHK Apartment,Reputed Builder Wild Wood Park 2Andheri West,Andheri West,Mumbai,651,"35,000",2.28 Cr
1 BHK Apartment,Reputed Builder Wild Wood Park 2Andheri West,Andheri West,Mumbai,651,"35,000",2.28 Cr
5 BHK Independent Floor,Reputed Builder Wild Wood Park 2Andheri West,Andheri West,Mumbai,1601,"35,000",5.60 Cr
5 BHK Independent Floor,Reputed Builder Wild Wood Park 2Andheri West,Andheri West,Mumbai,1601,"35,000",5.60 Cr
1 BHK Apartment,Reputed Builder Wild Wood Park 2Andheri West,Andheri West,Mumbai,651,"35,000",2.28 Cr
1 BHK Apartment,Neeta Gulraj HeightsKurla,Kurla,Mumbai,780,"25,000",1.95 Cr
3,,Santacruz West,Mumbai,1400,"60,000",8.40 Cr
1,,Masjid Bandar,Mumbai,410,"25,000",1.02 Cr
2 BHK Apartment,GHP Woodland HeightsPowai,Powai,Mumbai,1050,"38,000",3.99 Cr
1,,Beturkar Pada,Mumbai,500,"25,000",1.25 Cr
2 BHK Apartment,Marathon Nexzone Atlas 2Panvel,Panvel,Mumbai,1024,"10,000",1.02 Cr
1 BHK Apartment,MDM ZionAndheri West,Andheri West,Mumbai,540,"35,000",1.89 Cr
2,,Panvel,Mumbai,1200,"10,000",1.20 Cr
1,,Dombivli (West),Mumbai,712,"25,000",1.78 Cr
2 BHK Apartment,Wadhwa SolitaireThane West,Thane West,Mumbai,665,"18,000",1.20 Cr
2,,Ghatkopar West,Mumbai,1000,"32,000",3.20 Cr
3 BHK Apartment,Platinum The SpringsKalamboli,Kalamboli,Mumbai,1975,"25,000",4.94 Cr
1 BHK Apartment,Reputed Builder Wild Wood Park 2Andheri West,Andheri West,Mumbai,651,"35,000",2.28 Cr
5 BHK Independent Floor,Reputed Builder Wild Wood Park 2Andheri West,Andheri West,Mumbai,1601,"35,000",5.60 Cr
1 BHK Apartment,Reputed Builder Wild Wood Park 2Andheri West,Andheri West,Mumbai,651,"35,000",2.28 Cr
1 BHK Apartment,Reputed Builder Wild Wood Park 2Andheri West,Andheri West,Mumbai,651,"35,000",2.28 Cr
1 BHK Apartment,M Baria Bldg No 1 M Baria EverestVirar,Virar,Mumbai,510,"5,000",25.50 L
1,,Bhayandar West,Mumbai,760,"25,000",1.90 Cr
4,,Panvel,Mumbai,2500,"10,000",2.50 Cr
1 BHK Apartment,Reputed Builder Wild Wood Park 2Andheri West,Andheri West,Mumbai,651,"35,000",2.28 Cr
2 BHK Apartment,Tata New HavenBoisar,Boisar,Mumbai,670,"25,000",1.68 Cr
5 BHK Independent Floor,Reputed Builder Wild Wood Park 2Andheri West,Andheri West,Mumbai,1600,"35,000",5.60 Cr
2 BHK Apartment,Reputed Builder Hari Om ValleyTitwala,Titwala,Mumbai,800,"25,000",2.00 Cr
1,,Kalyan West,Mumbai,650,"10,000",65.00 L
5 BHK Independent Floor,Reputed Builder Wild Wood Park 2Andheri West,Andheri West,Mumbai,1600,"35,000",5.60 Cr
1 BHK Apartment,Patel SignatureAmbernath East,Ambernath East,Mumbai,600,"25,000",1.50 Cr
5 BHK Independent Floor,Reputed Builder Wild Wood Park 2Andheri West,Andheri West,Mumbai,1601,"35,000",5.60 Cr
5 BHK Independent Floor,Reputed Builder Wild Wood Park 2Andheri West,Andheri West,Mumbai,1601,"35,000",5.60 Cr
1 BHK Apartment,Reputed Builder Wild Wood Park 2Andheri West,Andheri West,Mumbai,651,"35,000",2.28 Cr
1 BHK Apartment,Reputed Builder Wild Wood Park 2Andheri West,Andheri West,Mumbai,651,"35,000",2.28 Cr
1 BHK Apartment,Reputed Builder Wild Wood Park 2Andheri West,Andheri West,Mumbai,650,"35,000",2.27 Cr
5 BHK Independent Floor,Reputed Builder Wild Wood Park 2Andheri West,Andheri West,Mumbai,1600,"35,000",5.60 Cr
5 BHK Independent Floor,Reputed Builder Wild Wood Park 2Andheri West,Andheri West,Mumbai,1600,"35,000",5.60 Cr
1 BHK Apartment,Reputed Builder Wild Wood Park 2Andheri West,Andheri West,Mumbai,650,"35,000",2.27 Cr
5 BHK Independent Floor,Reputed Builder Wild Wood Park 2Andheri West,Andheri West,Mumbai,1600,"35,000",5.60 Cr
2 BHK Apartment,Swastik HeightsDombivali,Dombivali,Mumbai,1075,"12,000",1.29 Cr
5 BHK Independent Floor,Reputed Builder Wild Wood Park 2Andheri West,Andheri West,Mumbai,1601,"35,000",5.60 Cr
5 BHK Independent Floor,Reputed Builder Wild Wood Park 2Andheri West,Andheri West,Mumbai,1601,"35,000",5.60 Cr
1 BHK Apartment,Reputed Builder Wild Wood Park 2Andheri West,Andheri West,Mumbai,651,"35,000",2.28 Cr
1 BHK Apartment,Reputed Builder Wild Wood Park 2Andheri West,Andheri West,Mumbai,651,"35,000",2.28 Cr
1 BHK Apartment,Reputed Builder Wild Wood Park 2Andheri West,Andheri West,Mumbai,651,"35,000",2.28 Cr
1 BHK Apartment,Reputed Builder Wild Wood Park 2Andheri West,Andheri West,Mumbai,651,"35,000",2.28 Cr
1 BHK Apartment,Reputed Builder Wild Wood Park 2Andheri West,Andheri West,Mumbai,651,"35,000",2.28 Cr
1 BHK Apartment,Reputed Builder Wild Wood Park 2Andheri West,Andheri West,Mumbai,651,"35,000",2.28 Cr
5 BHK Independent Floor,Reputed Builder Wild Wood Park 2Andheri West,Andheri West,Mumbai,1601,"35,000",5.60 Cr
5 BHK Independent Floor,Reputed Builder Wild Wood Park 2Andheri West,Andheri West,Mumbai,1601,"35,000",5.60 Cr
1 BHK Apartment,Reputed Builder Wild Wood Park 2Andheri West,Andheri West,Mumbai,651,"35,000",2.28 Cr
2 BHK Apartment,Gurukrupa Primus ResidencesSantacruz East,Santacruz East,Mumbai,1150,"45,000",5.17 Cr
1 BHK Apartment,Reputed Builder Wild Wood Park 2Andheri West,Andheri West,Mumbai,651,"35,000",2.28 Cr
1 BHK Apartment,Reputed Builder Wild Wood Park 2Andheri West,Andheri West,Mumbai,651,"35,000",2.28 Cr
1,,Ambernath East,Mumbai,593,"25,000",1.48 Cr
1 BHK Apartment,Laxmi Shankar Heights Phase 4Ambernath West,Ambernath West,Mumbai,665,"25,000",1.66 Cr
2,,Vishnu Nagar,Mumbai,1055,"25,000",2.64 Cr
5 BHK Independent Floor,Reputed Builder Wild Wood Park 2Andheri West,Andheri West,Mumbai,1601,"35,000",5.60 Cr
5 BHK Independent Floor,Reputed Builder Wild Wood Park 2Andheri West,Andheri West,Mumbai,1601,"35,000",5.60 Cr
1 BHK Apartment,Reputed Builder Wild Wood Park 2Andheri West,Andheri West,Mumbai,651,"35,000",2.28 Cr
5 BHK Independent Floor,Reputed Builder Wild Wood Park 2Andheri West,Andheri West,Mumbai,1601,"35,000",5.60 Cr
5 BHK Independent Floor,Reputed Builder Wild Wood Park 2Andheri West,Andheri West,Mumbai,1601,"35,000",5.60 Cr
5 BHK Independent Floor,Reputed Builder Wild Wood Park 2Andheri West,Andheri West,Mumbai,1601,"35,000",5.60 Cr
2,,Badlapur East,Mumbai,1150,"25,000",2.88 Cr
5 BHK Independent Floor,Reputed Builder Wild Wood Park 2Andheri West,Andheri West,Mumbai,1601,"35,000",5.60 Cr
1 BHK Apartment,Reputed Builder Wild Wood Park 2Andheri West,Andheri West,Mumbai,651,"35,000",2.28 Cr
5 BHK Independent Floor,Reputed Builder Wild Wood Park 2Andheri West,Andheri West,Mumbai,1601,"35,000",5.60 Cr
1 BHK Apartment,Labdhi LeelaUlwe,Ulwe,Mumbai,670,"9,000",60.30 L
1 BHK Apartment,Reputed Builder Wild Wood Park 2Andheri West,Andheri West,Mumbai,651,"35,000",2.28 Cr
5 BHK Independent Floor,Reputed Builder Wild Wood Park 2Andheri West,Andheri West,Mumbai,1601,"35,000",5.60 Cr
1 BHK Apartment,Reputed Builder Wild Wood Park 2Andheri West,Andheri West,Mumbai,651,"35,000",2.28 Cr
1 BHK Apartment,Reputed Builder Wild Wood Park 2Andheri West,Andheri West,Mumbai,651,"35,000",2.28 Cr
1 BHK Apartment,Reputed Builder Wild Wood Park 2Andheri West,Andheri West,Mumbai,650,"35,000",2.27 Cr
3,,Dadar East,Mumbai,1600,"45,000",7.20 Cr
1 BHK Apartment,Reputed Builder Wild Wood Park 2Andheri West,Andheri West,Mumbai,651,"35,000",2.28 Cr
1 BHK Apartment,Reputed Builder Wild Wood Park 2Andheri West,Andheri West,Mumbai,650,"35,000",2.27 Cr
2 BHK Apartment,Fine Fountain PlazaDombivali,Dombivali,Mumbai,800,"12,000",96.00 L
1 BHK Apartment,Reputed Builder Wild Wood Park 2Andheri West,Andheri West,Mumbai,651,"35,000",2.28 Cr
5 BHK Independent Floor,Reputed Builder Wild Wood Park 2Andheri West,Andheri West,Mumbai,1601,"35,000",5.60 Cr
5 BHK Independent Floor,Reputed Builder Wild Wood Park 2Andheri West,Andheri West,Mumbai,1601,"35,000",5.60 Cr
2 BHK Apartment,Mahavir PlazaAiroli,Airoli,Mumbai,700,"14,000",98.00 L
5 BHK Independent Floor,Reputed Builder Wild Wood Park 2Andheri West,Andheri West,Mumbai,1601,"35,000",5.60 Cr
1 BHK Apartment,Chintamani Maple City Phase IBadlapur West,Badlapur West,Mumbai,640,"7,000",44.80 L
1,,Dombivli (West),Mumbai,545,"25,000",1.36 Cr
5 BHK Independent Floor,Reputed Builder Wild Wood Park 2Andheri West,Andheri West,Mumbai,1601,"35,000",5.60 Cr
2 BHK Apartment,Reputed Builder Ever Shine ApartmentAndheri West,Andheri West,Mumbai,675,"35,000",2.36 Cr
5 BHK Independent Floor,Reputed Builder Wild Wood Park 2Andheri West,Andheri West,Mumbai,1601,"35,000",5.60 Cr
1 BHK Apartment,Reputed Builder Wild Wood Park 2Andheri West,Andheri West,Mumbai,651,"35,000",2.28 Cr
5 BHK Independent Floor,Reputed Builder Wild Wood Park 2Andheri West,Andheri West,Mumbai,1601,"35,000",5.60 Cr
1 BHK Apartment,Reputed Builder Wild Wood Park 2Andheri West,Andheri West,Mumbai,651,"35,000",2.28 Cr
1 BHK Apartment,Reputed Builder Wild Wood Park 2Andheri West,Andheri West,Mumbai,651,"35,000",2.28 Cr
5 BHK Independent Floor,Reputed Builder Wild Wood Park 2Andheri West,Andheri West,Mumbai,1601,"35,000",5.60 Cr
5 BHK Independent Floor,Reputed Builder Wild Wood Park 2Andheri West,Andheri West,Mumbai,1601,"35,000",5.60 Cr
5 BHK Independent Floor,Reputed Builder Wild Wood Park 2Andheri West,Andheri West,Mumbai,1601,"35,000",5.60 Cr
1 BHK Apartment,Reputed Builder Wild Wood Park 2Andheri West,Andheri West,Mumbai,651,"35,000",2.28 Cr
1,,Neral,Mumbai,450,"6,000",27.00 L
1,,Neral,Mumbai,450,"6,000",27.00 L
1,,Neral,Mumbai,450,"6,000",27.00 L
1,,Neral,Mumbai,450,"6,000",27.00 L
1 BHK Apartment,Reputed Builder Wild Wood Park 2Andheri West,Andheri West,Mumbai,651,"35,000",2.28 Cr
5 BHK Independent Floor,Reputed Builder Wild Wood Park 2Andheri West,Andheri West,Mumbai,1601,"35,000",5.60 Cr
5 BHK Independent Floor,Reputed Builder Wild Wood Park 2Andheri West,Andheri West,Mumbai,1601,"35,000",5.60 Cr
5 BHK Independent Floor,Reputed Builder Wild Wood Park 2Andheri West,Andheri West,Mumbai,1601,"35,000",5.60 Cr
5 BHK Independent Floor,Reputed Builder Wild Wood Park 2Andheri West,Andheri West,Mumbai,1601,"35,000",5.60 Cr
4 BHK Apartment,Reputed Builder Adani Western HeightsAndheri West,Andheri West,Mumbai,2016,"35,000",7.06 Cr
3 BHK Apartment,Bhumiraj HermitageSanpada,Sanpada,Mumbai,1500,"25,000",3.75 Cr
2,,Andheri East,Mumbai,950,"28,000",2.66 Cr
2,,Ghatkopar East,Mumbai,580,"28,000",1.62 Cr
1,,Saphale,Mumbai,580,"25,000",1.45 Cr
1,,Ulwe,Mumbai,635,"9,000",57.15 L
5 BHK Independent Floor,Reputed Builder Wild Wood Park 2Andheri West,Andheri West,Mumbai,1601,"35,000",5.60 Cr
1 BHK Apartment,Reputed Builder Wild Wood Park 2Andheri West,Andheri West,Mumbai,651,"35,000",2.28 Cr
5 BHK Independent Floor,Reputed Builder Wild Wood Park 2Andheri West,Andheri West,Mumbai,1601,"35,000",5.60 Cr
1 BHK Apartment,Reputed Builder Wild Wood Park 2Andheri West,Andheri West,Mumbai,651,"35,000",2.28 Cr
1 BHK Apartment,Reputed Builder Wild Wood Park 2Andheri West,Andheri West,Mumbai,651,"35,000",2.28 Cr
5 BHK Independent Floor,Reputed Builder Wild Wood Park 2Andheri West,Andheri West,Mumbai,1601,"35,000",5.60 Cr
5 BHK Independent Floor,Reputed Builder Wild Wood Park 2Andheri West,Andheri West,Mumbai,1601,"35,000",5.60 Cr
5 BHK Independent Floor,Reputed Builder Wild Wood Park 2Andheri West,Andheri West,Mumbai,1601,"35,000",5.60 Cr
1 BHK Apartment,Reputed Builder Wild Wood Park 2Andheri West,Andheri West,Mumbai,651,"35,000",2.28 Cr
1,,Neral,Mumbai,450,"6,000",27.00 L
1,,Neral,Mumbai,450,"6,000",27.00 L
1,,Neral,Mumbai,450,"6,000",27.00 L
1,,Neral,Mumbai,450,"6,000",27.00 L
1 BHK Apartment,Reputed Builder Wild Wood Park 2Andheri West,Andheri West,Mumbai,651,"35,000",2.28 Cr
5 BHK Independent Floor,Reputed Builder Wild Wood Park 2Andheri West,Andheri West,Mumbai,1601,"35,000",5.60 Cr
5 BHK Independent Floor,Reputed Builder Wild Wood Park 2Andheri West,Andheri West,Mumbai,1601,"35,000",5.60 Cr
5 BHK Independent Floor,Reputed Builder Wild Wood Park 2Andheri West,Andheri West,Mumbai,1601,"35,000",5.60 Cr
5 BHK Independent Floor,Reputed Builder Wild Wood Park 2Andheri West,Andheri West,Mumbai,1601,"35,000",5.60 Cr
1 BHK Apartment,Reputed Builder Wild Wood Park 2Andheri West,Andheri West,Mumbai,651,"35,000",2.28 Cr
1 BHK Apartment,Reputed Builder Wild Wood Park 2Andheri West,Andheri West,Mumbai,651,"35,000",2.28 Cr
2 BHK Apartment,Asaya Nivasti AurousKoper Khairane,Koper Khairane,Mumbai,653,"25,000",1.63 Cr
2 BHK Apartment,Asaya Nivasti AurousKoper Khairane,Koper Khairane,Mumbai,653,"25,000",1.63 Cr
2 BHK Apartment,Asaya Nivasti AurousKoper Khairane,Koper Khairane,Mumbai,653,"25,000",1.63 Cr
5 BHK Independent Floor,Reputed Builder Wild Wood Park 2Andheri West,Andheri West,Mumbai,1601,"35,000",5.60 Cr
5 BHK Independent Floor,Reputed Builder Wild Wood Park 2Andheri West,Andheri West,Mumbai,1601,"35,000",5.60 Cr
1 BHK Apartment,K Raheja Maple LeafPowai,Powai,Mumbai,850,"38,000",3.23 Cr
5 BHK Independent Floor,Reputed Builder Wild Wood Park 2Andheri West,Andheri West,Mumbai,1601,"35,000",5.60 Cr
2 BHK Apartment,Reputed Builder Ever Shine ApartmentAndheri West,Andheri West,Mumbai,675,"35,000",2.36 Cr
1 BHK Apartment,Reputed Builder Wild Wood Park 2Andheri West,Andheri West,Mumbai,651,"35,000",2.28 Cr
5 BHK Independent Floor,Reputed Builder Wild Wood Park 2Andheri West,Andheri West,Mumbai,1601,"35,000",5.60 Cr
1 BHK Apartment,Reputed Builder Wild Wood Park 2Andheri West,Andheri West,Mumbai,651,"35,000",2.28 Cr
1 BHK Apartment,Reputed Builder Wild Wood Park 2Andheri West,Andheri West,Mumbai,651,"35,000",2.28 Cr
5 BHK Independent Floor,Reputed Builder Wild Wood Park 2Andheri West,Andheri West,Mumbai,1601,"35,000",5.60 Cr
1 BHK Apartment,Reputed Builder Wild Wood Park 2Andheri West,Andheri West,Mumbai,651,"35,000",2.28 Cr
1 BHK Apartment,Reputed Builder Wild Wood Park 2Andheri West,Andheri West,Mumbai,651,"35,000",2.28 Cr
2 BHK Apartment,Gurukrupa Primus ResidencesSantacruz East,Santacruz East,Mumbai,1150,"45,000",5.17 Cr
1 BHK Apartment,Reputed Builder Wild Wood Park 2Andheri West,Andheri West,Mumbai,651,"35,000",2.28 Cr
1 BHK Apartment,Reputed Builder Wild Wood Park 2Andheri West,Andheri West,Mumbai,651,"35,000",2.28 Cr
1,,Ambernath East,Mumbai,593,"25,000",1.48 Cr
1 BHK Apartment,Laxmi Shankar Heights Phase 4Ambernath West,Ambernath West,Mumbai,665,"25,000",1.66 Cr
2,,Vishnu Nagar,Mumbai,1055,"25,000",2.64 Cr
5 BHK Independent Floor,Reputed Builder Wild Wood Park 2Andheri West,Andheri West,Mumbai,1601,"35,000",5.60 Cr
5 BHK Independent Floor,Reputed Builder Wild Wood Park 2Andheri West,Andheri West,Mumbai,1601,"35,000",5.60 Cr
1 BHK Apartment,Reputed Builder Wild Wood Park 2Andheri West,Andheri West,Mumbai,651,"35,000",2.28 Cr
5 BHK Independent Floor,Reputed Builder Wild Wood Park 2Andheri West,Andheri West,Mumbai,1601,"35,000",5.60 Cr
5 BHK Independent Floor,Reputed Builder Wild Wood Park 2Andheri West,Andheri West,Mumbai,1601,"35,000",5.60 Cr
5 BHK Independent Floor,Reputed Builder Wild Wood Park 2Andheri West,Andheri West,Mumbai,1601,"35,000",5.60 Cr
2,,Badlapur East,Mumbai,1150,"25,000",2.88 Cr
5 BHK Independent Floor,Reputed Builder Wild Wood Park 2Andheri West,Andheri West,Mumbai,1601,"35,000",5.60 Cr
1 BHK Apartment,Reputed Builder Wild Wood Park 2Andheri West,Andheri West,Mumbai,651,"35,000",2.28 Cr
5 BHK Independent Floor,Reputed Builder Wild Wood Park 2Andheri West,Andheri West,Mumbai,1601,"35,000",5.60 Cr
1 RK Studio Apartment,Pioneer Heritage Residency 2Santacruz West,Santacruz West,Mumbai,560,"60,000",3.36 Cr
5 BHK Independent Floor,Reputed Builder Wild Wood Park 2Andheri West,Andheri West,Mumbai,1601,"35,000",5.60 Cr
5 BHK Independent Floor,Reputed Builder Wild Wood Park 2Andheri West,Andheri West,Mumbai,1601,"35,000",5.60 Cr
5 BHK Independent Floor,Reputed Builder Wild Wood Park 2Andheri West,Andheri West,Mumbai,1601,"35,000",5.60 Cr
1 BHK Apartment,Reputed Builder Wild Wood Park 2Andheri West,Andheri West,Mumbai,651,"35,000",2.28 Cr
3 BHK Apartment,Reputed Builder Ganjawala EnclaveBorivali West,Borivali West,Mumbai,1080,"18,000",1.94 Cr
1 BHK Apartment,Arihant AnshulaTaloja,Taloja,Mumbai,750,"25,000",1.88 Cr
5 BHK Independent Floor,Reputed Builder Wild Wood Park 2Andheri West,Andheri West,Mumbai,1600,"35,000",5.60 Cr
2 BHK Apartment,Shapoorji Pallonji Joyville VirarVirar,Virar,Mumbai,1100,"5,000",55.00 L
1,,Kharghar,Mumbai,610,"12,000",73.20 L
1 BHK Apartment,Reputed Builder Wild Wood Park 2Andheri West,Andheri West,Mumbai,650,"35,000",2.27 Cr
2,,Belapur,Mumbai,720,"16,000",1.15 Cr
2 BHK Apartment,Piramal Aranya Arav TowerByculla,Byculla,Mumbai,1400,"25,000",3.50 Cr
4 BHK Apartment,Kalpataru SolitaireJuhu,Juhu,Mumbai,2400,"75,000",18.00 Cr
3 BHK Apartment,Reputed Builder Tycoon SapphireKalyan West,Kalyan West,Mumbai,1368,"10,000",1.37 Cr
1 BHK Apartment,MDM ZionAndheri West,Andheri West,Mumbai,540,"35,000",1.89 Cr
1 BHK Apartment,Reputed Builder Wild Wood Park 2Andheri West,Andheri West,Mumbai,650,"35,000",2.27 Cr
3,,Dadar East,Mumbai,1600,"45,000",7.20 Cr
1 BHK Apartment,Reputed Builder Wild Wood Park 2Andheri West,Andheri West,Mumbai,651,"35,000",2.28 Cr
1 BHK Apartment,Reputed Builder Wild Wood Park 2Andheri West,Andheri West,Mumbai,650,"35,000",2.27 Cr
2 BHK Apartment,Fine Fountain PlazaDombivali,Dombivali,Mumbai,800,"12,000",96.00 L
1 BHK Apartment,Reputed Builder Wild Wood Park 2Andheri West,Andheri West,Mumbai,651,"35,000",2.28 Cr
5 BHK Independent Floor,Reputed Builder Wild Wood Park 2Andheri West,Andheri West,Mumbai,1601,"35,000",5.60 Cr
1 BHK Apartment,Reputed Builder Wild Wood Park 2Andheri West,Andheri West,Mumbai,651,"35,000",2.28 Cr
5 BHK Independent Floor,Reputed Builder Wild Wood Park 2Andheri West,Andheri West,Mumbai,1601,"35,000",5.60 Cr
1 BHK Apartment,Reputed Builder Wild Wood Park 2Andheri West,Andheri West,Mumbai,651,"35,000",2.28 Cr
1 BHK Apartment,Reputed Builder Wild Wood Park 2Andheri West,Andheri West,Mumbai,651,"35,000",2.28 Cr
5 BHK Independent Floor,Reputed Builder Wild Wood Park 2Andheri West,Andheri West,Mumbai,1601,"35,000",5.60 Cr
1 BHK Apartment,Reputed Builder Wild Wood Park 2Andheri West,Andheri West,Mumbai,651,"35,000",2.28 Cr
1 BHK Apartment,Reputed Builder Wild Wood Park 2Andheri West,Andheri West,Mumbai,651,"35,000",2.28 Cr
1 BHK Apartment,Reputed Builder Wild Wood Park 2Andheri West,Andheri West,Mumbai,651,"35,000",2.28 Cr
1 BHK Apartment,Reputed Builder Wild Wood Park 2Andheri West,Andheri West,Mumbai,651,"35,000",2.28 Cr
1 BHK Apartment,Reputed Builder Wild Wood Park 2Andheri West,Andheri West,Mumbai,650,"35,000",2.27 Cr
1 BHK Apartment,Reputed Builder Wild Wood Park 2Andheri West,Andheri West,Mumbai,651,"35,000",2.28 Cr
5 BHK Independent Floor,Reputed Builder Wild Wood Park 2Andheri West,Andheri West,Mumbai,1601,"35,000",5.60 Cr
1 BHK Apartment,Reputed Builder Wild Wood Park 2Andheri West,Andheri West,Mumbai,651,"35,000",2.28 Cr
1 BHK Apartment,Reputed Builder Wild Wood Park 2Andheri West,Andheri West,Mumbai,651,"35,000",2.28 Cr
5 BHK Independent Floor,Reputed Builder Wild Wood Park 2Andheri West,Andheri West,Mumbai,1601,"35,000",5.60 Cr
1 BHK Apartment,Reputed Builder Wild Wood Park 2Andheri West,Andheri West,Mumbai,651,"35,000",2.28 Cr
1 BHK Apartment,Reputed Builder Wild Wood Park 2Andheri West,Andheri West,Mumbai,651,"35,000",2.28 Cr
5 BHK Independent Floor,Reputed Builder Wild Wood Park 2Andheri West,Andheri West,Mumbai,1601,"35,000",5.60 Cr
1 BHK Apartment,Reputed Builder Wild Wood Park 2Andheri West,Andheri West,Mumbai,651,"35,000",2.28 Cr
5 BHK Independent Floor,Reputed Builder Wild Wood Park 2Andheri West,Andheri West,Mumbai,1601,"35,000",5.60 Cr
2 RK Studio Apartment,Crescent LandmarkAndheri East,Andheri East,Mumbai,421,"28,000",1.18 Cr
2,,New Balaji Nagar,Mumbai,775,"25,000",1.94 Cr
1 BHK Apartment,Reputed Builder 1 Row HouseKandivali East,Kandivali East,Mumbai,1111,"22,000",2.44 Cr
1 RK Studio Apartment,Shree Umiya Varsha PalmDombivali,Dombivali,Mumbai,675,"12,000",81.00 L
1 BHK Apartment,Arihant AnshulaTaloja,Taloja,Mumbai,600,"25,000",1.50 Cr
2 BHK Apartment,Arihant AnshulaTaloja,Taloja,Mumbai,850,"25,000",2.12 Cr
1,,Dahisar East,Mumbai,230,"18,000",41.40 L
1,,Bandra East,Mumbai,405,"65,000",2.63 Cr
1,,Kalyan West,Mumbai,760,"10,000",76.00 L
1,,Santosh Nagar,Mumbai,415,"25,000",1.04 Cr
2,,Colaba,Mumbai,1000,"25,000",2.50 Cr
1 BHK Apartment,Reputed Builder Reliable RegencyNalasopara East,Nalasopara East,Mumbai,625,"5,500",34.38 L
1 BHK Apartment,Royale OzonePanvel,Panvel,Mumbai,636,"10,000",63.60 L
1 BHK Apartment,Raj NirvanaAmbernath East,Ambernath East,Mumbai,675,"25,000",1.69 Cr
1,,Andheri East,Mumbai,225,"28,000",63.00 L
2 BHK Apartment,Lodha WoodsKandivali East,Kandivali East,Mumbai,900,"22,000",1.98 Cr
1 BHK Apartment,Sunrise Mahek MillenniaDombivali,Dombivali,Mumbai,550,"12,000",66.00 L
3,,Kandivali West,Mumbai,1650,"24,000",3.96 Cr
1,,Naigaon West,Mumbai,650,"25,000",1.62 Cr
1,,Goregaon East,Mumbai,12600,"24,000",30.24 Cr
5 BHK Independent Floor,Reputed Builder Wild Wood Park 2Andheri West,Andheri West,Mumbai,1601,"35,000",5.60 Cr
1 BHK Apartment,Reputed Builder Wild Wood Park 2Andheri West,Andheri West,Mumbai,651,"35,000",2.28 Cr
5 BHK Independent Floor,Reputed Builder Wild Wood Park 2Andheri West,Andheri West,Mumbai,1601,"35,000",5.60 Cr
5 BHK Independent Floor,Reputed Builder Wild Wood Park 2Andheri West,Andheri West,Mumbai,1601,"35,000",5.60 Cr
1 BHK Apartment,Reputed Builder Wild Wood Park 2Andheri West,Andheri West,Mumbai,651,"35,000",2.28 Cr
5 BHK Independent Floor,Reputed Builder Wild Wood Park 2Andheri West,Andheri West,Mumbai,1601,"35,000",5.60 Cr
1 BHK Apartment,Reputed Builder Wild Wood Park 2Andheri West,Andheri West,Mumbai,651,"35,000",2.28 Cr
1 BHK Apartment,Reputed Builder Wild Wood Park 2Andheri West,Andheri West,Mumbai,651,"35,000",2.28 Cr
5 BHK Independent Floor,Reputed Builder Wild Wood Park 2Andheri West,Andheri West,Mumbai,1601,"35,000",5.60 Cr
1 BHK Apartment,Reputed Builder Wild Wood Park 2Andheri West,Andheri West,Mumbai,651,"35,000",2.28 Cr
5 BHK Independent Floor,Reputed Builder Wild Wood Park 2Andheri West,Andheri West,Mumbai,1601,"35,000",5.60 Cr
1 BHK Apartment,Reputed Builder Wild Wood Park 2Andheri West,Andheri West,Mumbai,651,"35,000",2.28 Cr
5 BHK Independent Floor,Reputed Builder Wild Wood Park 2Andheri West,Andheri West,Mumbai,1601,"35,000",5.60 Cr
5 BHK Independent Floor,Reputed Builder Wild Wood Park 2Andheri West,Andheri West,Mumbai,1601,"35,000",5.60 Cr
1 BHK Apartment,Reputed Builder Wild Wood Park 2Andheri West,Andheri West,Mumbai,651,"35,000",2.28 Cr
1 BHK Apartment,Reputed Builder Wild Wood Park 2Andheri West,Andheri West,Mumbai,651,"35,000",2.28 Cr
1 BHK Apartment,Reputed Builder Wild Wood Park 2Andheri West,Andheri West,Mumbai,651,"35,000",2.28 Cr
1 BHK Apartment,Reputed Builder Wild Wood Park 2Andheri West,Andheri West,Mumbai,651,"35,000",2.28 Cr
5 BHK Independent Floor,Reputed Builder Wild Wood Park 2Andheri West,Andheri West,Mumbai,1601,"35,000",5.60 Cr
1 BHK Apartment,Reputed Builder Wild Wood Park 2Andheri West,Andheri West,Mumbai,651,"35,000",2.28 Cr
1 BHK Apartment,Reputed Builder Wild Wood Park 2Andheri West,Andheri West,Mumbai,651,"35,000",2.28 Cr
5 BHK Independent Floor,Reputed Builder Wild Wood Park 2Andheri West,Andheri West,Mumbai,1601,"35,000",5.60 Cr
1 BHK Apartment,Reputed Builder Wild Wood Park 2Andheri West,Andheri West,Mumbai,651,"35,000",2.28 Cr
5 BHK Independent Floor,Reputed Builder Wild Wood Park 2Andheri West,Andheri West,Mumbai,1601,"35,000",5.60 Cr
5 BHK Independent Floor,Reputed Builder Wild Wood Park 2Andheri West,Andheri West,Mumbai,1601,"35,000",5.60 Cr
1 BHK Apartment,Reputed Builder Wild Wood Park 2Andheri West,Andheri West,Mumbai,651,"35,000",2.28 Cr
1 BHK Apartment,Reputed Builder Wild Wood Park 2Andheri West,Andheri West,Mumbai,651,"35,000",2.28 Cr
1 BHK Apartment,Reputed Builder Wild Wood Park 2Andheri West,Andheri West,Mumbai,651,"35,000",2.28 Cr
1 BHK Apartment,Reputed Builder Wild Wood Park 2Andheri West,Andheri West,Mumbai,651,"35,000",2.28 Cr
5 BHK Independent Floor,Reputed Builder Wild Wood Park 2Andheri West,Andheri West,Mumbai,1601,"35,000",5.60 Cr
1 BHK Apartment,Reputed Builder Wild Wood Park 2Andheri West,Andheri West,Mumbai,651,"35,000",2.28 Cr
1 BHK Apartment,Reputed Builder Wild Wood Park 2Andheri West,Andheri West,Mumbai,651,"35,000",2.28 Cr
1 BHK Apartment,Reputed Builder Wild Wood Park 2Andheri West,Andheri West,Mumbai,651,"35,000",2.28 Cr
5 BHK Independent Floor,Reputed Builder Wild Wood Park 2Andheri West,Andheri West,Mumbai,1601,"35,000",5.60 Cr
1 BHK Apartment,Reputed Builder Wild Wood Park 2Andheri West,Andheri West,Mumbai,651,"35,000",2.28 Cr
5 BHK Independent Floor,Reputed Builder Wild Wood Park 2Andheri West,Andheri West,Mumbai,1601,"35,000",5.60 Cr
1 BHK Apartment,Reputed Builder Wild Wood Park 2Andheri West,Andheri West,Mumbai,651,"35,000",2.28 Cr
5 BHK Independent Floor,Reputed Builder Wild Wood Park 2Andheri West,Andheri West,Mumbai,1601,"35,000",5.60 Cr
1 BHK Apartment,Reputed Builder Wild Wood Park 2Andheri West,Andheri West,Mumbai,651,"35,000",2.28 Cr
5 BHK Independent Floor,Reputed Builder Wild Wood Park 2Andheri West,Andheri West,Mumbai,1601,"35,000",5.60 Cr
1 BHK Apartment,Reputed Builder Wild Wood Park 2Andheri West,Andheri West,Mumbai,651,"35,000",2.28 Cr
5 BHK Independent Floor,Reputed Builder Wild Wood Park 2Andheri West,Andheri West,Mumbai,1601,"35,000",5.60 Cr
5 BHK Independent Floor,Reputed Builder Wild Wood Park 2Andheri West,Andheri West,Mumbai,1601,"35,000",5.60 Cr
2 BHK Apartment,Mahavir PlazaAiroli,Airoli,Mumbai,700,"14,000",98.00 L
5 BHK Independent Floor,Reputed Builder Wild Wood Park 2Andheri West,Andheri West,Mumbai,1601,"35,000",5.60 Cr
1 BHK Apartment,Chintamani Maple City Phase IBadlapur West,Badlapur West,Mumbai,640,"7,000",44.80 L
3 BHK Apartment,Rosa RoyaleThane West,Thane West,Mumbai,660,"18,000",1.19 Cr
4 BHK Apartment,Reputed Builder Shreeji SplendorThane West,Thane West,Mumbai,1000,"18,000",1.80 Cr
2,,Dombivali East,Mumbai,858,"12,000",1.03 Cr
1 BHK Apartment,Sunrise Spring DaleMalad West,Malad West,Mumbai,548,"22,000",1.21 Cr
1 RK Studio Apartment,Reputed Builder Chatrapati Shivaji Raje ComplexKandivali West,Kandivali West,Mumbai,370,"24,000",88.80 L
2,,Malad East,Mumbai,660,"20,000",1.32 Cr
2 BHK Apartment,Reputed Builder Dhiraj ApartmentMulund West,Mulund West,Mumbai,660,"25,000",1.65 Cr
1 BHK Apartment,Reputed Builder Blue Ocean 2Kandivali West,Kandivali West,Mumbai,530,"24,000",1.27 Cr
1,,Ulwe,Mumbai,600,"9,000",54.00 L
1,,Ulwe,Mumbai,350,"9,000",31.50 L
1,,Santacruz East,Mumbai,394,"45,000",1.77 Cr
1,,Goregaon East,Mumbai,12600,"24,000",30.24 Cr
3 BHK Apartment,Lodha Codename Crown JewelThane West,Thane West,Mumbai,1200,"18,000",2.16 Cr
5 BHK Independent House,Hermitage ComplexMira Road East,Mira Road East,Mumbai,4200,"12,000",5.04 Cr
2 BHK Apartment,Rishabraj Nemi EleganceKandivali West,Kandivali West,Mumbai,771,"24,000",1.85 Cr
2 BHK Apartment,Rishabraj Nemi EleganceKandivali West,Kandivali West,Mumbai,771,"24,000",1.85 Cr
2 BHK Apartment,Rishabraj Nemi EleganceKandivali West,Kandivali West,Mumbai,771,"24,000",1.85 Cr
2 BHK Apartment,Rishabraj Nemi EleganceKandivali West,Kandivali West,Mumbai,771,"24,000",1.85 Cr
2 BHK Apartment,Rishabraj Nemi EleganceKandivali West,Kandivali West,Mumbai,771,"24,000",1.85 Cr
5 BHK Independent Floor,Reputed Builder Wild Wood Park 2Andheri West,Andheri West,Mumbai,1600,"35,000",5.60 Cr
5 BHK Independent Floor,Reputed Builder Wild Wood Park 2Andheri West,Andheri West,Mumbai,1601,"35,000",5.60 Cr
1 BHK Apartment,Reputed Builder Wild Wood Park 2Andheri West,Andheri West,Mumbai,651,"35,000",2.28 Cr
1 BHK Apartment,Reputed Builder Wild Wood Park 2Andheri West,Andheri West,Mumbai,651,"35,000",2.28 Cr
5 BHK Independent Floor,Reputed Builder Wild Wood Park 2Andheri West,Andheri West,Mumbai,1601,"35,000",5.60 Cr
1 BHK Apartment,Reputed Builder Wild Wood Park 2Andheri West,Andheri West,Mumbai,651,"35,000",2.28 Cr
5 BHK Independent Floor,Reputed Builder Wild Wood Park 2Andheri West,Andheri West,Mumbai,1601,"35,000",5.60 Cr
1 BHK Apartment,Reputed Builder Wild Wood Park 2Andheri West,Andheri West,Mumbai,651,"35,000",2.28 Cr
1 BHK Apartment,Reputed Builder Wild Wood Park 2Andheri West,Andheri West,Mumbai,651,"35,000",2.28 Cr
5 BHK Independent Floor,Reputed Builder Wild Wood Park 2Andheri West,Andheri West,Mumbai,1601,"35,000",5.60 Cr
1 BHK Apartment,Reputed Builder Wild Wood Park 2Andheri West,Andheri West,Mumbai,651,"35,000",2.28 Cr
5 BHK Independent Floor,Reputed Builder Wild Wood Park 2Andheri West,Andheri West,Mumbai,1601,"35,000",5.60 Cr
3,,Girgaon,Mumbai,650,"25,000",1.62 Cr
1,,Airoli,Mumbai,450,"14,000",63.00 L
1 RK Studio Apartment,Avaj ResidencyPanvel,Panvel,Mumbai,383,"10,000",38.30 L
5 BHK Independent Floor,Reputed Builder Wild Wood Park 2Andheri West,Andheri West,Mumbai,1601,"35,000",5.60 Cr
1 BHK Apartment,Reputed Builder Wild Wood Park 2Andheri West,Andheri West,Mumbai,651,"35,000",2.28 Cr
5 BHK Independent Floor,Reputed Builder Wild Wood Park 2Andheri West,Andheri West,Mumbai,1601,"35,000",5.60 Cr
1 BHK Apartment,Reputed Builder Wild Wood Park 2Andheri West,Andheri West,Mumbai,651,"35,000",2.28 Cr
5 BHK Independent Floor,Reputed Builder Wild Wood Park 2Andheri West,Andheri West,Mumbai,1601,"35,000",5.60 Cr
1 BHK Apartment,Reputed Builder Wild Wood Park 2Andheri West,Andheri West,Mumbai,651,"35,000",2.28 Cr
1 BHK Apartment,Reputed Builder Wild Wood Park 2Andheri West,Andheri West,Mumbai,651,"35,000",2.28 Cr
1 BHK Apartment,Reputed Builder Wild Wood Park 2Andheri West,Andheri West,Mumbai,651,"35,000",2.28 Cr
5 BHK Independent Floor,Reputed Builder Wild Wood Park 2Andheri West,Andheri West,Mumbai,1601,"35,000",5.60 Cr
3 BHK Apartment,Reputed Builder EL-DoradoPrabhadevi,Prabhadevi,Mumbai,1925,"70,000",13.47 Cr
5 BHK Independent Floor,Reputed Builder Wild Wood Park 2Andheri West,Andheri West,Mumbai,1601,"35,000",5.60 Cr
5 BHK Independent Floor,Reputed Builder Wild Wood Park 2Andheri West,Andheri West,Mumbai,1601,"35,000",5.60 Cr
1 BHK Apartment,Reputed Builder Wild Wood Park 2Andheri West,Andheri West,Mumbai,651,"35,000",2.28 Cr
2 BHK Apartment,Rishabraj Nemi EleganceKandivali West,Kandivali West,Mumbai,771,"24,000",1.85 Cr
2 BHK Apartment,Rishabraj Nemi EleganceKandivali West,Kandivali West,Mumbai,771,"24,000",1.85 Cr
2 BHK Apartment,Rishabraj Nemi EleganceKandivali West,Kandivali West,Mumbai,771,"24,000",1.85 Cr
2 BHK Apartment,Rishabraj Nemi EleganceKandivali West,Kandivali West,Mumbai,771,"24,000",1.85 Cr
2 BHK Apartment,Rishabraj Nemi EleganceKandivali West,Kandivali West,Mumbai,771,"24,000",1.85 Cr
2 BHK Apartment,Rishabraj Nemi EleganceKandivali West,Kandivali West,Mumbai,771,"24,000",1.85 Cr
2 BHK Apartment,Rishabraj Nemi EleganceKandivali West,Kandivali West,Mumbai,771,"24,000",1.85 Cr
5 BHK Independent Floor,Reputed Builder Wild Wood Park 2Andheri West,Andheri West,Mumbai,1601,"35,000",5.60 Cr
1 BHK Apartment,Reputed Builder Wild Wood Park 2Andheri West,Andheri West,Mumbai,651,"35,000",2.28 Cr
2,,Vikroli East,Mumbai,850,"25,000",2.12 Cr
1 BHK Apartment,Reputed Builder Wild Wood Park 2Andheri West,Andheri West,Mumbai,650,"35,000",2.27 Cr
5 BHK Independent Floor,Reputed Builder Wild Wood Park 2Andheri West,Andheri West,Mumbai,1601,"35,000",5.60 Cr
1 BHK Apartment,Reputed Builder Wild Wood Park 2Andheri West,Andheri West,Mumbai,651,"35,000",2.28 Cr
1,,Karanjade,Mumbai,660,"25,000",1.65 Cr
1 BHK Apartment,Reputed Builder 1 Row HouseKandivali East,Kandivali East,Mumbai,1111,"22,000",2.44 Cr
1 RK Studio Apartment,Shree Umiya Varsha PalmDombivali,Dombivali,Mumbai,675,"12,000",81.00 L
1 BHK Apartment,Arihant AnshulaTaloja,Taloja,Mumbai,600,"25,000",1.50 Cr
2 BHK Apartment,Arihant AnshulaTaloja,Taloja,Mumbai,850,"25,000",2.12 Cr
1,,Kalyan West,Mumbai,760,"10,000",76.00 L
1,,Santosh Nagar,Mumbai,415,"25,000",1.04 Cr
3,,Kandivali West,Mumbai,1650,"24,000",3.96 Cr
2,,Colaba,Mumbai,1000,"25,000",2.50 Cr
1 BHK Apartment,Reputed Builder Reliable RegencyNalasopara East,Nalasopara East,Mumbai,625,"5,500",34.38 L
1 BHK Apartment,Royale OzonePanvel,Panvel,Mumbai,636,"10,000",63.60 L
1 BHK Apartment,Reputed Builder Wild Wood Park 2Andheri West,Andheri West,Mumbai,651,"35,000",2.28 Cr
5 BHK Independent Floor,Reputed Builder Wild Wood Park 2Andheri West,Andheri West,Mumbai,1601,"35,000",5.60 Cr
1 BHK Apartment,Reputed Builder Wild Wood Park 2Andheri West,Andheri West,Mumbai,651,"35,000",2.28 Cr
5 BHK Independent Floor,Reputed Builder Wild Wood Park 2Andheri West,Andheri West,Mumbai,1601,"35,000",5.60 Cr
1 BHK Apartment,Reputed Builder Wild Wood Park 2Andheri West,Andheri West,Mumbai,651,"35,000",2.28 Cr
1 BHK Apartment,Reputed Builder Wild Wood Park 2Andheri West,Andheri West,Mumbai,651,"35,000",2.28 Cr
1 BHK Apartment,Reputed Builder Wild Wood Park 2Andheri West,Andheri West,Mumbai,651,"35,000",2.28 Cr
5 BHK Independent Floor,Reputed Builder Wild Wood Park 2Andheri West,Andheri West,Mumbai,1601,"35,000",5.60 Cr
5 BHK Independent Floor,Reputed Builder Wild Wood Park 2Andheri West,Andheri West,Mumbai,1601,"35,000",5.60 Cr
5 BHK Independent Floor,Reputed Builder Wild Wood Park 2Andheri West,Andheri West,Mumbai,1601,"35,000",5.60 Cr
5 BHK Independent Floor,Reputed Builder Wild Wood Park 2Andheri West,Andheri West,Mumbai,1601,"35,000",5.60 Cr
1 BHK Apartment,Reputed Builder Wild Wood Park 2Andheri West,Andheri West,Mumbai,651,"35,000",2.28 Cr
5 BHK Independent Floor,Reputed Builder Wild Wood Park 2Andheri West,Andheri West,Mumbai,1601,"35,000",5.60 Cr
1 BHK Apartment,Reputed Builder Wild Wood Park 2Andheri West,Andheri West,Mumbai,651,"35,000",2.28 Cr
1 BHK Apartment,Fortune HarmonyKoproli,Koproli,Mumbai,625,"25,000",1.56 Cr
1 BHK Apartment,Reputed Builder Shree Ambika ApartmentSeawoods,Seawoods,Mumbai,765,"18,000",1.38 Cr
5 BHK Independent Floor,Reputed Builder Wild Wood Park 2Andheri West,Andheri West,Mumbai,1601,"35,000",5.60 Cr
1 BHK Apartment,Reputed Builder Wild Wood Park 2Andheri West,Andheri West,Mumbai,651,"35,000",2.28 Cr
5 BHK Independent Floor,Reputed Builder Wild Wood Park 2Andheri West,Andheri West,Mumbai,1601,"35,000",5.60 Cr
1 BHK Apartment,Labdhi LeelaUlwe,Ulwe,Mumbai,670,"9,000",60.30 L
1 BHK Apartment,Reputed Builder Wild Wood Park 2Andheri West,Andheri West,Mumbai,651,"35,000",2.28 Cr
5 BHK Independent Floor,Reputed Builder Wild Wood Park 2Andheri West,Andheri West,Mumbai,1601,"35,000",5.60 Cr
1 BHK Apartment,Reputed Builder Wild Wood Park 2Andheri West,Andheri West,Mumbai,651,"35,000",2.28 Cr
2 BHK Apartment,Man OpusMira Road East,Mira Road East,Mumbai,1070,"12,000",1.28 Cr
2 BHK Apartment,Man OpusMira Road East,Mira Road East,Mumbai,1050,"12,000",1.26 Cr
2 BHK Apartment,Fairmont PalazzoSantacruz East,Santacruz East,Mumbai,900,"45,000",4.05 Cr
3,,Khar West,Mumbai,1200,"70,000",8.40 Cr
2 BHK Apartment,K W Rose GardenPanvel,Panvel,Mumbai,951,"10,000",95.10 L
2 BHK Apartment,Raj NirvanaAmbernath East,Ambernath East,Mumbai,1380,"25,000",3.45 Cr
2 BHK Apartment,Raj NirvanaAmbernath East,Ambernath East,Mumbai,995,"25,000",2.49 Cr
3,,Kandivali West,Mumbai,1650,"24,000",3.96 Cr
1 BHK Apartment,Reputed Builder God Gift TowerBandra West,Bandra West,Mumbai,415,"85,000",3.53 Cr
5 BHK Independent Floor,Reputed Builder Wild Wood Park 2Andheri West,Andheri West,Mumbai,1601,"35,000",5.60 Cr
1 BHK Apartment,Reputed Builder Wild Wood Park 2Andheri West,Andheri West,Mumbai,651,"35,000",2.28 Cr
3 BHK Apartment,Reputed Builder Ganjawala EnclaveBorivali West,Borivali West,Mumbai,1080,"18,000",1.94 Cr
1 BHK Apartment,Arihant AnshulaTaloja,Taloja,Mumbai,750,"25,000",1.88 Cr
5 BHK Independent Floor,Reputed Builder Wild Wood Park 2Andheri West,Andheri West,Mumbai,1600,"35,000",5.60 Cr
2 BHK Apartment,Shapoorji Pallonji Joyville VirarVirar,Virar,Mumbai,1100,"5,000",55.00 L
1,,Kharghar,Mumbai,610,"12,000",73.20 L
1 BHK Apartment,Reputed Builder Wild Wood Park 2Andheri West,Andheri West,Mumbai,650,"35,000",2.27 Cr
2,,Belapur,Mumbai,720,"16,000",1.15 Cr
2 BHK Apartment,Piramal Aranya Arav TowerByculla,Byculla,Mumbai,1400,"25,000",3.50 Cr
4 BHK Apartment,Kalpataru SolitaireJuhu,Juhu,Mumbai,2400,"75,000",18.00 Cr
1,,Ulwe,Mumbai,600,"9,000",54.00 L
1,,Ulwe,Mumbai,350,"9,000",31.50 L
1,,Santacruz East,Mumbai,394,"45,000",1.77 Cr
1,,Goregaon East,Mumbai,12600,"24,000",30.24 Cr
3 BHK Apartment,Lodha Codename Crown JewelThane West,Thane West,Mumbai,1200,"18,000",2.16 Cr
5 BHK Independent House,Hermitage ComplexMira Road East,Mira Road East,Mumbai,4200,"12,000",5.04 Cr
1 BHK Apartment,Reputed Builder Wild Wood Park 2Andheri West,Andheri West,Mumbai,651,"35,000",2.28 Cr
3 BHK Apartment,Progressive CottageKoper Khairane,Koper Khairane,Mumbai,1700,"25,000",4.25 Cr
1 BHK Apartment,Reputed Builder Wild Wood Park 2Andheri West,Andheri West,Mumbai,651,"35,000",2.28 Cr
5 BHK Independent Floor,Reputed Builder Wild Wood Park 2Andheri West,Andheri West,Mumbai,1601,"35,000",5.60 Cr
2 BHK Apartment,Shiv ResidencyBadlapur East,Badlapur East,Mumbai,1150,"25,000",2.88 Cr
5 BHK Independent Floor,Reputed Builder Wild Wood Park 2Andheri West,Andheri West,Mumbai,1601,"35,000",5.60 Cr
5 BHK Independent Floor,Reputed Builder Wild Wood Park 2Andheri West,Andheri West,Mumbai,1601,"35,000",5.60 Cr
1 BHK Apartment,Ornate Kallisto Phase IBhiwandi,Bhiwandi,Mumbai,650,"6,000",39.00 L
3 BHK Apartment,HDIL Residency ParkVirar,Virar,Mumbai,1115,"5,000",55.75 L
5 BHK Independent Floor,Reputed Builder Wild Wood Park 2Andheri West,Andheri West,Mumbai,1601,"35,000",5.60 Cr
5 BHK Independent Floor,Reputed Builder Wild Wood Park 2Andheri West,Andheri West,Mumbai,1601,"35,000",5.60 Cr
1 BHK Apartment,Reputed Builder Wild Wood Park 2Andheri West,Andheri West,Mumbai,651,"35,000",2.28 Cr
1 BHK Apartment,Reputed Builder Wild Wood Park 2Andheri West,Andheri West,Mumbai,651,"35,000",2.28 Cr
1 BHK Apartment,Mateshwari RegencyKarjat,Karjat,Mumbai,620,"25,000",1.55 Cr
1,,Kandivali East,Mumbai,250,"22,000",55.00 L
1,,Parel,Mumbai,420,"90,000",3.78 Cr
2 BHK Apartment,Reputed Builder ApartmentBorivali West,Borivali West,Mumbai,810,"18,000",1.46 Cr
2 BHK Apartment,Arkade Bhoomi ArkadeKandivali East,Kandivali East,Mumbai,1100,"22,000",2.42 Cr
1 BHK Apartment,Reputed Builder Vaastu ShubhAndheri East,Andheri East,Mumbai,650,"28,000",1.82 Cr
5 BHK Independent Floor,Reputed Builder Wild Wood Park 2Andheri West,Andheri West,Mumbai,1601,"35,000",5.60 Cr
1 BHK Apartment,Reputed Builder Wild Wood Park 2Andheri West,Andheri West,Mumbai,651,"35,000",2.28 Cr
5 BHK Independent Floor,Reputed Builder Wild Wood Park 2Andheri West,Andheri West,Mumbai,1601,"35,000",5.60 Cr
1 BHK Apartment,Reputed Builder Wild Wood Park 2Andheri West,Andheri West,Mumbai,651,"35,000",2.28 Cr
5 BHK Independent Floor,Reputed Builder Wild Wood Park 2Andheri West,Andheri West,Mumbai,1601,"35,000",5.60 Cr
1 BHK Apartment,Dosti Dosti P180Shil Phata,Shil Phata,Mumbai,672,"25,000",1.68 Cr
5 BHK Independent Floor,Reputed Builder Wild Wood Park 2Andheri West,Andheri West,Mumbai,1601,"35,000",5.60 Cr
1 BHK Apartment,Reputed Builder Wild Wood Park 2Andheri West,Andheri West,Mumbai,651,"35,000",2.28 Cr
5 BHK Independent Floor,Reputed Builder Wild Wood Park 2Andheri West,Andheri West,Mumbai,1601,"35,000",5.60 Cr
1 BHK Apartment,Reputed Builder Wild Wood Park 2Andheri West,Andheri West,Mumbai,651,"35,000",2.28 Cr
1 BHK Apartment,Reputed Builder Wild Wood Park 2Andheri West,Andheri West,Mumbai,651,"35,000",2.28 Cr
1 BHK Apartment,Reputed Builder Wild Wood Park 2Andheri West,Andheri West,Mumbai,651,"35,000",2.28 Cr
5 BHK Independent Floor,Reputed Builder Wild Wood Park 2Andheri West,Andheri West,Mumbai,1601,"35,000",5.60 Cr
5 BHK Independent Floor,Reputed Builder Wild Wood Park 2Andheri West,Andheri West,Mumbai,1601,"35,000",5.60 Cr
1 BHK Apartment,Reputed Builder Wild Wood Park 2Andheri West,Andheri West,Mumbai,651,"35,000",2.28 Cr
1 BHK Apartment,Green Riddhish ApartmentKaranjade,Karanjade,Mumbai,1200,"25,000",3.00 Cr
1 BHK Apartment,Green Riddhish ApartmentKaranjade,Karanjade,Mumbai,1200,"25,000",3.00 Cr
1 BHK Apartment,Green Riddhish ApartmentKaranjade,Karanjade,Mumbai,1200,"25,000",3.00 Cr
1 BHK Apartment,Green Riddhish ApartmentKaranjade,Karanjade,Mumbai,1200,"25,000",3.00 Cr
5 BHK Independent Floor,Reputed Builder Wild Wood Park 2Andheri West,Andheri West,Mumbai,1601,"35,000",5.60 Cr
1,,Kharghar,Mumbai,630,"12,000",75.60 L
3,,Cuffe Parade,Mumbai,1300,"25,000",3.25 Cr
5 BHK Independent Floor,Reputed Builder Wild Wood Park 2Andheri West,Andheri West,Mumbai,1601,"35,000",5.60 Cr
1 BHK Apartment,Reputed Builder Wild Wood Park 2Andheri West,Andheri West,Mumbai,651,"35,000",2.28 Cr
5 BHK Independent Floor,Reputed Builder Wild Wood Park 2Andheri West,Andheri West,Mumbai,1601,"35,000",5.60 Cr
1 BHK Apartment,Reputed Builder Wild Wood Park 2Andheri West,Andheri West,Mumbai,651,"35,000",2.28 Cr
5 BHK Independent Floor,Reputed Builder Wild Wood Park 2Andheri West,Andheri West,Mumbai,1601,"35,000",5.60 Cr
1 BHK Apartment,Dosti Dosti P180Shil Phata,Shil Phata,Mumbai,672,"25,000",1.68 Cr
5 BHK Independent Floor,Reputed Builder Wild Wood Park 2Andheri West,Andheri West,Mumbai,1601,"35,000",5.60 Cr
1 BHK Apartment,Reputed Builder Wild Wood Park 2Andheri West,Andheri West,Mumbai,651,"35,000",2.28 Cr
5 BHK Independent Floor,Reputed Builder Wild Wood Park 2Andheri West,Andheri West,Mumbai,1601,"35,000",5.60 Cr
1 BHK Apartment,Reputed Builder Wild Wood Park 2Andheri West,Andheri West,Mumbai,651,"35,000",2.28 Cr
1 BHK Apartment,Reputed Builder Wild Wood Park 2Andheri West,Andheri West,Mumbai,651,"35,000",2.28 Cr
1 BHK Apartment,Reputed Builder Wild Wood Park 2Andheri West,Andheri West,Mumbai,651,"35,000",2.28 Cr
5 BHK Independent Floor,Reputed Builder Wild Wood Park 2Andheri West,Andheri West,Mumbai,1601,"35,000",5.60 Cr
5 BHK Independent Floor,Reputed Builder Wild Wood Park 2Andheri West,Andheri West,Mumbai,1601,"35,000",5.60 Cr
1 BHK Apartment,Reputed Builder Wild Wood Park 2Andheri West,Andheri West,Mumbai,651,"35,000",2.28 Cr
5 BHK Independent Floor,Reputed Builder Wild Wood Park 2Andheri West,Andheri West,Mumbai,1601,"35,000",5.60 Cr
1 BHK Apartment,Reputed Builder Wild Wood Park 2Andheri West,Andheri West,Mumbai,651,"35,000",2.28 Cr
1 BHK Apartment,Reputed Builder Wild Wood Park 2Andheri West,Andheri West,Mumbai,650,"35,000",2.27 Cr
5 BHK Independent Floor,Reputed Builder Wild Wood Park 2Andheri West,Andheri West,Mumbai,1600,"35,000",5.60 Cr
1 BHK Apartment,Reputed Builder Wild Wood Park 2Andheri West,Andheri West,Mumbai,651,"35,000",2.28 Cr
1 BHK Apartment,Reputed Builder Wild Wood Park 2Andheri West,Andheri West,Mumbai,651,"35,000",2.28 Cr
5 BHK Independent Floor,Reputed Builder Wild Wood Park 2Andheri West,Andheri West,Mumbai,1601,"35,000",5.60 Cr
1 BHK Apartment,Reputed Builder Wild Wood Park 2Andheri West,Andheri West,Mumbai,651,"35,000",2.28 Cr
5 BHK Independent Floor,Reputed Builder Wild Wood Park 2Andheri West,Andheri West,Mumbai,1601,"35,000",5.60 Cr
5 BHK Independent Floor,Reputed Builder Wild Wood Park 2Andheri West,Andheri West,Mumbai,1601,"35,000",5.60 Cr
1 BHK Apartment,Reputed Builder Wild Wood Park 2Andheri West,Andheri West,Mumbai,651,"35,000",2.28 Cr
5 BHK Independent Floor,Reputed Builder Wild Wood Park 2Andheri West,Andheri West,Mumbai,1601,"35,000",5.60 Cr
1 BHK Apartment,Reputed Builder Wild Wood Park 2Andheri West,Andheri West,Mumbai,651,"35,000",2.28 Cr
5 BHK Independent Floor,Reputed Builder Wild Wood Park 2Andheri West,Andheri West,Mumbai,1601,"35,000",5.60 Cr
1 BHK Apartment,Reputed Builder Wild Wood Park 2Andheri West,Andheri West,Mumbai,651,"35,000",2.28 Cr
5 BHK Independent Floor,Reputed Builder Wild Wood Park 2Andheri West,Andheri West,Mumbai,1601,"35,000",5.60 Cr
1,,Dombivli (West),Mumbai,600,"25,000",1.50 Cr
1 BHK Apartment,Reputed Builder Wild Wood Park 2Andheri West,Andheri West,Mumbai,651,"35,000",2.28 Cr
1 BHK Apartment,Arihant AnshulaTaloja,Taloja,Mumbai,600,"25,000",1.50 Cr
2 BHK Apartment,Arihant AnshulaTaloja,Taloja,Mumbai,850,"25,000",2.12 Cr
5 BHK Independent Floor,Reputed Builder Wild Wood Park 2Andheri West,Andheri West,Mumbai,1601,"35,000",5.60 Cr
1 BHK Apartment,Reputed Builder Wild Wood Park 2Andheri West,Andheri West,Mumbai,651,"35,000",2.28 Cr
5 BHK Independent Floor,Reputed Builder Wild Wood Park 2Andheri West,Andheri West,Mumbai,1600,"35,000",5.60 Cr
6,,Juhu,Mumbai,5500,"75,000",41.25 Cr
5 BHK Independent Floor,Reputed Builder Wild Wood Park 2Andheri West,Andheri West,Mumbai,1601,"35,000",5.60 Cr
3 BHK Apartment,Indiabulls SkyLower Parel,Lower Parel,Mumbai,3300,"90,000",29.70 Cr
5 BHK Independent Floor,Reputed Builder Wild Wood Park 2Andheri West,Andheri West,Mumbai,1600,"35,000",5.60 Cr
1 BHK Apartment,Jhalak SolitaireAmbernath East,Ambernath East,Mumbai,788,"25,000",1.97 Cr
2 BHK Apartment,Regency AnantamDombivali,Dombivali,Mumbai,1112,"12,000",1.33 Cr
1 BHK Apartment,Reputed Builder Wild Wood Park 2Andheri West,Andheri West,Mumbai,651,"35,000",2.28 Cr
5 BHK Independent Floor,Reputed Builder Wild Wood Park 2Andheri West,Andheri West,Mumbai,1600,"35,000",5.60 Cr
5 BHK Independent Floor,Reputed Builder Wild Wood Park 2Andheri West,Andheri West,Mumbai,1600,"35,000",5.60 Cr
1,,Kurla East,Mumbai,648,"25,000",1.62 Cr
1,,Dombivali East,Mumbai,585,"12,000",70.20 L
2 BHK Apartment,Reputed Builder Sidhant ComplexAndheri East,Andheri East,Mumbai,750,"28,000",2.10 Cr
1,,Vashi,Mumbai,415,"16,000",66.40 L
1 BHK Apartment,Vinod Kisan ViharDeonar,Deonar,Mumbai,550,"25,000",1.38 Cr
1 BHK Apartment,Mohan Suburbia IVAmbernath West,Ambernath West,Mumbai,784,"25,000",1.96 Cr
1 BHK Apartment,Reputed Builder Wild Wood Park 2Andheri West,Andheri West,Mumbai,651,"35,000",2.28 Cr
5 BHK Independent Floor,Reputed Builder Wild Wood Park 2Andheri West,Andheri West,Mumbai,1601,"35,000",5.60 Cr
1 BHK Apartment,Reputed Builder Wild Wood Park 2Andheri West,Andheri West,Mumbai,651,"35,000",2.28 Cr
1 BHK Apartment,Reputed Builder Wild Wood Park 2Andheri West,Andheri West,Mumbai,651,"35,000",2.28 Cr
1 BHK Apartment,Mantri SereneGoregaon East,Goregaon East,Mumbai,700,"24,000",1.68 Cr
5 BHK Independent Floor,Reputed Builder Wild Wood Park 2Andheri West,Andheri West,Mumbai,1601,"35,000",5.60 Cr
1,,Dombivali East,Mumbai,510,"12,000",61.20 L
1,,Dombivali East,Mumbai,510,"12,000",61.20 L
1 BHK Apartment,Reputed Builder Wild Wood Park 2Andheri West,Andheri West,Mumbai,651,"35,000",2.28 Cr
1 BHK Apartment,Aditya Adarsh AvenueVikhroli,Vikhroli,Mumbai,533,"28,000",1.49 Cr
5 BHK Independent Floor,Reputed Builder Wild Wood Park 2Andheri West,Andheri West,Mumbai,1601,"35,000",5.60 Cr
5 BHK Independent Floor,Reputed Builder Wild Wood Park 2Andheri West,Andheri West,Mumbai,1601,"35,000",5.60 Cr
5 BHK Independent Floor,Reputed Builder Wild Wood Park 2Andheri West,Andheri West,Mumbai,1601,"35,000",5.60 Cr
1 BHK Apartment,Reputed Builder Wild Wood Park 2Andheri West,Andheri West,Mumbai,651,"35,000",2.28 Cr
1 BHK Apartment,Reputed Builder Wild Wood Park 2Andheri West,Andheri West,Mumbai,651,"35,000",2.28 Cr
1 BHK Apartment,Reputed Builder Wild Wood Park 2Andheri West,Andheri West,Mumbai,651,"35,000",2.28 Cr
5 BHK Independent Floor,Reputed Builder Wild Wood Park 2Andheri West,Andheri West,Mumbai,1601,"35,000",5.60 Cr
1,,Kandivali East,Mumbai,250,"22,000",55.00 L
1,,Parel,Mumbai,420,"90,000",3.78 Cr
2 BHK Apartment,Reputed Builder ApartmentBorivali West,Borivali West,Mumbai,810,"18,000",1.46 Cr
1 BHK Apartment,Chintamani Maple City Phase IBadlapur West,Badlapur West,Mumbai,640,"7,000",44.80 L
1 BHK Apartment,Chintamani Maple City Phase IBadlapur West,Badlapur West,Mumbai,640,"7,000",44.80 L
1 BHK Apartment,Reputed Builder Wild Wood Park 2Andheri West,Andheri West,Mumbai,651,"35,000",2.28 Cr
1 BHK Apartment,Green Riddhish ApartmentKaranjade,Karanjade,Mumbai,1200,"25,000",3.00 Cr
1 BHK Apartment,Chintamani Maple City Phase IBadlapur West,Badlapur West,Mumbai,640,"7,000",44.80 L
1 BHK Apartment,Green Riddhish ApartmentKaranjade,Karanjade,Mumbai,1200,"25,000",3.00 Cr
1 BHK Apartment,Green Riddhish ApartmentKaranjade,Karanjade,Mumbai,1200,"25,000",3.00 Cr
1 BHK Apartment,Green Riddhish ApartmentKaranjade,Karanjade,Mumbai,1200,"25,000",3.00 Cr
1 BHK Apartment,Green Riddhish ApartmentKaranjade,Karanjade,Mumbai,1200,"25,000",3.00 Cr
5 BHK Independent Floor,Reputed Builder Wild Wood Park 2Andheri West,Andheri West,Mumbai,1601,"35,000",5.60 Cr
3 BHK Apartment,Raj Riddhi ResidencyMatunga,Matunga,Mumbai,1300,"50,000",6.50 Cr
1 BHK Apartment,Reputed Builder Wild Wood Park 2Andheri West,Andheri West,Mumbai,651,"35,000",2.28 Cr
1 BHK Apartment,Reputed Builder Wild Wood Park 2Andheri West,Andheri West,Mumbai,651,"35,000",2.28 Cr
2 BHK Apartment,Jyoti Developers MeadowAndheri East,Andheri East,Mumbai,715,"28,000",2.00 Cr
2 BHK Apartment,Jyoti Developers MeadowAndheri East,Andheri East,Mumbai,715,"28,000",2.00 Cr
2 BHK Apartment,Jyoti Developers MeadowAndheri East,Andheri East,Mumbai,715,"28,000",2.00 Cr
2 BHK Apartment,Jyoti Developers MeadowAndheri East,Andheri East,Mumbai,715,"28,000",2.00 Cr
2 BHK Apartment,Jyoti Developers MeadowAndheri East,Andheri East,Mumbai,715,"28,000",2.00 Cr
2 BHK Apartment,Jyoti Developers MeadowAndheri East,Andheri East,Mumbai,715,"28,000",2.00 Cr
5 BHK Independent Floor,Reputed Builder Wild Wood Park 2Andheri West,Andheri West,Mumbai,1601,"35,000",5.60 Cr
1,,Dombivali East,Mumbai,650,"12,000",78.00 L
1,,Airoli,Mumbai,530,"14,000",74.20 L
1,,Dombivli (West),Mumbai,575,"25,000",1.44 Cr
2 BHK Apartment,Shivoham Shivoham EnclaveBorivali East,Borivali East,Mumbai,790,"16,000",1.26 Cr
4,,Juhu,Mumbai,2200,"75,000",16.50 Cr
1 BHK Apartment,Reputed Builder Seawoods EstateSeawoods,Seawoods,Mumbai,550,"18,000",99.00 L
1 BHK Apartment,Space India GreensDundare,Dundare,Mumbai,535,"25,000",1.34 Cr
1 BHK Apartment,Ganraj Ghorpade HeightsBadlapur West,Badlapur West,Mumbai,610,"7,000",42.70 L
R,,Bhayandar West,Mumbai,4000,"25,000",10.00 Cr
R,,Ranjanpada Uran Panvel Road,Mumbai,1089,"10,000",1.09 Cr
R,,Saphale,Mumbai,9000,"25,000",22.50 Cr
R,,Badlapur East,Mumbai,10000,"25,000",25.00 Cr
R,,Belondakhar,Mumbai,1089,"25,000",2.72 Cr
R,,Shir Gaon,Mumbai,1658,"25,000",4.14 Cr
R,,Dahanu,Mumbai,16000,"25,000",40.00 Cr
R,,Dahanu,Mumbai,16000,"25,000",40.00 Cr
2 BHK Apartment,Space Eternia Space Karjat,Karjat,Mumbai,598,"25,000",1.50 Cr
1 BHK Apartment,Space Eternia Space Karjat,Karjat,Mumbai,381,"25,000",95.25 L
1 BHK Apartment,Qualitas QN Greens Phase 1Taloja,Taloja,Mumbai,386,"25,000",96.50 L
2 BHK Apartment,Qualitas QN Greens Phase 1Taloja,Taloja,Mumbai,614,"25,000",1.53 Cr
1 BHK Apartment,Qualitas QN Greens Phase 1Taloja,Taloja,Mumbai,340,"25,000",85.00 L
1 BHK Apartment,Qualitas QN Greens Phase 1Taloja,Taloja,Mumbai,447,"25,000",1.12 Cr
3 BHK Apartment,Space Eternia Space Karjat,Karjat,Mumbai,827,"25,000",2.07 Cr
2 BHK Apartment,Precious Group Precious MeadowsUlhasnagar,Ulhasnagar,Mumbai,539,"25,000",1.35 Cr
1 BHK Apartment,Precious Group Precious MeadowsUlhasnagar,Ulhasnagar,Mumbai,365,"25,000",91.25 L
2,,Thane West,Mumbai,900,"18,000",1.62 Cr
1,,Thane West,Mumbai,914,"18,000",1.65 Cr
3 BHK Apartment,Mayuresh Manohar VikasBadlapur West,Badlapur West,Mumbai,1350,"7,000",94.50 L
1 BHK Apartment, Silicon ParkMalad West,Malad West,Mumbai,550,"22,000",1.21 Cr
2 BHK Apartment,ACME AvenueKandivali West,Kandivali West,Mumbai,850,"24,000",2.04 Cr
1 BHK Apartment,Mahadev Mahadev ComplexMira Road East,Mira Road East,Mumbai,630,"12,000",75.60 L
1 BHK Apartment,RNA NG NG PalmMira Road East,Mira Road East,Mumbai,660,"12,000",79.20 L
1 BHK Apartment,Mahadev Mahadev ComplexMira Road East,Mira Road East,Mumbai,630,"12,000",75.60 L
1 BHK Apartment,Mahadev Mahadev ComplexMira Road East,Mira Road East,Mumbai,630,"12,000",75.60 L
3 BHK Apartment,Hiranandani Glen Gate BuildingsPowai,Powai,Mumbai,1180,"38,000",4.48 Cr
3 BHK Apartment,Hiranandani Glen Gate BuildingsPowai,Powai,Mumbai,1180,"38,000",4.48 Cr
1 BHK Apartment,Rustomjee Virar Avenue L1 L2 And L4 Wing I And JVirar,Virar,Mumbai,650,"5,000",32.50 L
3 BHK Apartment,Sheth Vasant leelaThane West,Thane West,Mumbai,1300,"18,000",2.34 Cr
3 BHK Apartment,Lodha SterlingThane West,Thane West,Mumbai,1026,"18,000",1.85 Cr
2 BHK Apartment,Lodha SterlingThane West,Thane West,Mumbai,811,"18,000",1.46 Cr
1 BHK Apartment,Mahadev Mahadev ComplexMira Road East,Mira Road East,Mumbai,625,"12,000",75.00 L
1 RK Studio Apartment,Gaurav Shweta ResidencyMira Road East,Mira Road East,Mumbai,380,"12,000",45.60 L
1 RK Studio Apartment,Narmada Gagan CHSMira Road East,Mira Road East,Mumbai,400,"12,000",48.00 L
1 BHK Apartment,Mahadev Mahadev ComplexMira Road East,Mira Road East,Mumbai,630,"12,000",75.60 L
1 BHK Apartment,Mahadev Mahadev ComplexMira Road East,Mira Road East,Mumbai,630,"12,000",75.60 L
2 BHK Apartment,Reputed Builder PathikKandivali West,Kandivali West,Mumbai,850,"24,000",2.04 Cr
3 BHK Apartment,Hiranandani Glen Gate BuildingsPowai,Powai,Mumbai,1180,"38,000",4.48 Cr
3 BHK Apartment,Hiranandani Glen Gate BuildingsPowai,Powai,Mumbai,1180,"38,000",4.48 Cr
3 BHK Apartment,Bhagwati Greens 3Kharghar,Kharghar,Mumbai,2000,"12,000",2.40 Cr
3 BHK Apartment,Goodwill ParadiseKharghar,Kharghar,Mumbai,1750,"12,000",2.10 Cr
1,,Bhandup West,Mumbai,565,"22,000",1.24 Cr
2,,Kharghar,Mumbai,1206,"12,000",1.45 Cr
3 BHK Apartment,Swaraj Homes Sai MannatKaranjade,Karanjade,Mumbai,2000,"25,000",5.00 Cr
3 BHK Apartment,Swaraj Homes Sai MannatKaranjade,Karanjade,Mumbai,2000,"25,000",5.00 Cr
2,,Bhandup West,Mumbai,800,"22,000",1.76 Cr
2,,Thane West,Mumbai,900,"18,000",1.62 Cr
1,,Thane West,Mumbai,914,"18,000",1.65 Cr
3 BHK Apartment,Mayuresh Manohar VikasBadlapur West,Badlapur West,Mumbai,1350,"7,000",94.50 L
1 BHK Apartment, Silicon ParkMalad West,Malad West,Mumbai,550,"22,000",1.21 Cr
2 BHK Apartment,ACME AvenueKandivali West,Kandivali West,Mumbai,850,"24,000",2.04 Cr
1,,Bhandup West,Mumbai,565,"22,000",1.24 Cr
2,,Bhandup West,Mumbai,800,"22,000",1.76 Cr
3,,Kharghar,Mumbai,1500,"12,000",1.80 Cr
2,,Kharghar,Mumbai,1206,"12,000",1.45 Cr
3 BHK Apartment,Swaraj Homes Sai MannatKaranjade,Karanjade,Mumbai,2000,"25,000",5.00 Cr
3 BHK Apartment,Swaraj Homes Sai MannatKaranjade,Karanjade,Mumbai,2000,"25,000",5.00 Cr
3 BHK Apartment,Hiranandani Rodas Enclave ClaytonThane West,Thane West,Mumbai,1650,"18,000",2.97 Cr
2,,Bandra West,Mumbai,1100,"85,000",9.35 Cr
2 BHK Apartment,Lodha Amara Tower 26 27 28 30 34 35Thane West,Thane West,Mumbai,900,"18,000",1.62 Cr
1 BHK Apartment,Lodha Amara Tower 26 27 28 30 34 35Thane West,Thane West,Mumbai,600,"18,000",1.08 Cr
3 BHK Apartment,Ariisto Bellanza Phase 1 Wing A B C At The Prestige CityMulund West,Mulund West,Mumbai,1450,"25,000",3.62 Cr
2 BHK Apartment,Ariisto Bellanza Phase 1 Wing A B C At The Prestige CityMulund West,Mulund West,Mumbai,1170,"25,000",2.92 Cr
3 BHK Apartment,Hiranandani AvalonPowai,Powai,Mumbai,1470,"38,000",5.59 Cr
2 BHK Apartment,Concrete Sai SaakshaatKharghar,Kharghar,Mumbai,1225,"12,000",1.47 Cr
2,,Bandra West,Mumbai,1000,"85,000",8.50 Cr
3 BHK Apartment,Amal AmbrosiaBorivali East,Borivali East,Mumbai,1500,"16,000",2.40 Cr
2 BHK Apartment,Swaraj Homes Sonmarg ApartmentNapeansea Road,Napeansea Road,Mumbai,850,"25,000",2.12 Cr
1 BHK Apartment,Reputed Builder Shankar SagarPeddar Road,Peddar Road,Mumbai,750,"25,000",1.88 Cr
3 BHK Apartment,Sandu ShilpadattaChembur,Chembur,Mumbai,1005,"30,000",3.02 Cr
3 BHK Apartment,Sandu ShilpadattaChembur,Chembur,Mumbai,1005,"30,000",3.02 Cr
1 BHK Apartment,JSB Nakshatra AarambhNaigaon East,Naigaon East,Mumbai,750,"25,000",1.88 Cr
2 BHK Apartment,Thakur Dham CHSLBS Marg,LBS Marg,Mumbai,1600,"25,000",4.00 Cr
2 BHK Apartment,Ariisto Bellanza Phase 1 Wing A B C At The Prestige CityMulund West,Mulund West,Mumbai,1400,"25,000",3.50 Cr
3 BHK Apartment,Ariisto Bellanza Phase 1 Wing A B C At The Prestige CityMulund West,Mulund West,Mumbai,2000,"25,000",5.00 Cr
3 BHK Apartment,Ariisto Bellanza Phase 1 Wing A B C At The Prestige CityMulund West,Mulund West,Mumbai,2000,"25,000",5.00 Cr
3 BHK Apartment,Ariisto Bellanza Phase 1 Wing A B C At The Prestige CityMulund West,Mulund West,Mumbai,2000,"25,000",5.00 Cr
3 BHK Apartment,Ariisto Bellanza Phase 1 Wing A B C At The Prestige CityMulund West,Mulund West,Mumbai,1900,"25,000",4.75 Cr
1,,Dahisar West,Mumbai,550,"20,000",1.10 Cr
1 BHK Apartment,Reputed Builder Gokuldham ComplexGoregaon East,Goregaon East,Mumbai,600,"24,000",1.44 Cr
3,,Borivali West,Mumbai,1250,"18,000",2.25 Cr
2 BHK Apartment,Dhanshree D N NagarAndheri West,Andheri West,Mumbai,1050,"35,000",3.67 Cr
1,,Borivali West,Mumbai,600,"18,000",1.08 Cr
2 BHK Apartment,DP Star TrilokBhandup West,Bhandup West,Mumbai,1294,"22,000",2.85 Cr
3 BHK Apartment,Ariisto Bellanza Phase 1 Wing A B C At The Prestige CityMulund West,Mulund West,Mumbai,2000,"25,000",5.00 Cr
3 BHK Apartment,Ariisto Bellanza Phase 1 Wing A B C At The Prestige CityMulund West,Mulund West,Mumbai,1900,"25,000",4.75 Cr
3 BHK Apartment,Ariisto Bellanza Phase 1 Wing A B C At The Prestige CityMulund West,Mulund West,Mumbai,1900,"25,000",4.75 Cr
3 BHK Apartment,Ariisto Bellanza Phase 1 Wing A B C At The Prestige CityMulund West,Mulund West,Mumbai,1900,"25,000",4.75 Cr
2 BHK Apartment,Ariisto Bellanza Phase 1 Wing A B C At The Prestige CityMulund West,Mulund West,Mumbai,1400,"25,000",3.50 Cr
2 BHK Apartment,Ariisto Bellanza Phase 1 Wing A B C At The Prestige CityMulund West,Mulund West,Mumbai,1400,"25,000",3.50 Cr
2 BHK Apartment,Reputed Builder Neptune Living Point Phase II Flying KiteBhandup West,Bhandup West,Mumbai,1085,"22,000",2.39 Cr
3 BHK Apartment,Ariisto Bellanza Phase 1 Wing A B C At The Prestige CityMulund West,Mulund West,Mumbai,1900,"25,000",4.75 Cr
2 BHK Apartment,Ariisto Bellanza Phase 1 Wing A B C At The Prestige CityMulund West,Mulund West,Mumbai,1400,"25,000",3.50 Cr
2 BHK Apartment,Reputed Builder Neptune Living Point Phase II Flying KiteBhandup West,Bhandup West,Mumbai,1085,"22,000",2.39 Cr
2 BHK Apartment,Reputed Builder Neptune Living Point Phase II Flying KiteBhandup West,Bhandup West,Mumbai,1085,"22,000",2.39 Cr
2 BHK Apartment,DSS Mahavir UniverseBhandup West,Bhandup West,Mumbai,1000,"22,000",2.20 Cr
1,,Hiranandani Estates,Mumbai,635,"25,000",1.59 Cr
2 BHK Apartment,HDIL Premier ResidencesKurla,Kurla,Mumbai,920,"25,000",2.30 Cr
2 BHK Apartment,Thakur Dham CHSLBS Marg,LBS Marg,Mumbai,1600,"25,000",4.00 Cr
1 BHK Apartment,Raj AkshayMira Road East,Mira Road East,Mumbai,388,"12,000",46.56 L
1 BHK Apartment,JSB Nakshatra AarambhNaigaon East,Naigaon East,Mumbai,750,"25,000",1.88 Cr
3 BHK Apartment,Ariisto Bellanza Phase 1 Wing A B C At The Prestige CityMulund West,Mulund West,Mumbai,2000,"25,000",5.00 Cr
3 BHK Apartment,Ariisto Bellanza Phase 1 Wing A B C At The Prestige CityMulund West,Mulund West,Mumbai,1900,"25,000",4.75 Cr
3 BHK Apartment,Ariisto Bellanza Phase 1 Wing A B C At The Prestige CityMulund West,Mulund West,Mumbai,1900,"25,000",4.75 Cr
3 BHK Apartment,Ariisto Bellanza Phase 1 Wing A B C At The Prestige CityMulund West,Mulund West,Mumbai,1900,"25,000",4.75 Cr
2 BHK Apartment,Ariisto Bellanza Phase 1 Wing A B C At The Prestige CityMulund West,Mulund West,Mumbai,1400,"25,000",3.50 Cr
2 BHK Apartment,Ariisto Bellanza Phase 1 Wing A B C At The Prestige CityMulund West,Mulund West,Mumbai,1400,"25,000",3.50 Cr
2,,Dombivli (West),Mumbai,1000,"25,000",2.50 Cr
1,,Dombivali East,Mumbai,800,"12,000",96.00 L
1 BHK Apartment,Sudhanshu Imperia Wing CBhandup West,Bhandup West,Mumbai,500,"22,000",1.10 Cr
2 BHK Apartment, Jainam ElysiumBhandup West,Bhandup West,Mumbai,1000,"22,000",2.20 Cr
2 BHK Apartment,Accel BelvedereBhandup West,Bhandup West,Mumbai,700,"22,000",1.54 Cr
2 BHK Apartment,Kalpataru CrestBhandup West,Bhandup West,Mumbai,1000,"22,000",2.20 Cr
3 BHK Apartment,Reputed Builder Shubharambh TowerThane West,Thane West,Mumbai,1200,"18,000",2.16 Cr
2 BHK Apartment,Kohinoor CityKurla,Kurla,Mumbai,1500,"25,000",3.75 Cr
2 BHK Apartment, Jainam ElysiumBhandup West,Bhandup West,Mumbai,1000,"22,000",2.20 Cr
2 BHK Apartment,Shraddha Autumn ParkKanjurmarg,Kanjurmarg,Mumbai,800,"25,000",2.00 Cr
2 BHK Apartment,Ariisto Bellanza Phase 1 Wing A B C At The Prestige CityMulund West,Mulund West,Mumbai,1500,"25,000",3.75 Cr
3 BHK Apartment,Ariisto Bellanza Phase 1 Wing A B C At The Prestige CityMulund West,Mulund West,Mumbai,1900,"25,000",4.75 Cr
2,,Vichumbe,Mumbai,950,"25,000",2.38 Cr
3 BHK Apartment,Ariisto Bellanza Phase 1 Wing A B C At The Prestige CityMulund West,Mulund West,Mumbai,1800,"25,000",4.50 Cr
2 BHK Apartment,Ariisto Bellanza Phase 1 Wing A B C At The Prestige CityMulund West,Mulund West,Mumbai,1600,"25,000",4.00 Cr
2 BHK Apartment,Lokhandwala GalaxyAgripada,Agripada,Mumbai,1650,"25,000",4.12 Cr
2 BHK Apartment,Ariisto Bellanza Phase 1 Wing A B C At The Prestige CityMulund West,Mulund West,Mumbai,1600,"25,000",4.00 Cr
2 BHK Apartment,Srishti OasisBhandup West,Bhandup West,Mumbai,1300,"22,000",2.86 Cr
1 RK Studio Apartment,Reputed Builder Dhanashree PrathamaDombivali,Dombivali,Mumbai,455,"12,000",54.60 L
1 BHK Apartment,Dhanashree Devyani Galaxy B WingDombivali,Dombivali,Mumbai,480,"12,000",57.60 L
1 BHK Apartment,Aadi Allure Wings A To EKanjurmarg,Kanjurmarg,Mumbai,1022,"25,000",2.56 Cr
1 BHK Apartment,Dhanashree Devyani Galaxy B WingDombivali,Dombivali,Mumbai,620,"12,000",74.40 L
2 BHK Apartment,Dhanashree Devyani Galaxy B WingDombivali,Dombivali,Mumbai,830,"12,000",99.60 L
1 BHK Apartment,Dhanashree Devyani Galaxy B WingDombivali,Dombivali,Mumbai,650,"12,000",78.00 L
1 BHK Apartment,JP North BarcelonaMira Road East,Mira Road East,Mumbai,360,"12,000",43.20 L
3 BHK Apartment,JP North BarcelonaMira Road East,Mira Road East,Mumbai,640,"12,000",76.80 L
1 BHK Apartment,JP North BarcelonaMira Road East,Mira Road East,Mumbai,127,"12,000",15.24 L
3 BHK Apartment,JP North BarcelonaMira Road East,Mira Road East,Mumbai,643,"12,000",77.16 L
1 BHK Apartment,JP North BarcelonaMira Road East,Mira Road East,Mumbai,327,"12,000",39.24 L
1 BHK Apartment,JP North BarcelonaMira Road East,Mira Road East,Mumbai,308,"12,000",36.96 L
1 BHK Apartment,JP North BarcelonaMira Road East,Mira Road East,Mumbai,357,"12,000",42.84 L
3 BHK Apartment,JP North BarcelonaMira Road East,Mira Road East,Mumbai,633,"12,000",75.96 L
1 BHK Apartment,JP North BarcelonaMira Road East,Mira Road East,Mumbai,339,"12,000",40.68 L
1 BHK Apartment,JP North BarcelonaMira Road East,Mira Road East,Mumbai,157,"12,000",18.84 L
2 BHK Apartment,JP North BarcelonaMira Road East,Mira Road East,Mumbai,506,"12,000",60.72 L
1 BHK Apartment,JP North BarcelonaMira Road East,Mira Road East,Mumbai,323,"12,000",38.76 L
2 BHK Apartment,JP North BarcelonaMira Road East,Mira Road East,Mumbai,527,"12,000",63.24 L
2 BHK Apartment,JP North BarcelonaMira Road East,Mira Road East,Mumbai,485,"12,000",58.20 L
1 BHK Apartment,JP North BarcelonaMira Road East,Mira Road East,Mumbai,349,"12,000",41.88 L
1 BHK Apartment,JP North BarcelonaMira Road East,Mira Road East,Mumbai,400,"12,000",48.00 L
1 BHK Apartment,JP North BarcelonaMira Road East,Mira Road East,Mumbai,347,"12,000",41.64 L
1 BHK Apartment,JP North BarcelonaMira Road East,Mira Road East,Mumbai,365,"12,000",43.80 L
1 BHK Apartment,JP North BarcelonaMira Road East,Mira Road East,Mumbai,417,"12,000",50.04 L
1 BHK Apartment,JP North BarcelonaMira Road East,Mira Road East,Mumbai,368,"12,000",44.16 L
1 BHK Apartment,Shree Mangalmurti GalaxyDombivali,Dombivali,Mumbai,510,"12,000",61.20 L
1 BHK Apartment,Shree Mangalmurti GalaxyDombivali,Dombivali,Mumbai,570,"12,000",68.40 L
2 BHK Apartment,Shree Mangalmurti GalaxyDombivali,Dombivali,Mumbai,800,"12,000",96.00 L
2 BHK Apartment,Reputed Builder Dhanashree PrathamaDombivali,Dombivali,Mumbai,725,"12,000",87.00 L
1 RK Studio Apartment,Reputed Builder Dhanashree PrathamaDombivali,Dombivali,Mumbai,415,"12,000",49.80 L
1 BHK Apartment,Dhanashree Devyani Galaxy B WingDombivali,Dombivali,Mumbai,650,"12,000",78.00 L
1 RK Studio Apartment,Dhanashree Devyani Galaxy B WingDombivali,Dombivali,Mumbai,400,"12,000",48.00 L
2 BHK Apartment,Shree EmpireDombivali,Dombivali,Mumbai,930,"12,000",1.12 Cr
2 BHK Apartment,Aadi Allure Wings A To EKanjurmarg,Kanjurmarg,Mumbai,1022,"25,000",2.56 Cr
1,,Dombivali East,Mumbai,690,"12,000",82.80 L
2,,Dombivali East,Mumbai,770,"12,000",92.40 L
1,,Dombivali East,Mumbai,340,"12,000",40.80 L
2 BHK Apartment,Shree Balaji Om HarmonyKharghar,Kharghar,Mumbai,1205,"12,000",1.45 Cr
2 BHK Apartment,DSS Mahavir UniverseBhandup West,Bhandup West,Mumbai,750,"22,000",1.65 Cr
1 RK Studio Apartment,Piramal RevantaMulund West,Mulund West,Mumbai,800,"25,000",2.00 Cr
2 BHK Apartment,Mayuresh Group ResidencyBhandup West,Bhandup West,Mumbai,850,"22,000",1.87 Cr
2 BHK Apartment,DSS Mahavir UniverseBhandup West,Bhandup West,Mumbai,750,"22,000",1.65 Cr
3 BHK Apartment,Sonam Indra NeelBhayandar East,Bhayandar East,Mumbai,1845,"25,000",4.61 Cr
2 BHK Apartment,Sonam Indra NeelBhayandar East,Bhayandar East,Mumbai,1025,"25,000",2.56 Cr
2 BHK Apartment,Sonam IndradhanushMira Road East,Mira Road East,Mumbai,968,"12,000",1.16 Cr
1 BHK Apartment,Reputed Builder Dhanashree PrathamaDombivali,Dombivali,Mumbai,480,"12,000",57.60 L
1 BHK Apartment,Shree Mangalmurti GalaxyDombivali,Dombivali,Mumbai,510,"12,000",61.20 L
1 BHK Apartment,Shree Mangalmurti GalaxyDombivali,Dombivali,Mumbai,570,"12,000",68.40 L
2 BHK Apartment,Shree Mangalmurti GalaxyDombivali,Dombivali,Mumbai,800,"12,000",96.00 L
2 BHK Apartment,Reputed Builder Dhanashree PrathamaDombivali,Dombivali,Mumbai,725,"12,000",87.00 L
1 RK Studio Apartment,Reputed Builder Dhanashree PrathamaDombivali,Dombivali,Mumbai,415,"12,000",49.80 L
1 BHK Apartment,Dhanashree Devyani Galaxy B WingDombivali,Dombivali,Mumbai,650,"12,000",78.00 L
1 RK Studio Apartment,Dhanashree Devyani Galaxy B WingDombivali,Dombivali,Mumbai,400,"12,000",48.00 L
2 BHK Apartment,Shree EmpireDombivali,Dombivali,Mumbai,930,"12,000",1.12 Cr
2 BHK Apartment,Aadi Allure Wings A To EKanjurmarg,Kanjurmarg,Mumbai,1022,"25,000",2.56 Cr
1,,Dombivali East,Mumbai,690,"12,000",82.80 L
2,,Dombivali East,Mumbai,770,"12,000",92.40 L
1,,Dombivali East,Mumbai,340,"12,000",40.80 L
2 BHK Apartment,Shree Balaji Om HarmonyKharghar,Kharghar,Mumbai,1205,"12,000",1.45 Cr
2 BHK Apartment,DSS Mahavir UniverseBhandup West,Bhandup West,Mumbai,750,"22,000",1.65 Cr
1 RK Studio Apartment,Piramal RevantaMulund West,Mulund West,Mumbai,800,"25,000",2.00 Cr
2 BHK Apartment,Mayuresh Group ResidencyBhandup West,Bhandup West,Mumbai,850,"22,000",1.87 Cr
2 BHK Apartment,DSS Mahavir UniverseBhandup West,Bhandup West,Mumbai,750,"22,000",1.65 Cr
1 BHK Apartment,Morya Infraconstruct Sports City Phase 1Bhiwandi,Bhiwandi,Mumbai,800,"6,000",48.00 L
2 BHK Apartment,Lodha Lodha Palava DowntownDombivali,Dombivali,Mumbai,820,"12,000",98.40 L
1 BHK Apartment,Kings Heights 1Bhandup East,Bhandup East,Mumbai,600,"20,000",1.20 Cr
3 BHK Apartment,Ariisto Bellanza Phase 1 Wing A B C At The Prestige CityMulund West,Mulund West,Mumbai,2000,"25,000",5.00 Cr
1 BHK Apartment,Srushti Sangam SiddhiChembur,Chembur,Mumbai,800,"30,000",2.40 Cr
1,,Rabale,Mumbai,650,"25,000",1.62 Cr
2 BHK Apartment,Lodha Lodha Palava DowntownDombivali,Dombivali,Mumbai,820,"12,000",98.40 L
2 BHK Apartment,Lodha Lodha Palava DowntownDombivali,Dombivali,Mumbai,800,"12,000",96.00 L
1 BHK Apartment,Lodha Lodha Palava DowntownDombivali,Dombivali,Mumbai,660,"12,000",79.20 L
1 BHK Apartment,JP Codename HOTCAKEMira Road East,Mira Road East,Mumbai,660,"12,000",79.20 L
1 BHK Apartment,JP Codename HOTCAKEMira Road East,Mira Road East,Mumbai,660,"12,000",79.20 L
2 BHK Apartment,Lodha Mira Road Project 1Mira Road East,Mira Road East,Mumbai,1100,"12,000",1.32 Cr
1 BHK Apartment,Lodha Mira Road Project 1Mira Road East,Mira Road East,Mumbai,750,"12,000",90.00 L
1 BHK Apartment,Lodha Mira Road Project 1Mira Road East,Mira Road East,Mumbai,750,"12,000",90.00 L
2,,Badlapur East,Mumbai,885,"25,000",2.21 Cr
2 BHK Apartment,MICL Aradhya D And E TowerBhayandar East,Bhayandar East,Mumbai,1080,"25,000",2.70 Cr
1 BHK Apartment,MICL Aradhya D And E TowerBhayandar East,Bhayandar East,Mumbai,740,"25,000",1.85 Cr
1 BHK Apartment,MICL Aradhya D And E TowerBhayandar East,Bhayandar East,Mumbai,740,"25,000",1.85 Cr
2 BHK Apartment,Thakur Vishnu Shivam TowerKandivali East,Kandivali East,Mumbai,1250,"22,000",2.75 Cr
2 BHK Apartment,Reputed Builder Evershine Millenium Paradise Phase 1Kandivali East,Kandivali East,Mumbai,885,"22,000",1.95 Cr
1 BHK Apartment,CCI Rivali Park WinterGreenBorivali East,Borivali East,Mumbai,625,"16,000",1.00 Cr
2 BHK Apartment,Dosti Eastern BayWadala,Wadala,Mumbai,815,"35,000",2.85 Cr
1,,Ulwe,Mumbai,400,"9,000",36.00 L
2 BHK Apartment,ACME AvenueKandivali West,Kandivali West,Mumbai,900,"24,000",2.16 Cr
1 BHK Apartment,Mahada New TowerMalad West,Malad West,Mumbai,450,"22,000",99.00 L
2 BHK Apartment,Srushti Sangam SiddhiChembur,Chembur,Mumbai,1000,"30,000",3.00 Cr
2 BHK Apartment,5th Prasanna AuraChembur,Chembur,Mumbai,1200,"30,000",3.60 Cr
1,,Ulwe,Mumbai,660,"9,000",59.40 L
3 BHK Apartment,5th Prasanna AuraChembur,Chembur,Mumbai,2450,"30,000",7.35 Cr
2,,Ulwe,Mumbai,1010,"9,000",90.90 L
2 BHK Apartment,RRB Satra HarmonyChembur,Chembur,Mumbai,1000,"30,000",3.00 Cr
4 BHK Apartment,5th Prasanna AuraChembur,Chembur,Mumbai,2300,"30,000",6.90 Cr
1 BHK Apartment,Srushti Sangam SiddhiChembur,Chembur,Mumbai,800,"30,000",2.40 Cr
1,,Rabale,Mumbai,650,"25,000",1.62 Cr
1 RK Studio Apartment,Concrete Sai SwaroopChembur,Chembur,Mumbai,600,"30,000",1.80 Cr
1 BHK Apartment,UVK Sai AkshiBhandup West,Bhandup West,Mumbai,800,"22,000",1.76 Cr
1 BHK Apartment,Gharkul Developers Gravity Phase IBhandup East,Bhandup East,Mumbai,600,"20,000",1.20 Cr
1 RK Studio Apartment,Gharkul Developers Gravity Phase IBhandup East,Bhandup East,Mumbai,602,"20,000",1.20 Cr
2 BHK Apartment,Gharkul Developers Gravity Phase IBhandup East,Bhandup East,Mumbai,1000,"20,000",2.00 Cr
2 BHK Apartment,Gharkul Developers Gravity Phase IBhandup East,Bhandup East,Mumbai,1000,"20,000",2.00 Cr
1 BHK Apartment,Gharkul Developers Gravity Phase IBhandup East,Bhandup East,Mumbai,600,"20,000",1.20 Cr
2 BHK Apartment,DP Star TriveniBhandup West,Bhandup West,Mumbai,1000,"22,000",2.20 Cr
1 BHK Apartment,Shree Ramdev HeightsMira Road East,Mira Road East,Mumbai,730,"12,000",87.60 L
1 BHK Apartment,Shree Ramdev HeightsMira Road East,Mira Road East,Mumbai,730,"12,000",87.60 L
2 BHK Apartment,Kalpataru Srishti NamaahMira Road East,Mira Road East,Mumbai,1000,"12,000",1.20 Cr
1 BHK Apartment,Kalpataru Srishti NamaahMira Road East,Mira Road East,Mumbai,730,"12,000",87.60 L
1 BHK Apartment,Sanghvi Sanghvi EmpireMira Road East,Mira Road East,Mumbai,795,"12,000",95.40 L
1 BHK Apartment,Sanghvi Sanghvi EmpireMira Road East,Mira Road East,Mumbai,795,"12,000",95.40 L
3 BHK Apartment,Kalpataru Srishti NamaahMira Road East,Mira Road East,Mumbai,1300,"12,000",1.56 Cr
2 BHK Apartment,Kalpataru Srishti NamaahMira Road East,Mira Road East,Mumbai,1100,"12,000",1.32 Cr
1 BHK Apartment,Kalpataru Srishti NamaahMira Road East,Mira Road East,Mumbai,730,"12,000",87.60 L
2 BHK Apartment,Dosti Eastern BayWadala,Wadala,Mumbai,815,"35,000",2.85 Cr
2 BHK Apartment,Kakad Paradise Phase 2Mira Road East,Mira Road East,Mumbai,980,"12,000",1.18 Cr
1 BHK Apartment,JP North Phase 6 AlexaMira Road East,Mira Road East,Mumbai,738,"12,000",88.56 L
3 BHK Apartment,JP Codename Dream Home Tower BMira Road East,Mira Road East,Mumbai,1120,"12,000",1.34 Cr
1 BHK Apartment,JP Codename Dream Home Tower BMira Road East,Mira Road East,Mumbai,710,"12,000",85.20 L
2 BHK Apartment,JP Codename Dream Home Tower BMira Road East,Mira Road East,Mumbai,1010,"12,000",1.21 Cr
1 BHK Apartment,Sanghvi Sanghvi EmpireMira Road East,Mira Road East,Mumbai,795,"12,000",95.40 L
3 BHK Apartment,Space Ashley TowerMira Road East,Mira Road East,Mumbai,1300,"12,000",1.56 Cr
2 BHK Apartment,RNA NG EclatAndheri West,Andheri West,Mumbai,975,"35,000",3.41 Cr
2 BHK Apartment,Gala Pride ParkThane West,Thane West,Mumbai,1100,"18,000",1.98 Cr
3 BHK Apartment,Reputed Builder Adani Western HeightsAndheri West,Andheri West,Mumbai,1700,"35,000",5.95 Cr
2 BHK Apartment,Gurukrupa Marina EnclaveMalad West,Malad West,Mumbai,856,"22,000",1.88 Cr
2 BHK Apartment,Gurukrupa Marina EnclaveMalad West,Malad West,Mumbai,868,"22,000",1.91 Cr
2 BHK Apartment,Gurukrupa Marina EnclaveMalad West,Malad West,Mumbai,869,"22,000",1.91 Cr
5 BHK Apartment,Ariisto Bellanza Phase 1 Wing A B C At The Prestige CityMulund West,Mulund West,Mumbai,3000,"25,000",7.50 Cr
4 BHK Apartment,Ariisto Bellanza Phase 1 Wing A B C At The Prestige CityMulund West,Mulund West,Mumbai,2000,"25,000",5.00 Cr
3 BHK Apartment,Ariisto Bellanza Phase 1 Wing A B C At The Prestige CityMulund West,Mulund West,Mumbai,2000,"25,000",5.00 Cr
2 BHK Apartment,Gurukrupa Marina EnclaveMalad West,Malad West,Mumbai,856,"22,000",1.88 Cr
2 BHK Apartment,Gurukrupa Marina EnclaveMalad West,Malad West,Mumbai,856,"22,000",1.88 Cr
1 BHK Apartment,Piramal Revanta Tower 1Mulund West,Mulund West,Mumbai,800,"25,000",2.00 Cr
2 BHK Apartment,Reputed Builder Sea LordCuffe Parade,Cuffe Parade,Mumbai,1200,"25,000",3.00 Cr
2 BHK Apartment,Piramal Revanta Tower 1Mulund West,Mulund West,Mumbai,2000,"25,000",5.00 Cr
1 BHK Apartment,Piramal Revanta Tower 1Mulund West,Mulund West,Mumbai,800,"25,000",2.00 Cr
1 BHK Apartment,Piramal Revanta Tower 1Mulund West,Mulund West,Mumbai,800,"25,000",2.00 Cr
2 BHK Apartment,Piramal Revanta Tower 1Mulund West,Mulund West,Mumbai,2000,"25,000",5.00 Cr
2 BHK Apartment,Piramal Revanta Tower 1Mulund West,Mulund West,Mumbai,2000,"25,000",5.00 Cr
2 BHK Apartment,Piramal Revanta Tower 1Mulund West,Mulund West,Mumbai,2000,"25,000",5.00 Cr
3 BHK Apartment,Piramal Revanta Tower 1Mulund West,Mulund West,Mumbai,2000,"25,000",5.00 Cr
1 BHK Apartment,Piramal Revanta Tower 1Mulund West,Mulund West,Mumbai,800,"25,000",2.00 Cr
1 RK Studio Apartment,Piramal Revanta Tower 1Mulund West,Mulund West,Mumbai,400,"25,000",1.00 Cr
2 BHK Apartment,Piramal Revanta Tower 1Mulund West,Mulund West,Mumbai,1700,"25,000",4.25 Cr
2 BHK Apartment,Gharkul Developers Gravity Phase IBhandup East,Bhandup East,Mumbai,1000,"20,000",2.00 Cr
1 BHK Apartment,Gharkul Developers Gravity Phase IBhandup East,Bhandup East,Mumbai,600,"20,000",1.20 Cr
2 BHK Apartment,DP Star TriveniBhandup West,Bhandup West,Mumbai,1000,"22,000",2.20 Cr
1 RK Studio Apartment,Concrete Sai SwaroopChembur,Chembur,Mumbai,600,"30,000",1.80 Cr
2 BHK Apartment,RRB Satra HarmonyChembur,Chembur,Mumbai,1000,"30,000",3.00 Cr
1 BHK Apartment,UVK Sai AkshiBhandup West,Bhandup West,Mumbai,800,"22,000",1.76 Cr
1 BHK Apartment,Mahada New TowerMalad West,Malad West,Mumbai,450,"22,000",99.00 L
2 BHK Apartment,Gharkul Developers Gravity Phase IBhandup East,Bhandup East,Mumbai,1000,"20,000",2.00 Cr
1 RK Studio Apartment,Gharkul Developers Gravity Phase IBhandup East,Bhandup East,Mumbai,600,"20,000",1.20 Cr
1 BHK Apartment,Gharkul Developers Gravity Phase IBhandup East,Bhandup East,Mumbai,800,"20,000",1.60 Cr
1,,Ulwe,Mumbai,640,"9,000",57.60 L
1 BHK Apartment,Sanghvi S3 SkyriseMira Road East,Mira Road East,Mumbai,337,"12,000",40.44 L
2 BHK Apartment,Sanghvi S3 SkyriseMira Road East,Mira Road East,Mumbai,552,"12,000",66.24 L
1 BHK Apartment,Sanghvi S3 SkyriseMira Road East,Mira Road East,Mumbai,358,"12,000",42.96 L
1 BHK Apartment,Lodha Lodha Palava DowntownDombivali,Dombivali,Mumbai,600,"12,000",72.00 L
2 BHK Apartment,Kings Heights 1Bhandup East,Bhandup East,Mumbai,1000,"20,000",2.00 Cr
1 BHK Apartment,Morya Infraconstruct Sports City Phase 1Bhiwandi,Bhiwandi,Mumbai,800,"6,000",48.00 L
1 BHK Apartment,JP North BarcelonaMira Road East,Mira Road East,Mumbai,426,"12,000",51.12 L
1 BHK Apartment,JP North BarcelonaMira Road East,Mira Road East,Mumbai,360,"12,000",43.20 L
3 BHK Apartment,JP North BarcelonaMira Road East,Mira Road East,Mumbai,640,"12,000",76.80 L
1 BHK Apartment,Piramal Revanta Tower 1Mulund West,Mulund West,Mumbai,800,"25,000",2.00 Cr
2 BHK Apartment,Piramal Revanta Tower 1Mulund West,Mulund West,Mumbai,1200,"25,000",3.00 Cr
2 BHK Apartment,Piramal Revanta Tower 1Mulund West,Mulund West,Mumbai,1200,"25,000",3.00 Cr
2 BHK Apartment,Piramal Revanta Tower 1Mulund West,Mulund West,Mumbai,1200,"25,000",3.00 Cr
3 BHK Apartment,Piramal Revanta Tower 1Mulund West,Mulund West,Mumbai,2000,"25,000",5.00 Cr
1,,Chembur,Mumbai,870,"30,000",2.61 Cr
3,,Chembur,Mumbai,2000,"30,000",6.00 Cr
1,,Badlapur East,Mumbai,375,"25,000",93.75 L
3 BHK Apartment,Sonam Indra NeelBhayandar East,Bhayandar East,Mumbai,1845,"25,000",4.61 Cr
2 BHK Apartment,Sonam Indra NeelBhayandar East,Bhayandar East,Mumbai,1025,"25,000",2.56 Cr
2 BHK Apartment,Sonam IndradhanushMira Road East,Mira Road East,Mumbai,968,"12,000",1.16 Cr
2 BHK Apartment,UVK Sai AkshiBhandup West,Bhandup West,Mumbai,600,"22,000",1.32 Cr
1 BHK Apartment,UVK Sai AkshiBhandup West,Bhandup West,Mumbai,600,"22,000",1.32 Cr
1 BHK Apartment,DP Star TriveniBhandup West,Bhandup West,Mumbai,600,"22,000",1.32 Cr
2 BHK Apartment,DP Star TriveniBhandup West,Bhandup West,Mumbai,800,"22,000",1.76 Cr
1 RK Studio Apartment,Marathon Neopark Ashoka Wing ABhandup West,Bhandup West,Mumbai,200,"22,000",44.00 L
2 BHK Apartment,Dynamix AvanyaDahisar,Dahisar,Mumbai,990,"20,000",1.98 Cr
2,,Malad West,Mumbai,800,"22,000",1.76 Cr
1,,Malad West,Mumbai,620,"22,000",1.36 Cr
1 BHK Apartment,Shubh Seven Square AvenueBhayandar East,Bhayandar East,Mumbai,725,"25,000",1.81 Cr
1 BHK Apartment,JP North BarcelonaMira Road East,Mira Road East,Mumbai,327,"12,000",39.24 L
1 BHK Apartment,JP North BarcelonaMira Road East,Mira Road East,Mumbai,308,"12,000",36.96 L
1 BHK Apartment,JP North BarcelonaMira Road East,Mira Road East,Mumbai,357,"12,000",42.84 L
3 BHK Apartment,JP North BarcelonaMira Road East,Mira Road East,Mumbai,633,"12,000",75.96 L
1 BHK Apartment,JP North BarcelonaMira Road East,Mira Road East,Mumbai,339,"12,000",40.68 L
1 BHK Apartment,JP North BarcelonaMira Road East,Mira Road East,Mumbai,157,"12,000",18.84 L
2 BHK Apartment,JP North BarcelonaMira Road East,Mira Road East,Mumbai,506,"12,000",60.72 L
1 BHK Apartment,JP North BarcelonaMira Road East,Mira Road East,Mumbai,323,"12,000",38.76 L
2 BHK Apartment,JP North BarcelonaMira Road East,Mira Road East,Mumbai,527,"12,000",63.24 L
2 BHK Apartment,JP North BarcelonaMira Road East,Mira Road East,Mumbai,485,"12,000",58.20 L
1 BHK Apartment,JP North BarcelonaMira Road East,Mira Road East,Mumbai,349,"12,000",41.88 L
1 BHK Apartment,JP North BarcelonaMira Road East,Mira Road East,Mumbai,400,"12,000",48.00 L
1 BHK Apartment,JP North BarcelonaMira Road East,Mira Road East,Mumbai,347,"12,000",41.64 L
1 BHK Apartment,JP North BarcelonaMira Road East,Mira Road East,Mumbai,365,"12,000",43.80 L
1 BHK Apartment,Mahada New TowerMalad West,Malad West,Mumbai,450,"22,000",99.00 L
1 BHK Apartment,Mahada New TowerMalad West,Malad West,Mumbai,450,"22,000",99.00 L
1 RK Studio Apartment,Gharkul Developers Gravity Phase IBhandup East,Bhandup East,Mumbai,600,"20,000",1.20 Cr
1 BHK Apartment,Gharkul Developers Gravity Phase IBhandup East,Bhandup East,Mumbai,800,"20,000",1.60 Cr
2 BHK Apartment,Gharkul Developers Gravity Phase IBhandup East,Bhandup East,Mumbai,1000,"20,000",2.00 Cr
2 BHK Apartment,RRB Satra HarmonyChembur,Chembur,Mumbai,1000,"30,000",3.00 Cr
1 BHK Apartment,UVK Sai AkshiBhandup West,Bhandup West,Mumbai,800,"22,000",1.76 Cr
3 BHK Apartment,Supreme Arbuda Darshan Chs LtdSantacruz East,Santacruz East,Mumbai,1000,"45,000",4.50 Cr
1 BHK Apartment,K Raheja HeightsMalad East,Malad East,Mumbai,690,"20,000",1.38 Cr
2 BHK Apartment,UVK Sai AkshiBhandup West,Bhandup West,Mumbai,600,"22,000",1.32 Cr
1 BHK Apartment,UVK Sai AkshiBhandup West,Bhandup West,Mumbai,600,"22,000",1.32 Cr
1 BHK Apartment,DP Star TriveniBhandup West,Bhandup West,Mumbai,600,"22,000",1.32 Cr
2 BHK Apartment,DP Star TriveniBhandup West,Bhandup West,Mumbai,800,"22,000",1.76 Cr
1 RK Studio Apartment,Marathon Neopark Ashoka Wing ABhandup West,Bhandup West,Mumbai,200,"22,000",44.00 L
2 BHK Apartment,Piramal Revanta Tower 1Mulund West,Mulund West,Mumbai,1000,"25,000",2.50 Cr
1 BHK Apartment,Piramal Revanta Tower 1Mulund West,Mulund West,Mumbai,800,"25,000",2.00 Cr
2 BHK Apartment,Piramal Revanta Tower 1Mulund West,Mulund West,Mumbai,1200,"25,000",3.00 Cr
2 BHK Apartment,Piramal Revanta Tower 1Mulund West,Mulund West,Mumbai,1200,"25,000",3.00 Cr
2 BHK Apartment,Piramal Revanta Tower 1Mulund West,Mulund West,Mumbai,1200,"25,000",3.00 Cr
3 BHK Apartment,Piramal Revanta Tower 1Mulund West,Mulund West,Mumbai,2000,"25,000",5.00 Cr
1 BHK Apartment,Piramal Revanta Tower 1Mulund West,Mulund West,Mumbai,800,"25,000",2.00 Cr
2 BHK Apartment,Reputed Builder Sea LordCuffe Parade,Cuffe Parade,Mumbai,1200,"25,000",3.00 Cr
2 BHK Apartment,Piramal Revanta Tower 1Mulund West,Mulund West,Mumbai,2000,"25,000",5.00 Cr
1 BHK Apartment,Piramal Revanta Tower 1Mulund West,Mulund West,Mumbai,800,"25,000",2.00 Cr
1 BHK Apartment,Piramal Revanta Tower 1Mulund West,Mulund West,Mumbai,800,"25,000",2.00 Cr
2 BHK Apartment,Piramal Revanta Tower 1Mulund West,Mulund West,Mumbai,2000,"25,000",5.00 Cr
2 BHK Apartment,Piramal Revanta Tower 1Mulund West,Mulund West,Mumbai,2000,"25,000",5.00 Cr
3 BHK Apartment,Piramal Revanta Tower 1Mulund West,Mulund West,Mumbai,2000,"25,000",5.00 Cr
1 BHK Apartment,Piramal Revanta Tower 1Mulund West,Mulund West,Mumbai,800,"25,000",2.00 Cr
1 RK Studio Apartment,Piramal Revanta Tower 1Mulund West,Mulund West,Mumbai,400,"25,000",1.00 Cr
2 BHK Apartment,Piramal Revanta Tower 1Mulund West,Mulund West,Mumbai,1700,"25,000",4.25 Cr
1 RK Studio Apartment,Piramal Revanta Tower 1Mulund West,Mulund West,Mumbai,400,"25,000",1.00 Cr
1 BHK Apartment,Piramal Revanta Tower 1Mulund West,Mulund West,Mumbai,800,"25,000",2.00 Cr
3,,Jogeshwari West,Mumbai,1700,"25,000",4.25 Cr
2 BHK Apartment,Gurukrupa Marina EnclaveMalad West,Malad West,Mumbai,850,"22,000",1.87 Cr
2 BHK Apartment,Reputed Builder Adani Western HeightsAndheri West,Andheri West,Mumbai,1361,"35,000",4.76 Cr
2 BHK Apartment,Gurukrupa Marina EnclaveMalad West,Malad West,Mumbai,877,"22,000",1.93 Cr
2 BHK Apartment,Gurukrupa Marina EnclaveMalad West,Malad West,Mumbai,856,"22,000",1.88 Cr
2 BHK Apartment,Gurukrupa Marina EnclaveMalad West,Malad West,Mumbai,868,"22,000",1.91 Cr
2 BHK Apartment,Gurukrupa Marina EnclaveMalad West,Malad West,Mumbai,869,"22,000",1.91 Cr
2 BHK Apartment,Reputed Builder Roshni ApartmentKalyan East,Kalyan East,Mumbai,1040,"9,000",93.60 L
2 BHK Apartment,Piramal Revanta Tower 1Mulund West,Mulund West,Mumbai,1200,"25,000",3.00 Cr
1 BHK Apartment,Piramal Revanta Tower 1Mulund West,Mulund West,Mumbai,800,"25,000",2.00 Cr
1 BHK Apartment,Piramal Revanta Tower 1Mulund West,Mulund West,Mumbai,800,"25,000",2.00 Cr
2 BHK Apartment,Gurukrupa Marina EnclaveMalad West,Malad West,Mumbai,850,"22,000",1.87 Cr
3 BHK Apartment,Gurukrupa Marina Enclave M N Phase llMalad West,Malad West,Mumbai,1050,"22,000",2.31 Cr
2 BHK Apartment,Puraniks City Phase 3Thane West,Thane West,Mumbai,740,"18,000",1.33 Cr
1 BHK Apartment,Hiranandani LaviniaThane West,Thane West,Mumbai,650,"18,000",1.17 Cr
1 BHK Apartment,Hiranandani The WalkThane West,Thane West,Mumbai,650,"18,000",1.17 Cr
1 BHK Apartment,Madhav Palacia Phase IIThane West,Thane West,Mumbai,650,"18,000",1.17 Cr
2 BHK Apartment,Dynamix ParkwoodsThane West,Thane West,Mumbai,850,"18,000",1.53 Cr
3 BHK Apartment,Dynamix ParkwoodsThane West,Thane West,Mumbai,1350,"18,000",2.43 Cr
2 BHK Apartment,Lodha SplendoraThane West,Thane West,Mumbai,1200,"18,000",2.16 Cr
1 BHK Apartment,Lodha Amara Tower 26 27 28 30 34 35Thane West,Thane West,Mumbai,555,"18,000",99.90 L
2 BHK Apartment,Lodha Codename Crown JewelThane West,Thane West,Mumbai,1050,"18,000",1.89 Cr
1 BHK Apartment,Lodha Codename Crown JewelThane West,Thane West,Mumbai,711,"18,000",1.28 Cr
1 BHK Apartment,Atharva My Element KarjatKarjat,Karjat,Mumbai,600,"25,000",1.50 Cr
2 BHK Apartment,Atharva My Element KarjatKarjat,Karjat,Mumbai,800,"25,000",2.00 Cr
1 BHK Apartment,Atharva My Element KarjatKarjat,Karjat,Mumbai,700,"25,000",1.75 Cr
2 BHK Apartment,Atharva My Element KarjatKarjat,Karjat,Mumbai,850,"25,000",2.12 Cr
1 BHK Apartment, Radhe Krishna HeightsKarjat,Karjat,Mumbai,700,"25,000",1.75 Cr
1 RK Studio Apartment, Radhe Krishna HeightsKarjat,Karjat,Mumbai,450,"25,000",1.12 Cr
2 BHK Apartment, Radhe Krishna HeightsKarjat,Karjat,Mumbai,950,"25,000",2.38 Cr
1 BHK Apartment, Radhe Krishna HeightsKarjat,Karjat,Mumbai,680,"25,000",1.70 Cr
2 BHK Apartment,Atharva My Element KarjatKarjat,Karjat,Mumbai,850,"25,000",2.12 Cr
1 RK Studio Apartment,Atharva My Element KarjatKarjat,Karjat,Mumbai,430,"25,000",1.07 Cr
1 BHK Apartment,Atharva My Element KarjatKarjat,Karjat,Mumbai,690,"25,000",1.73 Cr
2 BHK Apartment,Raj AkshayMira Road East,Mira Road East,Mumbai,1062,"12,000",1.27 Cr
1 BHK Apartment,Raj AkshayMira Road East,Mira Road East,Mumbai,711,"12,000",85.32 L
1 BHK Apartment,Raj AkshayMira Road East,Mira Road East,Mumbai,756,"12,000",90.72 L
1 RK Studio Apartment,Usha Radhe Krishna ParkKarjat,Karjat,Mumbai,400,"25,000",1.00 Cr
1,,Agripada,Mumbai,1120,"25,000",2.80 Cr
2 BHK Apartment,L K Umang HeightsAndheri West,Andheri West,Mumbai,1250,"35,000",4.38 Cr
3 BHK Apartment,Space Ashley TowerMira Road East,Mira Road East,Mumbai,1300,"12,000",1.56 Cr
2 BHK Apartment,RNA NG EclatAndheri West,Andheri West,Mumbai,975,"35,000",3.41 Cr
2 BHK Apartment,Gala Pride ParkThane West,Thane West,Mumbai,1100,"18,000",1.98 Cr
3 BHK Apartment,Reputed Builder Adani Western HeightsAndheri West,Andheri West,Mumbai,1700,"35,000",5.95 Cr
2 BHK Apartment,Darvesh Darvesh HorizonMira Road East,Mira Road East,Mumbai,955,"12,000",1.15 Cr
2 BHK Apartment,Unique EstateMira Road East,Mira Road East,Mumbai,1045,"12,000",1.25 Cr
1 BHK Apartment,Salasar WoodsMira Road East,Mira Road East,Mumbai,750,"12,000",90.00 L
1 BHK Apartment,PNK Imperial HeightsMira Road East,Mira Road East,Mumbai,755,"12,000",90.60 L
1 BHK Apartment,Reputed Builder Sukur GardenThane West,Thane West,Mumbai,600,"18,000",1.08 Cr
1 BHK Apartment,Shree Shakti Swami Krupa CHSThane West,Thane West,Mumbai,650,"18,000",1.17 Cr
2 BHK Apartment,Reputed Builder Sukur GardenThane West,Thane West,Mumbai,850,"18,000",1.53 Cr
2 BHK Apartment,Vakratunda ResidencyThane West,Thane West,Mumbai,950,"18,000",1.71 Cr
3 BHK Apartment,Shree Shakti Swami Krupa CHSThane West,Thane West,Mumbai,1200,"18,000",2.16 Cr
1 BHK Apartment,Lodha Amara Tower 26 27 28 30 34 35Thane West,Thane West,Mumbai,555,"18,000",99.90 L
2 BHK Apartment,Lodha Codename Crown JewelThane West,Thane West,Mumbai,1050,"18,000",1.89 Cr
1 BHK Apartment,Lodha Codename Crown JewelThane West,Thane West,Mumbai,711,"18,000",1.28 Cr
1 BHK Apartment,Sanghvi Sanghvi EmpireMira Road East,Mira Road East,Mumbai,850,"12,000",1.02 Cr
2 BHK Apartment,Sheth AvalonThane West,Thane West,Mumbai,1250,"18,000",2.25 Cr
3 BHK Apartment,Neminath LuxeriaAndheri West,Andheri West,Mumbai,1600,"35,000",5.60 Cr
2 BHK Apartment,Rustomjee Urbania AstraeaThane West,Thane West,Mumbai,1050,"18,000",1.89 Cr
2 BHK Apartment,Lodha ParadiseThane West,Thane West,Mumbai,1080,"18,000",1.94 Cr
1 BHK Apartment,Gurukrupa Marina EnclaveMalad West,Malad West,Mumbai,600,"22,000",1.32 Cr
1 BHK Apartment,Gurukrupa Marina EnclaveMalad West,Malad West,Mumbai,600,"22,000",1.32 Cr
1 BHK Apartment,Gurukrupa Marina EnclaveMalad West,Malad West,Mumbai,600,"22,000",1.32 Cr
2 BHK Apartment,Raj AkshayMira Road East,Mira Road East,Mumbai,1062,"12,000",1.27 Cr
1 BHK Apartment,Raj AkshayMira Road East,Mira Road East,Mumbai,711,"12,000",85.32 L
2 BHK Apartment,Lodha Mira Road Project 1Mira Road East,Mira Road East,Mumbai,1100,"12,000",1.32 Cr
1 BHK Apartment,Lodha Mira Road Project 1Mira Road East,Mira Road East,Mumbai,750,"12,000",90.00 L
1 BHK Apartment,Lodha Mira Road Project 1Mira Road East,Mira Road East,Mumbai,750,"12,000",90.00 L
1 BHK Apartment,JP Codename HOTCAKEMira Road East,Mira Road East,Mumbai,660,"12,000",79.20 L
1 BHK Apartment,JP Codename HOTCAKEMira Road East,Mira Road East,Mumbai,660,"12,000",79.20 L
2 BHK Apartment,Thakur Vishnu Shivam TowerKandivali East,Kandivali East,Mumbai,1250,"22,000",2.75 Cr
2,,Badlapur East,Mumbai,885,"25,000",2.21 Cr
2 BHK Apartment,MICL Aradhya D And E TowerBhayandar East,Bhayandar East,Mumbai,1080,"25,000",2.70 Cr
1 BHK Apartment,MICL Aradhya D And E TowerBhayandar East,Bhayandar East,Mumbai,740,"25,000",1.85 Cr
1 BHK Apartment,MICL Aradhya D And E TowerBhayandar East,Bhayandar East,Mumbai,740,"25,000",1.85 Cr
2 BHK Apartment,Kabra Aurum Wing A B C AND D of Unnat Nagar IIGoregaon West,Goregaon West,Mumbai,1000,"26,000",2.60 Cr
4 BHK Apartment,Thakur Vishnu Shivam TowerKandivali East,Kandivali East,Mumbai,2500,"22,000",5.50 Cr
2 BHK Apartment,Reputed Builder Evershine Millenium Paradise Phase 1Kandivali East,Kandivali East,Mumbai,885,"22,000",1.95 Cr
1 BHK Apartment,CCI Rivali Park WinterGreenBorivali East,Borivali East,Mumbai,625,"16,000",1.00 Cr
1 BHK Apartment,Raj AkshayMira Road East,Mira Road East,Mumbai,675,"12,000",81.00 L
2 BHK Apartment,Vishesh Balaji Symphony Panvel,Panvel,Mumbai,850,"10,000",85.00 L
3,,Andheri West,Mumbai,1550,"35,000",5.42 Cr
2 BHK Apartment,ACME Ozone Phase 2Thane West,Thane West,Mumbai,1040,"18,000",1.87 Cr
2 BHK Apartment,Shree Tirupati Siddeshwar GardensThane West,Thane West,Mumbai,1050,"18,000",1.89 Cr
2 BHK Apartment,Kakad Paradise Phase 2Mira Road East,Mira Road East,Mumbai,990,"12,000",1.19 Cr
1 BHK Apartment,Raj AkshayMira Road East,Mira Road East,Mumbai,756,"12,000",90.72 L
2 BHK Apartment,L K Umang HeightsAndheri West,Andheri West,Mumbai,1250,"35,000",4.38 Cr
2 BHK Apartment,Darvesh Darvesh HorizonMira Road East,Mira Road East,Mumbai,955,"12,000",1.15 Cr
2 BHK Apartment,Unique EstateMira Road East,Mira Road East,Mumbai,1045,"12,000",1.25 Cr
1 BHK Apartment,Salasar WoodsMira Road East,Mira Road East,Mumbai,750,"12,000",90.00 L
1 BHK Apartment,PNK Imperial HeightsMira Road East,Mira Road East,Mumbai,755,"12,000",90.60 L
3 BHK Apartment,Space Ashley TowerMira Road East,Mira Road East,Mumbai,1300,"12,000",1.56 Cr
2 BHK Apartment,Sheth AvalonThane West,Thane West,Mumbai,1250,"18,000",2.25 Cr
1 BHK Apartment,MICL Aradhya D And E TowerBhayandar East,Bhayandar East,Mumbai,750,"25,000",1.88 Cr
2 BHK Apartment,Royal OasisMalad West,Malad West,Mumbai,750,"22,000",1.65 Cr
2 BHK Apartment,Royal OasisMalad West,Malad West,Mumbai,700,"22,000",1.54 Cr
2 BHK Apartment,Dosti ViharThane West,Thane West,Mumbai,1018,"18,000",1.83 Cr
1 BHK Apartment,Royal OasisMalad West,Malad West,Mumbai,650,"22,000",1.43 Cr
1 BHK Apartment,Royal OasisMalad West,Malad West,Mumbai,600,"22,000",1.32 Cr
2 BHK Apartment,Usha Eindra ResidencyKarjat,Karjat,Mumbai,980,"25,000",2.45 Cr
2 BHK Apartment, Radhe Krishna HeightsKarjat,Karjat,Mumbai,950,"25,000",2.38 Cr
1 BHK Apartment,Usha Eindra ResidencyKarjat,Karjat,Mumbai,650,"25,000",1.62 Cr
1 BHK Apartment,Sanghvi Sanghvi EmpireMira Road East,Mira Road East,Mumbai,850,"12,000",1.02 Cr
2 BHK Apartment,Usha Eindra ResidencyKarjat,Karjat,Mumbai,950,"25,000",2.38 Cr
2 BHK Apartment,Usha Radhe Krishna ParkKarjat,Karjat,Mumbai,850,"25,000",2.12 Cr
1 BHK Apartment,Usha Radhe Krishna ParkKarjat,Karjat,Mumbai,680,"25,000",1.70 Cr
2 BHK Apartment, Radhe Krishna HeightsKarjat,Karjat,Mumbai,950,"25,000",2.38 Cr
1 BHK Apartment, Radhe Krishna HeightsKarjat,Karjat,Mumbai,600,"25,000",1.50 Cr
2 BHK Apartment, Radhe Krishna HeightsKarjat,Karjat,Mumbai,900,"25,000",2.25 Cr
1 BHK Independent House,Atharva My Element KarjatKarjat,Karjat,Mumbai,680,"25,000",1.70 Cr
2 BHK Apartment,Hubtown GreenwoodsThane West,Thane West,Mumbai,740,"18,000",1.33 Cr
1 RK Studio Apartment,Usha Eindra ResidencyKarjat,Karjat,Mumbai,400,"25,000",1.00 Cr
2 BHK Apartment,Royal OasisMalad West,Malad West,Mumbai,700,"22,000",1.54 Cr
2 BHK Apartment,Dosti ViharThane West,Thane West,Mumbai,1018,"18,000",1.83 Cr
1 BHK Apartment,Royal OasisMalad West,Malad West,Mumbai,650,"22,000",1.43 Cr
1 BHK Apartment,Royal OasisMalad West,Malad West,Mumbai,600,"22,000",1.32 Cr
2 BHK Apartment,Hubtown GreenwoodsThane West,Thane West,Mumbai,740,"18,000",1.33 Cr
2 BHK Apartment,Royal OasisMalad West,Malad West,Mumbai,750,"22,000",1.65 Cr
1 BHK Apartment,Royal OasisMalad West,Malad West,Mumbai,750,"22,000",1.65 Cr
2 BHK Apartment,Lodha LuxuriaThane West,Thane West,Mumbai,1080,"18,000",1.94 Cr
1,,Kalamboli,Mumbai,723,"25,000",1.81 Cr
1 BHK Apartment,Usha Eindra ResidencyKarjat,Karjat,Mumbai,680,"25,000",1.70 Cr
2 BHK Apartment, Radhe Krishna HeightsKarjat,Karjat,Mumbai,950,"25,000",2.38 Cr
1 BHK Apartment,Usha Eindra ResidencyKarjat,Karjat,Mumbai,650,"25,000",1.62 Cr
3,,Kalamboli,Mumbai,1425,"25,000",3.56 Cr
1,,Kalamboli,Mumbai,667,"25,000",1.67 Cr
2 BHK Apartment,Usha Eindra ResidencyKarjat,Karjat,Mumbai,980,"25,000",2.45 Cr
2,,Kalamboli,Mumbai,1167,"25,000",2.92 Cr
2,,Kalamboli,Mumbai,1095,"25,000",2.74 Cr
2 BHK Apartment,Usha Eindra ResidencyKarjat,Karjat,Mumbai,950,"25,000",2.38 Cr
2 BHK Apartment,Usha Radhe Krishna ParkKarjat,Karjat,Mumbai,850,"25,000",2.12 Cr
1 BHK Apartment,Usha Radhe Krishna ParkKarjat,Karjat,Mumbai,680,"25,000",1.70 Cr
1 BHK Apartment,PNK Imperial HeightsMira Road East,Mira Road East,Mumbai,730,"12,000",87.60 L
1 BHK Apartment,PNK Imperial HeightsMira Road East,Mira Road East,Mumbai,730,"12,000",87.60 L
1 BHK Apartment,Royal OasisMalad West,Malad West,Mumbai,750,"22,000",1.65 Cr
2 BHK Apartment,Lodha LuxuriaThane West,Thane West,Mumbai,1080,"18,000",1.94 Cr
2 BHK Apartment,Shree Tirupati Siddeshwar GardensThane West,Thane West,Mumbai,950,"18,000",1.71 Cr
1,,Greater Khanda,Mumbai,788,"25,000",1.97 Cr
3,,Kalamboli,Mumbai,1425,"25,000",3.56 Cr
1,,Kalamboli,Mumbai,667,"25,000",1.67 Cr
2 BHK Apartment,Usha Eindra ResidencyKarjat,Karjat,Mumbai,980,"25,000",2.45 Cr
2 BHK Apartment, Radhe Krishna HeightsKarjat,Karjat,Mumbai,950,"25,000",2.38 Cr
1 BHK Apartment,Usha Eindra ResidencyKarjat,Karjat,Mumbai,650,"25,000",1.62 Cr
2,,Kalamboli,Mumbai,1167,"25,000",2.92 Cr
2,,Kalamboli,Mumbai,1095,"25,000",2.74 Cr
2 BHK Apartment,Hubtown GreenwoodsThane West,Thane West,Mumbai,740,"18,000",1.33 Cr
1 BHK Apartment,Neel Sidhi OrbitPanvel,Panvel,Mumbai,700,"10,000",70.00 L
1 BHK Apartment,Atharva My Element KarjatKarjat,Karjat,Mumbai,680,"25,000",1.70 Cr
2 BHK Apartment,Royal OasisMalad West,Malad West,Mumbai,750,"22,000",1.65 Cr
2 BHK Apartment,Omkar EkdantaPanvel,Panvel,Mumbai,700,"10,000",70.00 L
1,,Koper Khairane,Mumbai,550,"25,000",1.38 Cr
1,,Koper Khairane,Mumbai,560,"25,000",1.40 Cr
1 BHK Apartment,Atharva My Element KarjatKarjat,Karjat,Mumbai,680,"25,000",1.70 Cr
2 BHK Apartment,Omkar EkdantaPanvel,Panvel,Mumbai,700,"10,000",70.00 L
2 BHK Apartment,Shree Tirupati Siddeshwar GardensThane West,Thane West,Mumbai,950,"18,000",1.71 Cr
1,,Greater Khanda,Mumbai,788,"25,000",1.97 Cr
1 BHK Apartment,Swaraj Homes Neel Plaza ApartmentPanvel,Panvel,Mumbai,700,"10,000",70.00 L
2 BHK Apartment,Lakhani Lakhanis PridePanvel,Panvel,Mumbai,900,"10,000",90.00 L
3 BHK Apartment,Hiranandani BrentwoodPowai,Powai,Mumbai,1400,"38,000",5.32 Cr
1 BHK Apartment,Jai Mata Di Phase IIIABhiwandi,Bhiwandi,Mumbai,570,"6,000",34.20 L
2 BHK Apartment,Nirvana Buildscape NestPanvel,Panvel,Mumbai,850,"10,000",85.00 L
1,,Palava,Mumbai,425,"25,000",1.06 Cr
1,,Atgaon,Mumbai,460,"25,000",1.15 Cr
2 BHK Apartment,Deeplaxmi Shreeji Paraiso Badlapur East,Badlapur East,Mumbai,654,"25,000",1.64 Cr
2 BHK Apartment,Deeplaxmi Shreeji Paraiso Badlapur East,Badlapur East,Mumbai,661,"25,000",1.65 Cr
2 BHK Apartment,Deeplaxmi Shreeji Paraiso Badlapur East,Badlapur East,Mumbai,683,"25,000",1.71 Cr
1 RK Studio Apartment,Mahada New TowerMalad West,Malad West,Mumbai,250,"22,000",55.00 L
1 BHK Apartment,Mahada New TowerMalad West,Malad West,Mumbai,400,"22,000",88.00 L
1 BHK Apartment,JP North BarcelonaMira Road East,Mira Road East,Mumbai,426,"12,000",51.12 L
1 BHK Apartment,JP North BarcelonaMira Road East,Mira Road East,Mumbai,360,"12,000",43.20 L
3 BHK Apartment,JP North BarcelonaMira Road East,Mira Road East,Mumbai,640,"12,000",76.80 L
1 BHK Apartment,JP North BarcelonaMira Road East,Mira Road East,Mumbai,127,"12,000",15.24 L
1 BHK Apartment,JP North BarcelonaMira Road East,Mira Road East,Mumbai,308,"12,000",36.96 L
1 BHK Apartment,JP North BarcelonaMira Road East,Mira Road East,Mumbai,357,"12,000",42.84 L
3 BHK Apartment,JP North BarcelonaMira Road East,Mira Road East,Mumbai,633,"12,000",75.96 L
1 BHK Apartment,JP North BarcelonaMira Road East,Mira Road East,Mumbai,339,"12,000",40.68 L
1 BHK Apartment,JP North BarcelonaMira Road East,Mira Road East,Mumbai,157,"12,000",18.84 L
2 BHK Apartment,JP North BarcelonaMira Road East,Mira Road East,Mumbai,506,"12,000",60.72 L
1 BHK Apartment,JP North BarcelonaMira Road East,Mira Road East,Mumbai,323,"12,000",38.76 L
2 BHK Apartment,JP North BarcelonaMira Road East,Mira Road East,Mumbai,527,"12,000",63.24 L
1 BHK Apartment,JP North BarcelonaMira Road East,Mira Road East,Mumbai,368,"12,000",44.16 L
1 BHK Apartment,JP North BarcelonaMira Road East,Mira Road East,Mumbai,417,"12,000",50.04 L
2 BHK Apartment,JP North BarcelonaMira Road East,Mira Road East,Mumbai,485,"12,000",58.20 L
1 BHK Apartment,JP North BarcelonaMira Road East,Mira Road East,Mumbai,349,"12,000",41.88 L
1 BHK Apartment,JP North BarcelonaMira Road East,Mira Road East,Mumbai,400,"12,000",48.00 L
1 BHK Apartment,JP North BarcelonaMira Road East,Mira Road East,Mumbai,347,"12,000",41.64 L
1 BHK Apartment,JP North BarcelonaMira Road East,Mira Road East,Mumbai,365,"12,000",43.80 L
1 BHK Apartment,Parth Shri Sai Lata Flat Owners CHSLChembur,Chembur,Mumbai,488,"30,000",1.46 Cr
2 BHK Apartment,Varad Varad HeightsChembur,Chembur,Mumbai,716,"30,000",2.15 Cr
1 BHK Apartment,Parth Shri Sai Lata Flat Owners CHSLChembur,Chembur,Mumbai,464,"30,000",1.39 Cr
2 BHK Apartment,Varad Varad HeightsChembur,Chembur,Mumbai,700,"30,000",2.10 Cr
1 BHK Apartment,Varad Varad HeightsChembur,Chembur,Mumbai,479,"30,000",1.44 Cr
1 RK Studio Apartment,Mahada New TowerMalad West,Malad West,Mumbai,250,"22,000",55.00 L
1 BHK Apartment,Mahada New TowerMalad West,Malad West,Mumbai,400,"22,000",88.00 L
2 BHK Apartment,Juhi Niharika AbsoluteKharghar,Kharghar,Mumbai,735,"12,000",88.20 L
2 BHK Apartment,Juhi Niharika AbsoluteKharghar,Kharghar,Mumbai,636,"12,000",76.32 L
1 BHK Apartment,Juhi Niharika AbsoluteKharghar,Kharghar,Mumbai,417,"12,000",50.04 L
1 BHK Apartment,Juhi Niharika AbsoluteKharghar,Kharghar,Mumbai,468,"12,000",56.16 L
1 BHK Apartment,North Star 2nd PhaseChembur,Chembur,Mumbai,319,"30,000",95.70 L
1 BHK Apartment,North Star 2nd PhaseChembur,Chembur,Mumbai,309,"30,000",92.70 L
2 BHK Apartment,Ambika Ambika HeritageKharghar,Kharghar,Mumbai,1150,"12,000",1.38 Cr
2 BHK Independent Floor,Reputed Builder VastushilpKharghar,Kharghar,Mumbai,1000,"12,000",1.20 Cr
3 BHK Apartment,Goodwill ParadiseKharghar,Kharghar,Mumbai,1750,"12,000",2.10 Cr
1 BHK Apartment,Tricity GrandKharghar,Kharghar,Mumbai,750,"12,000",90.00 L
2 BHK Apartment,Arihant AradhanaKharghar,Kharghar,Mumbai,1250,"12,000",1.50 Cr
2 BHK Apartment,Raikar Sujata EmpressKharghar,Kharghar,Mumbai,1150,"12,000",1.38 Cr
3 BHK Apartment,Kesar Exotica Phase I Basement Plus Ground Plus Upper 14 FloorsKharghar,Kharghar,Mumbai,1880,"12,000",2.26 Cr
3,,Kharghar,Mumbai,1665,"12,000",2.00 Cr
2 BHK Apartment,Ambika Ambika HeritageKharghar,Kharghar,Mumbai,1175,"12,000",1.41 Cr
2 BHK Apartment,Goodwill ParadiseKharghar,Kharghar,Mumbai,1150,"12,000",1.38 Cr
2,,Kharghar,Mumbai,1200,"12,000",1.44 Cr
3 BHK Apartment,Reputed Builder Kasturi HeightsKharghar,Kharghar,Mumbai,1550,"12,000",1.86 Cr
2 BHK Apartment,Goodwill ParadiseKharghar,Kharghar,Mumbai,1750,"12,000",2.10 Cr
2 BHK Apartment,Arihant KrupaKharghar,Kharghar,Mumbai,1100,"12,000",1.32 Cr
2 BHK Apartment,Proviso GalaxyKharghar,Kharghar,Mumbai,1150,"12,000",1.38 Cr
3,,Kharghar,Mumbai,1650,"12,000",1.98 Cr
3,,Kharghar,Mumbai,1630,"12,000",1.96 Cr
3 BHK Apartment,Shah HeightsKharghar,Kharghar,Mumbai,1675,"12,000",2.01 Cr
3 BHK Apartment,Trishul SymphonyKharghar,Kharghar,Mumbai,1950,"12,000",2.34 Cr
2 BHK Apartment,Kesar Exotica Phase I Basement Plus Ground Plus Upper 14 FloorsKharghar,Kharghar,Mumbai,1240,"12,000",1.49 Cr
2 BHK Apartment,Haware SplendorKharghar,Kharghar,Mumbai,950,"12,000",1.14 Cr
3 BHK Apartment,Haware SplendorKharghar,Kharghar,Mumbai,1350,"12,000",1.62 Cr
3 BHK Apartment,Mahaavir PrideDombivali,Dombivali,Mumbai,917,"12,000",1.10 Cr
3 BHK Apartment,Mahaavir PrideDombivali,Dombivali,Mumbai,917,"12,000",1.10 Cr
2 BHK Apartment,Mahaavir PrideDombivali,Dombivali,Mumbai,576,"12,000",69.12 L
2 BHK Apartment,Mahaavir PrideDombivali,Dombivali,Mumbai,576,"12,000",69.12 L
3 BHK Apartment,Mahaavir PrideDombivali,Dombivali,Mumbai,917,"12,000",1.10 Cr
2 BHK Apartment,Mahaavir PrideDombivali,Dombivali,Mumbai,576,"12,000",69.12 L
1 BHK Apartment,Mahaavir PrideDombivali,Dombivali,Mumbai,433,"12,000",51.96 L
1 BHK Apartment,Mahaavir PrideDombivali,Dombivali,Mumbai,433,"12,000",51.96 L
2 BHK Apartment,Mahaavir PrideDombivali,Dombivali,Mumbai,694,"12,000",83.28 L
2 BHK Apartment,Mahaavir PrideDombivali,Dombivali,Mumbai,694,"12,000",83.28 L
2 BHK Apartment,Paradise Sai World Dreams Phase 1Dombivali,Dombivali,Mumbai,656,"12,000",78.72 L
2 BHK Apartment,Paradise Sai World Dreams Phase 1Dombivali,Dombivali,Mumbai,678,"12,000",81.36 L
2 BHK Apartment,Paradise Sai World Dreams Phase 1Dombivali,Dombivali,Mumbai,656,"12,000",78.72 L
2 BHK Apartment,Paradise Sai World Dreams Phase 1Dombivali,Dombivali,Mumbai,656,"12,000",78.72 L
2 BHK Apartment,Paradise Sai World Dreams Phase 1Dombivali,Dombivali,Mumbai,678,"12,000",81.36 L
2 BHK Apartment,Paradise Sai World Dreams Phase 1Dombivali,Dombivali,Mumbai,678,"12,000",81.36 L
3 BHK Apartment,Paradise Sai World Dreams Phase 1Dombivali,Dombivali,Mumbai,1043,"12,000",1.25 Cr
3 BHK Apartment,Paradise Sai World Dreams Phase 1Dombivali,Dombivali,Mumbai,1043,"12,000",1.25 Cr
3 BHK Apartment,Paradise Sai World Dreams Phase 1Dombivali,Dombivali,Mumbai,768,"12,000",92.16 L
3 BHK Apartment,Paradise Sai World Dreams Phase 1Dombivali,Dombivali,Mumbai,768,"12,000",92.16 L
3 BHK Apartment,Paradise Sai World Dreams Phase 1Dombivali,Dombivali,Mumbai,1034,"12,000",1.24 Cr
3 BHK Apartment,Paradise Sai World Dreams Phase 1Dombivali,Dombivali,Mumbai,1034,"12,000",1.24 Cr
3 BHK Apartment,Paradise Sai World Dreams Phase 1Dombivali,Dombivali,Mumbai,1126,"12,000",1.35 Cr
3 BHK Apartment,Paradise Sai World Dreams Phase 1Dombivali,Dombivali,Mumbai,1126,"12,000",1.35 Cr
1 BHK Apartment,Paradise Sai World Dreams Phase 1Dombivali,Dombivali,Mumbai,415,"12,000",49.80 L
1 BHK Apartment,Paradise Sai World Dreams Phase 1Dombivali,Dombivali,Mumbai,415,"12,000",49.80 L
2 BHK Apartment,Paradise Sai World Dreams Phase 1Dombivali,Dombivali,Mumbai,666,"12,000",79.92 L
2 BHK Apartment,Paradise Sai World Dreams Phase 1Dombivali,Dombivali,Mumbai,666,"12,000",79.92 L
1 BHK Apartment,Evershine Amavi 303 Phase 1Virar,Virar,Mumbai,511,"5,000",25.55 L
2 BHK Apartment,Evershine Amavi 303 Phase 1Virar,Virar,Mumbai,702,"5,000",35.10 L
1 BHK Apartment,Evershine Amavi 303 Phase 1Virar,Virar,Mumbai,511,"5,000",25.55 L
2 BHK Apartment,Evershine Amavi 303 Phase 1Virar,Virar,Mumbai,617,"5,000",30.85 L
1 BHK Apartment,Evershine Amavi 303 Phase 1Virar,Virar,Mumbai,473,"5,000",23.65 L
1 BHK Apartment,Evershine Amavi 303 Phase 1Virar,Virar,Mumbai,473,"5,000",23.65 L
2 BHK Apartment,Evershine Amavi 303 Phase 1Virar,Virar,Mumbai,617,"5,000",30.85 L
3 BHK Apartment,Reputed Builder KalpatruMira Road East,Mira Road East,Mumbai,1235,"12,000",1.48 Cr
2 BHK Apartment,Godrej Horizon Phase IWadala,Wadala,Mumbai,689,"35,000",2.41 Cr
3 BHK Apartment,Godrej Horizon Phase IWadala,Wadala,Mumbai,1046,"35,000",3.66 Cr
2 BHK Apartment,Godrej Horizon Phase IWadala,Wadala,Mumbai,735,"35,000",2.57 Cr
2 BHK Apartment,Godrej Horizon Phase IWadala,Wadala,Mumbai,739,"35,000",2.59 Cr
3 BHK Apartment,Godrej Horizon Phase IWadala,Wadala,Mumbai,1063,"35,000",3.72 Cr
3 BHK Apartment,Godrej Horizon Phase IWadala,Wadala,Mumbai,1232,"35,000",4.31 Cr
3,,Koper Khairane,Mumbai,1000,"25,000",2.50 Cr
2 BHK Apartment,Neelkanth SunberryGhansoli,Ghansoli,Mumbai,1300,"15,000",1.95 Cr
3 BHK Independent House,Neelkanth SunberryGhansoli,Ghansoli,Mumbai,1550,"15,000",2.33 Cr
1 BHK Apartment,Vihan Sunshine HeightsGhansoli,Ghansoli,Mumbai,650,"15,000",97.50 L
1 BHK Apartment,Raikar Mangal ApartmentGhansoli,Ghansoli,Mumbai,715,"15,000",1.07 Cr
4,,Koper Khairane,Mumbai,3500,"25,000",8.75 Cr
4 BHK Apartment,Satyam Imperial HeightsGhansoli,Ghansoli,Mumbai,3605,"15,000",5.41 Cr
2 BHK Apartment,Gee Cee Cloud 36 Phase IGhansoli,Ghansoli,Mumbai,1300,"15,000",1.95 Cr
3 BHK Apartment,Haware SplendorKharghar,Kharghar,Mumbai,1350,"12,000",1.62 Cr
3 BHK Apartment,Mahaavir PrideDombivali,Dombivali,Mumbai,917,"12,000",1.10 Cr
3 BHK Apartment,Mahaavir PrideDombivali,Dombivali,Mumbai,917,"12,000",1.10 Cr
2 BHK Apartment,Mahaavir PrideDombivali,Dombivali,Mumbai,576,"12,000",69.12 L
2 BHK Apartment,Mahaavir PrideDombivali,Dombivali,Mumbai,576,"12,000",69.12 L
3 BHK Apartment,Mahaavir PrideDombivali,Dombivali,Mumbai,917,"12,000",1.10 Cr
2 BHK Apartment,Mahaavir PrideDombivali,Dombivali,Mumbai,576,"12,000",69.12 L
1 BHK Apartment,Mahaavir PrideDombivali,Dombivali,Mumbai,433,"12,000",51.96 L
1 BHK Apartment,Mahaavir PrideDombivali,Dombivali,Mumbai,433,"12,000",51.96 L
2 BHK Apartment,Mahaavir PrideDombivali,Dombivali,Mumbai,694,"12,000",83.28 L
2 BHK Apartment,Mahaavir PrideDombivali,Dombivali,Mumbai,694,"12,000",83.28 L
2 BHK Apartment,Paradise Sai World Dreams Phase 1Dombivali,Dombivali,Mumbai,656,"12,000",78.72 L
2 BHK Apartment,Paradise Sai World Dreams Phase 1Dombivali,Dombivali,Mumbai,678,"12,000",81.36 L
2 BHK Apartment,Paradise Sai World Dreams Phase 1Dombivali,Dombivali,Mumbai,656,"12,000",78.72 L
2 BHK Apartment,Paradise Sai World Dreams Phase 1Dombivali,Dombivali,Mumbai,656,"12,000",78.72 L
2 BHK Apartment,Paradise Sai World Dreams Phase 1Dombivali,Dombivali,Mumbai,678,"12,000",81.36 L
2 BHK Apartment,Paradise Sai World Dreams Phase 1Dombivali,Dombivali,Mumbai,678,"12,000",81.36 L
3 BHK Apartment,Paradise Sai World Dreams Phase 1Dombivali,Dombivali,Mumbai,1043,"12,000",1.25 Cr
3 BHK Apartment,Paradise Sai World Dreams Phase 1Dombivali,Dombivali,Mumbai,1043,"12,000",1.25 Cr
3 BHK Apartment,Paradise Sai World Dreams Phase 1Dombivali,Dombivali,Mumbai,768,"12,000",92.16 L
1 BHK Apartment,Uma Elements Shil Phata,Shil Phata,Mumbai,471,"25,000",1.18 Cr
2 BHK Apartment,Reputed Builder Shiv SankalpaSeawoods,Seawoods,Mumbai,1150,"18,000",2.07 Cr
3 BHK Apartment,Reputed Builder Balaji HeightsNerul,Nerul,Mumbai,1675,"15,000",2.51 Cr
2 BHK Apartment,Juhi GreensSeawoods,Seawoods,Mumbai,1300,"18,000",2.34 Cr
2 BHK Apartment,Meridian MeadowsKharghar,Kharghar,Mumbai,1275,"12,000",1.53 Cr
3,,Bandra West,Mumbai,1100,"85,000",9.35 Cr
2 BHK Apartment,JSB Nakshatra AarambhNaigaon East,Naigaon East,Mumbai,978,"25,000",2.44 Cr
2 BHK Apartment,JSB Nakshatra AarambhNaigaon East,Naigaon East,Mumbai,978,"25,000",2.44 Cr
2 BHK Apartment,JSB Nakshatra AarambhNaigaon East,Naigaon East,Mumbai,978,"25,000",2.44 Cr
2 BHK Apartment,PNK Imperial HeightsMira Road East,Mira Road East,Mumbai,1050,"12,000",1.26 Cr
2 BHK Apartment,JP JP North Phase 5 EuphoriaMira Road East,Mira Road East,Mumbai,1080,"12,000",1.30 Cr
1 BHK Apartment,JP North BarcelonaMira Road East,Mira Road East,Mumbai,760,"12,000",91.20 L
3 BHK Apartment,JP JP North Phase 5 EuphoriaMira Road East,Mira Road East,Mumbai,1100,"12,000",1.32 Cr
1 BHK Apartment,PNK Space Tiara Hills Phase I Bldg No 3 5 And 2Mira Road East,Mira Road East,Mumbai,750,"12,000",90.00 L
2 BHK Apartment,JP JP North Phase 5 EuphoriaMira Road East,Mira Road East,Mumbai,1080,"12,000",1.30 Cr
1 BHK Apartment,PNK Imperial HeightsMira Road East,Mira Road East,Mumbai,740,"12,000",88.80 L
1 BHK Apartment,JP North BarcelonaMira Road East,Mira Road East,Mumbai,750,"12,000",90.00 L
3 BHK Apartment,Kalpataru Srishti NamaahMira Road East,Mira Road East,Mumbai,1350,"12,000",1.62 Cr
3 BHK Apartment,Kalpataru Srishti NamaahMira Road East,Mira Road East,Mumbai,1350,"12,000",1.62 Cr
2 BHK Apartment,Kalpataru Srishti NamaahMira Road East,Mira Road East,Mumbai,1010,"12,000",1.21 Cr
3 BHK Apartment,Siddha Sky Phase 1Sion,Sion,Mumbai,800,"30,000",2.40 Cr
2 BHK Apartment,Siddha Sky Phase 1Sion,Sion,Mumbai,600,"30,000",1.80 Cr
2 BHK Apartment,Satyam Peace Of MindKharghar,Kharghar,Mumbai,575,"12,000",69.00 L
3 BHK Apartment,Satyam Peace Of MindKharghar,Kharghar,Mumbai,929,"12,000",1.11 Cr
1,,Ulwe,Mumbai,590,"9,000",53.10 L
1,,Ulwe,Mumbai,560,"9,000",50.40 L
3 BHK Apartment,Hiranandani Gardens HeritagePowai,Powai,Mumbai,1335,"38,000",5.07 Cr
2 BHK Apartment,PNK Imperial HeightsMira Road East,Mira Road East,Mumbai,1050,"12,000",1.26 Cr
2 BHK Apartment,JP JP North Phase 5 EuphoriaMira Road East,Mira Road East,Mumbai,1080,"12,000",1.30 Cr
1 BHK Apartment,JP North BarcelonaMira Road East,Mira Road East,Mumbai,760,"12,000",91.20 L
3 BHK Apartment,JP JP North Phase 5 EuphoriaMira Road East,Mira Road East,Mumbai,1100,"12,000",1.32 Cr
1 BHK Apartment,PNK Space Tiara Hills Phase I Bldg No 3 5 And 2Mira Road East,Mira Road East,Mumbai,750,"12,000",90.00 L
2 BHK Apartment,JP JP North Phase 5 EuphoriaMira Road East,Mira Road East,Mumbai,1080,"12,000",1.30 Cr
1 BHK Apartment,PNK Imperial HeightsMira Road East,Mira Road East,Mumbai,740,"12,000",88.80 L
3 BHK Apartment,Kalpataru Srishti NamaahMira Road East,Mira Road East,Mumbai,1350,"12,000",1.62 Cr
3 BHK Apartment,Kalpataru Srishti NamaahMira Road East,Mira Road East,Mumbai,1350,"12,000",1.62 Cr
2 BHK Apartment,Kalpataru Srishti NamaahMira Road East,Mira Road East,Mumbai,1010,"12,000",1.21 Cr
2 BHK Apartment,Kalpataru Srishti NamaahMira Road East,Mira Road East,Mumbai,995,"12,000",1.19 Cr
1 BHK Apartment,Kalpataru Srishti NamaahMira Road East,Mira Road East,Mumbai,710,"12,000",85.20 L
1 BHK Apartment,Kalpataru Srishti NamaahMira Road East,Mira Road East,Mumbai,690,"12,000",82.80 L
3 BHK Apartment,Kalpataru Srishti NamaahMira Road East,Mira Road East,Mumbai,1350,"12,000",1.62 Cr
2 BHK Apartment,Kalpataru Srishti NamaahMira Road East,Mira Road East,Mumbai,1010,"12,000",1.21 Cr
2 BHK Apartment,Kalpataru Srishti NamaahMira Road East,Mira Road East,Mumbai,995,"12,000",1.19 Cr
1 BHK Apartment,Kalpataru Srishti NamaahMira Road East,Mira Road East,Mumbai,710,"12,000",85.20 L
1 BHK Apartment,Kalpataru Srishti NamaahMira Road East,Mira Road East,Mumbai,690,"12,000",82.80 L
2 BHK Apartment,JP North Barcelona Wing DMira Road East,Mira Road East,Mumbai,1010,"12,000",1.21 Cr
1 BHK Apartment,JP North Phase 6 AlexaMira Road East,Mira Road East,Mumbai,693,"12,000",83.16 L
1 BHK Apartment,RNA NG N G Diamond Hill D Phase IIMira Road East,Mira Road East,Mumbai,710,"12,000",85.20 L
1 BHK Apartment,RNA NG Ocean Pearl Phase IIMira Road East,Mira Road East,Mumbai,690,"12,000",82.80 L
2 BHK Apartment,RNA NG Ocean Pearl Phase IIMira Road East,Mira Road East,Mumbai,1010,"12,000",1.21 Cr
1 BHK Apartment,JP Codename Dream Home Tower BMira Road East,Mira Road East,Mumbai,700,"12,000",84.00 L
1 BHK Apartment,JP Codename Dream Home Tower BMira Road East,Mira Road East,Mumbai,745,"12,000",89.40 L
2 BHK Apartment,PNK Imperial HeightsMira Road East,Mira Road East,Mumbai,1050,"12,000",1.26 Cr
2 BHK Apartment,JP JP North Phase 5 EuphoriaMira Road East,Mira Road East,Mumbai,1080,"12,000",1.30 Cr
1 BHK Apartment,JP North BarcelonaMira Road East,Mira Road East,Mumbai,760,"12,000",91.20 L
3 BHK Apartment,JP JP North Phase 5 EuphoriaMira Road East,Mira Road East,Mumbai,1100,"12,000",1.32 Cr
1 BHK Apartment,PNK Space Tiara Hills Phase I Bldg No 3 5 And 2Mira Road East,Mira Road East,Mumbai,750,"12,000",90.00 L
2 BHK Apartment,JP JP North Phase 5 EuphoriaMira Road East,Mira Road East,Mumbai,1080,"12,000",1.30 Cr
1 BHK Apartment,PNK Imperial HeightsMira Road East,Mira Road East,Mumbai,740,"12,000",88.80 L
1,,Greater Khanda,Mumbai,622,"25,000",1.55 Cr
2,,Kalwa,Mumbai,1000,"25,000",2.50 Cr
1 BHK Apartment,Y K and Sons Yashwant AvenueVirar,Virar,Mumbai,700,"5,000",35.00 L
1 BHK Apartment,Bachraj LifespaceVirar,Virar,Mumbai,610,"5,000",30.50 L
1 BHK Apartment,M Baria White CityVirar,Virar,Mumbai,650,"5,000",32.50 L
2 BHK Apartment,Agarwal LifestyleVirar,Virar,Mumbai,950,"5,000",47.50 L
2 BHK Apartment,Evershine Amavi 303 Phase 1Virar,Virar,Mumbai,1050,"5,000",52.50 L
2 BHK Apartment,Evershine Amavi 303 Phase 1Virar,Virar,Mumbai,950,"5,000",47.50 L
2,,Virar West,Mumbai,980,"5,000",49.00 L
1 BHK Apartment,Ekta Parksville Phase IIVirar,Virar,Mumbai,620,"5,000",31.00 L
2 BHK Apartment,Ekta Parksville Phase IVirar,Virar,Mumbai,950,"5,000",47.50 L
1 BHK Apartment,Agarwal LifestyleVirar,Virar,Mumbai,650,"5,000",32.50 L
2 BHK Apartment,Cosmos LegendVirar,Virar,Mumbai,950,"5,000",47.50 L
2 BHK Apartment,Midas HeightsVirar,Virar,Mumbai,860,"5,000",43.00 L
1 BHK Apartment,Midas HeightsVirar,Virar,Mumbai,650,"5,000",32.50 L
2 BHK Apartment,Tirupati Balaji PlatinumVirar,Virar,Mumbai,865,"5,000",43.25 L
1 BHK Apartment,Sugandhi Shree Sugandh Virar,Virar,Mumbai,730,"5,000",36.50 L
2 BHK Apartment,Evershine Amavi 303 Phase 1Virar,Virar,Mumbai,1000,"5,000",50.00 L
1 BHK Apartment,Sumit Greendale NXVirar,Virar,Mumbai,650,"5,000",32.50 L
1,,Virar West,Mumbai,750,"5,000",37.50 L
2 BHK Apartment,Bachraj ParadiseVirar,Virar,Mumbai,940,"5,000",47.00 L
2 BHK Apartment,Agarwal ParamountVirar,Virar,Mumbai,880,"5,000",44.00 L
1 BHK Apartment,Vinay Unique GardensVirar,Virar,Mumbai,700,"5,000",35.00 L
3 BHK Apartment,Rustomjee Avenue MVirar,Virar,Mumbai,1240,"5,000",62.00 L
1,,Kandivali West,Mumbai,340,"24,000",81.60 L
1,,Kandivali West,Mumbai,340,"24,000",81.60 L
1,,Kandivali West,Mumbai,340,"24,000",81.60 L
1 BHK Apartment,Mahada New TowerMalad West,Malad West,Mumbai,390,"22,000",85.80 L
1 RK Studio Apartment,Reputed Builder Shivaji Raje ComplexKandivali West,Kandivali West,Mumbai,340,"24,000",81.60 L
1 RK Studio Apartment,Reputed Builder Chatrapati Shivaji Raje ComplexKandivali West,Kandivali West,Mumbai,340,"24,000",81.60 L
1,,Kandivali West,Mumbai,340,"24,000",81.60 L
1 RK Studio Apartment,Reputed Builder Shivaji Raje ComplexKandivali West,Kandivali West,Mumbai,340,"24,000",81.60 L
2,,Goregaon East,Mumbai,800,"24,000",1.92 Cr
2 BHK Apartment,Swaraj Homes Deshmukh HomesKalyan East,Kalyan East,Mumbai,780,"9,000",70.20 L
2 BHK Apartment,H Square AN HeightsMalad West,Malad West,Mumbai,990,"22,000",2.18 Cr
1,,Dombivali East,Mumbai,750,"12,000",90.00 L
1 BHK Apartment,Ornate Kallisto Phase IBhiwandi,Bhiwandi,Mumbai,587,"6,000",35.22 L
3 BHK Apartment,JP DecksMalad East,Malad East,Mumbai,2225,"20,000",4.45 Cr
1 BHK Apartment,Sunraj SupremeDombivali,Dombivali,Mumbai,525,"12,000",63.00 L
2 BHK Apartment,Sunraj SupremeDombivali,Dombivali,Mumbai,724,"12,000",86.88 L
1 BHK Apartment,Sunraj SupremeDombivali,Dombivali,Mumbai,468,"12,000",56.16 L
2 BHK Apartment,Sunraj SupremeDombivali,Dombivali,Mumbai,667,"12,000",80.04 L
2 BHK Apartment,Ekta ParksvilleVirar,Virar,Mumbai,950,"5,000",47.50 L
1 BHK Apartment,Agarwal LifestyleVirar,Virar,Mumbai,422,"5,000",21.10 L
1 BHK Apartment,Vinay Unique GardensVirar,Virar,Mumbai,410,"5,000",20.50 L
1 BHK Apartment,Eric Star HeightVirar,Virar,Mumbai,389,"5,000",19.45 L
1 BHK Apartment,Poonam HeightsVirar,Virar,Mumbai,402,"5,000",20.10 L
1 BHK Apartment,Bhoomi AcropolisVirar,Virar,Mumbai,389,"5,000",19.45 L
1 BHK Apartment,Shapoorji Pallonji Joyville VirarVirar,Virar,Mumbai,436,"5,000",21.80 L
1 BHK Apartment,Laxmi Avenue D Global CityVirar,Virar,Mumbai,389,"5,000",19.45 L
1 BHK Apartment,Bachraj LifespaceVirar,Virar,Mumbai,425,"5,000",21.25 L
1 BHK Apartment,JSB Sai Nakshatra TrridentVirar,Virar,Mumbai,364,"5,000",18.20 L
2 BHK Apartment,Lodha Codename PremierDombivali,Dombivali,Mumbai,656,"12,000",78.72 L
2 BHK Apartment,Lodha Codename PremierDombivali,Dombivali,Mumbai,540,"12,000",64.80 L
2 BHK Apartment,Lodha Codename PremierDombivali,Dombivali,Mumbai,572,"12,000",68.64 L
1 BHK Apartment,Lodha Codename PremierDombivali,Dombivali,Mumbai,444,"12,000",53.28 L
3 BHK Apartment,Lodha Codename PremierDombivali,Dombivali,Mumbai,759,"12,000",91.08 L
1 BHK Apartment,Lodha Codename PremierDombivali,Dombivali,Mumbai,479,"12,000",57.48 L
1 BHK Apartment,Reputed Builder Barkha ApartmentAiroli,Airoli,Mumbai,525,"14,000",73.50 L
1 BHK Apartment,Reputed Builder Shree ji DhamAiroli,Airoli,Mumbai,550,"14,000",77.00 L
1,,Airoli,Mumbai,675,"14,000",94.50 L
2 BHK Apartment,Lodha Codename PremierDombivali,Dombivali,Mumbai,572,"12,000",68.64 L
1 BHK Apartment,Lodha Codename PremierDombivali,Dombivali,Mumbai,444,"12,000",53.28 L
3 BHK Apartment,Lodha Codename PremierDombivali,Dombivali,Mumbai,759,"12,000",91.08 L
1 BHK Apartment,Lodha Codename PremierDombivali,Dombivali,Mumbai,479,"12,000",57.48 L
1 BHK Apartment,Reputed Builder Barkha ApartmentAiroli,Airoli,Mumbai,525,"14,000",73.50 L
1 BHK Apartment,Reputed Builder Shree ji DhamAiroli,Airoli,Mumbai,550,"14,000",77.00 L
1,,Airoli,Mumbai,675,"14,000",94.50 L
2,,Airoli,Mumbai,1050,"14,000",1.47 Cr
2 BHK Apartment,Newa Garden IIAiroli,Airoli,Mumbai,1200,"14,000",1.68 Cr
2 BHK Apartment,Reputed Builder Alankar CHSAiroli,Airoli,Mumbai,1050,"14,000",1.47 Cr
1,,Dighe,Mumbai,750,"25,000",1.88 Cr
2 BHK Apartment,Gajra Bhoomi ColossaAiroli,Airoli,Mumbai,1250,"14,000",1.75 Cr
1 BHK Apartment,Reputed Builder Barkha ApartmentAiroli,Airoli,Mumbai,600,"14,000",84.00 L
1 BHK Apartment,Reputed Builder Barkha ApartmentAiroli,Airoli,Mumbai,600,"14,000",84.00 L
2 BHK Apartment,Reputed Builder Mercury TowerAiroli,Airoli,Mumbai,1150,"14,000",1.61 Cr
1 BHK Apartment,Lodha Majiwada Tower 1Thane West,Thane West,Mumbai,455,"18,000",81.90 L
1,,Thakurli,Mumbai,600,"25,000",1.50 Cr
1,,Thane West,Mumbai,660,"18,000",1.19 Cr
2,,Thane West,Mumbai,600,"18,000",1.08 Cr
2,,Thane West,Mumbai,900,"18,000",1.62 Cr
2,,Thane West,Mumbai,850,"18,000",1.53 Cr
1 BHK Apartment,Agarwal ParamountVirar,Virar,Mumbai,395,"5,000",19.75 L
1,,Thane West,Mumbai,530,"18,000",95.40 L
2 BHK Apartment,Agarwal ParamountVirar,Virar,Mumbai,492,"5,000",24.60 L
1 BHK Apartment,Agarwal ParamountVirar,Virar,Mumbai,396,"5,000",19.80 L
1 BHK Apartment,Agarwal ParamountVirar,Virar,Mumbai,393,"5,000",19.65 L
2,,Thane West,Mumbai,850,"18,000",1.53 Cr
1 BHK Apartment,Agarwal ParamountVirar,Virar,Mumbai,360,"5,000",18.00 L
1 BHK Apartment,Agarwal ParamountVirar,Virar,Mumbai,359,"5,000",17.95 L
3 BHK Apartment,Agarwal ParamountVirar,Virar,Mumbai,709,"5,000",35.45 L
1 BHK Apartment,Agarwal ParamountVirar,Virar,Mumbai,394,"5,000",19.70 L
1,,Thane West,Mumbai,640,"18,000",1.15 Cr
1 BHK Apartment,Agarwal ParamountVirar,Virar,Mumbai,370,"5,000",18.50 L
3 BHK Apartment,Agarwal ParamountVirar,Virar,Mumbai,685,"5,000",34.25 L
3 BHK Apartment,Agarwal ParamountVirar,Virar,Mumbai,788,"5,000",39.40 L
2,,Thane West,Mumbai,850,"18,000",1.53 Cr
2 BHK Apartment,Agarwal ParamountVirar,Virar,Mumbai,483,"5,000",24.15 L
1 BHK Apartment,Agarwal ParamountVirar,Virar,Mumbai,352,"5,000",17.60 L
2 BHK Apartment,Agarwal ParamountVirar,Virar,Mumbai,497,"5,000",24.85 L
1 BHK Apartment,Agarwal ParamountVirar,Virar,Mumbai,382,"5,000",19.10 L
2 BHK Apartment,Agarwal ParamountVirar,Virar,Mumbai,499,"5,000",24.95 L
1 BHK Apartment,Agarwal ParamountVirar,Virar,Mumbai,380,"5,000",19.00 L
1 BHK Apartment,Agarwal ParamountVirar,Virar,Mumbai,398,"5,000",19.90 L
1 BHK Apartment,Agarwal ParamountVirar,Virar,Mumbai,381,"5,000",19.05 L
3 BHK Apartment,Lodha VistaLower Parel,Lower Parel,Mumbai,1470,"90,000",13.23 Cr
2 BHK Apartment,Lodha VistaLower Parel,Lower Parel,Mumbai,737,"90,000",6.63 Cr
3 BHK Apartment,Lodha VistaLower Parel,Lower Parel,Mumbai,1474,"90,000",13.27 Cr
2 BHK Apartment,Lodha VistaLower Parel,Lower Parel,Mumbai,735,"90,000",6.62 Cr
2 BHK Apartment,Lodha VistaLower Parel,Lower Parel,Mumbai,676,"90,000",6.08 Cr
2 BHK Apartment,Roha Realty Roha VatikaKurla,Kurla,Mumbai,539,"25,000",1.35 Cr
3 BHK Apartment,Lodha VistaLower Parel,Lower Parel,Mumbai,1352,"90,000",12.17 Cr
1 BHK Apartment,Roha Realty Roha VatikaKurla,Kurla,Mumbai,444,"25,000",1.11 Cr
3 BHK Apartment,Lodha VistaLower Parel,Lower Parel,Mumbai,1385,"90,000",12.46 Cr
2 BHK Apartment,Roha Realty Roha VatikaKurla,Kurla,Mumbai,558,"25,000",1.40 Cr
2 BHK Apartment,Roha Realty Roha VatikaKurla,Kurla,Mumbai,512,"25,000",1.28 Cr
2 BHK Apartment,Lodha VistaLower Parel,Lower Parel,Mumbai,679,"90,000",6.11 Cr
1 BHK Apartment,Roha Realty Roha VatikaKurla,Kurla,Mumbai,439,"25,000",1.10 Cr
2,,Nilje Gaon,Mumbai,1503,"25,000",3.76 Cr
3 BHK Apartment,Lodha Palava Lakeshore GreensDombivali,Dombivali,Mumbai,1180,"12,000",1.42 Cr
1,,Palava,Mumbai,682,"25,000",1.71 Cr
3 BHK Apartment,Lodha Palava Lakeshore GreensDombivali,Dombivali,Mumbai,1180,"12,000",1.42 Cr
1,,Palava,Mumbai,682,"25,000",1.71 Cr
2 BHK Apartment,Lodha Palava Lakeshore GreensDombivali,Dombivali,Mumbai,1098,"12,000",1.32 Cr
1,,Nilje Gaon,Mumbai,585,"25,000",1.46 Cr
2 BHK Apartment,Lodha Palava Lakeshore GreensDombivali,Dombivali,Mumbai,981,"12,000",1.18 Cr
2 BHK Apartment,Lodha Casa Rio GoldDombivali,Dombivali,Mumbai,1503,"12,000",1.80 Cr
2 BHK Apartment,Lodha Casa RioDombivali,Dombivali,Mumbai,1044,"12,000",1.25 Cr
2 BHK Apartment,Lodha Casa BellaDombivali,Dombivali,Mumbai,864,"12,000",1.04 Cr
3 BHK Apartment,Lodha Casa RioDombivali,Dombivali,Mumbai,1098,"12,000",1.32 Cr
3 BHK Apartment,Lodha Palava Trinity A To CDombivali,Dombivali,Mumbai,1699,"12,000",2.04 Cr
3 BHK Apartment,Lodha Palava Serenity DDombivali,Dombivali,Mumbai,1699,"12,000",2.04 Cr
2 BHK Apartment,Lodha Casa RioDombivali,Dombivali,Mumbai,881,"12,000",1.06 Cr
3,,Dombivali East,Mumbai,1098,"12,000",1.32 Cr
2,,Koper Khairane,Mumbai,1000,"25,000",2.50 Cr
1,,Dombivali East,Mumbai,648,"12,000",77.76 L
1,,Koper Khairane,Mumbai,650,"25,000",1.62 Cr
3 BHK Apartment,Dosti Mezzo 22Sion,Sion,Mumbai,967,"30,000",2.90 Cr
2 BHK Apartment,Dosti Mezzo 22Sion,Sion,Mumbai,639,"30,000",1.92 Cr
3 BHK Apartment,Dosti Mezzo 22Sion,Sion,Mumbai,938,"30,000",2.81 Cr
2 BHK Apartment,Dosti Mezzo 22Sion,Sion,Mumbai,532,"30,000",1.60 Cr
2 BHK Apartment,SD Codename Hello EpicSewri,Sewri,Mumbai,605,"25,000",1.51 Cr
2 BHK Apartment,SD Codename Hello EpicSewri,Sewri,Mumbai,747,"25,000",1.87 Cr
3 BHK Apartment,Dosti Mezzo 22Sion,Sion,Mumbai,958,"30,000",2.87 Cr
2 BHK Apartment,SD Codename Hello EpicSewri,Sewri,Mumbai,781,"25,000",1.95 Cr
2 BHK Apartment,Dosti Mezzo 22Sion,Sion,Mumbai,662,"30,000",1.99 Cr
2 BHK Apartment,SD Codename Hello EpicSewri,Sewri,Mumbai,812,"25,000",2.03 Cr
3 BHK Apartment,Dosti Mezzo 22Sion,Sion,Mumbai,1194,"30,000",3.58 Cr
2 BHK Apartment,SD Codename Hello EpicSewri,Sewri,Mumbai,644,"25,000",1.61 Cr
2 BHK Apartment,Dosti Mezzo 22Sion,Sion,Mumbai,602,"30,000",1.81 Cr
2 BHK Apartment,SD Codename Hello EpicSewri,Sewri,Mumbai,611,"25,000",1.53 Cr
2 BHK Apartment,Dosti Eastern Bay Phase 1Wadala,Wadala,Mumbai,673,"35,000",2.36 Cr
3 BHK Apartment,Dosti Mezzo 22Sion,Sion,Mumbai,1334,"30,000",4.00 Cr
2 BHK Apartment,SD Codename Hello EpicSewri,Sewri,Mumbai,821,"25,000",2.05 Cr
3 BHK Apartment,Dosti Eastern Bay Phase 1Wadala,Wadala,Mumbai,965,"35,000",3.38 Cr
2 BHK Apartment,Dosti Mezzo 22Sion,Sion,Mumbai,698,"30,000",2.09 Cr
2,,Dombivali East,Mumbai,715,"12,000",85.80 L
1,,Dombivali East,Mumbai,495,"12,000",59.40 L
2 BHK Apartment,Shree EmpireDombivali,Dombivali,Mumbai,930,"12,000",1.12 Cr
1 BHK Apartment,Shree EmpireDombivali,Dombivali,Mumbai,635,"12,000",76.20 L
1 BHK Apartment,Shree Raj Uma ComplexDombivali,Dombivali,Mumbai,662,"12,000",79.44 L
1 RK Studio Apartment,Shree Jiyanshi PrideDombivali,Dombivali,Mumbai,410,"12,000",49.20 L
1 BHK Apartment,Dhanashree Devyani Galaxy B WingDombivali,Dombivali,Mumbai,620,"12,000",74.40 L
1 RK Studio Apartment,Dhanashree Devyani Galaxy B WingDombivali,Dombivali,Mumbai,400,"12,000",48.00 L
2 BHK Apartment,Shree Mangalmurti GalaxyDombivali,Dombivali,Mumbai,800,"12,000",96.00 L
1 BHK Apartment,Reputed Builder Dhanashree PrathamaDombivali,Dombivali,Mumbai,480,"12,000",57.60 L
2 BHK Apartment,Reputed Builder Dhanashree PrathamaDombivali,Dombivali,Mumbai,725,"12,000",87.00 L
1 BHK Apartment,Shree Mangalmurti GalaxyDombivali,Dombivali,Mumbai,515,"12,000",61.80 L
1 RK Studio Apartment,Reputed Builder Dhanashree PrathamaDombivali,Dombivali,Mumbai,350,"12,000",42.00 L
1 BHK Apartment,Satyam Developer Sundaram PlazaDombivali,Dombivali,Mumbai,495,"12,000",59.40 L
1,,Dombivli (West),Mumbai,510,"25,000",1.27 Cr
1,,Dombivali East,Mumbai,570,"12,000",68.40 L
1 RK Studio Apartment,Reputed Builder Dhanashree PrathamaDombivali,Dombivali,Mumbai,415,"12,000",49.80 L
1,,Dombivali East,Mumbai,515,"12,000",61.80 L
2,,Dombivali East,Mumbai,710,"12,000",85.20 L
1,,Dombivali East,Mumbai,545,"12,000",65.40 L
1 BHK Apartment,Ljtanna LJ Tanna PanoramaDombivali,Dombivali,Mumbai,629,"12,000",75.48 L
2 BHK Apartment,Dhanashree Devyani Galaxy B WingDombivali,Dombivali,Mumbai,830,"12,000",99.60 L
1,,Dombivali East,Mumbai,310,"12,000",37.20 L
2,,Dombivali East,Mumbai,770,"12,000",92.40 L
1,,Dombivali East,Mumbai,540,"12,000",64.80 L
1 BHK Apartment,Attractive HeightDombivali,Dombivali,Mumbai,615,"12,000",73.80 L
1,,Dombivali East,Mumbai,570,"12,000",68.40 L
1 BHK Apartment,Attractive HeightDombivali,Dombivali,Mumbai,575,"12,000",69.00 L
2 BHK Apartment,Satyam Developer Sundaram PlazaDombivali,Dombivali,Mumbai,795,"12,000",95.40 L
1,,Dombivali East,Mumbai,510,"12,000",61.20 L
1,,Dombivli (West),Mumbai,320,"25,000",80.00 L
3,,Bandra East,Mumbai,1300,"65,000",8.45 Cr
2 BHK Apartment,JP Codename Dream Home Tower BMira Road East,Mira Road East,Mumbai,1155,"12,000",1.39 Cr
2 BHK Apartment,JP Codename Dream Home Tower BMira Road East,Mira Road East,Mumbai,1155,"12,000",1.39 Cr
1 BHK Apartment,Reputed Builder AnantaMira Road East,Mira Road East,Mumbai,604,"12,000",72.48 L
3 BHK Apartment,Reputed Builder AnantaMira Road East,Mira Road East,Mumbai,1086,"12,000",1.30 Cr
2 BHK Apartment,Reputed Builder AnantaMira Road East,Mira Road East,Mumbai,851,"12,000",1.02 Cr
2 BHK Apartment,JP Codename Dream Home Tower BMira Road East,Mira Road East,Mumbai,1155,"12,000",1.39 Cr
1 BHK Apartment,JP Codename Dream Home Tower BMira Road East,Mira Road East,Mumbai,788,"12,000",94.56 L
1 BHK Apartment,JP Codename Dream Home Tower BMira Road East,Mira Road East,Mumbai,788,"12,000",94.56 L
2 BHK Apartment,Radheya Sai EnclaveNaigaon East,Naigaon East,Mumbai,1025,"25,000",2.56 Cr
1 BHK Apartment,Rustomjee Virar Avenue L1 L2 And L4 Wing C And DVirar,Virar,Mumbai,331,"5,000",16.55 L
2 BHK Apartment,Rustomjee Virar Avenue L1 L2 And L4 Wing C And DVirar,Virar,Mumbai,512,"5,000",25.60 L
1 BHK Apartment,Kalina VillageSantacruz East,Santacruz East,Mumbai,650,"45,000",2.92 Cr
2 BHK Apartment,Bachraj LifespaceVirar,Virar,Mumbai,499,"5,000",24.95 L
1 BHK Apartment,Bachraj LifespaceVirar,Virar,Mumbai,347,"5,000",17.35 L
2 BHK Apartment,Bachraj LifespaceVirar,Virar,Mumbai,498,"5,000",24.90 L
3,,Santacruz East,Mumbai,1470,"45,000",6.62 Cr
1 BHK Apartment,Bachraj LifespaceVirar,Virar,Mumbai,373,"5,000",18.65 L
1 BHK Apartment,Lodha Majiwada Tower 1Thane West,Thane West,Mumbai,455,"18,000",81.90 L
1,,Thakurli,Mumbai,600,"25,000",1.50 Cr
1,,Kalwa,Mumbai,700,"25,000",1.75 Cr
2,,Kalwa,Mumbai,1100,"25,000",2.75 Cr
2,,Kalwa,Mumbai,945,"25,000",2.36 Cr
1,,Kalwa,Mumbai,675,"25,000",1.69 Cr
2,,Kalwa,Mumbai,950,"25,000",2.38 Cr
1 BHK Apartment,K Raheja Raheja ResidencyMalad East,Malad East,Mumbai,690,"20,000",1.38 Cr
3,,Goregaon East,Mumbai,1287,"24,000",3.09 Cr
1,,Goregaon East,Mumbai,575,"24,000",1.38 Cr
5 BHK Apartment,Goyal Lakshchandi HeightsGoregaon East,Goregaon East,Mumbai,2600,"24,000",6.24 Cr
2 BHK Apartment,Velentine Apartment 1 Wing DMalad East,Malad East,Mumbai,1050,"20,000",2.10 Cr
1 BHK Apartment,Velentine Apartment 1 Wing DMalad East,Malad East,Mumbai,600,"20,000",1.20 Cr
3 BHK Apartment,Jyoti SukritiGoregaon East,Goregaon East,Mumbai,1100,"24,000",2.64 Cr
2 BHK Apartment,Jyoti SukritiGoregaon East,Goregaon East,Mumbai,1000,"24,000",2.40 Cr
3 BHK Apartment,Reputed Builder RaghavMalad East,Malad East,Mumbai,1200,"20,000",2.40 Cr
3 BHK Apartment,Jyoti SukritiGoregaon East,Goregaon East,Mumbai,1100,"24,000",2.64 Cr
2 BHK Apartment,Jyoti SukritiGoregaon East,Goregaon East,Mumbai,1000,"24,000",2.40 Cr
3 BHK Apartment,Reputed Builder RaghavMalad East,Malad East,Mumbai,1200,"20,000",2.40 Cr
2 BHK Apartment,Sheth Vasant ValleyMalad East,Malad East,Mumbai,1000,"20,000",2.00 Cr
3 BHK Apartment,Dynamix AstrumMalad East,Malad East,Mumbai,1900,"20,000",3.80 Cr
2 BHK Apartment,Dynamix AstrumMalad East,Malad East,Mumbai,1050,"20,000",2.10 Cr
2 BHK Apartment,Prima Upper East 97Malad East,Malad East,Mumbai,1050,"20,000",2.10 Cr
2 BHK Apartment,JP DecksMalad East,Malad East,Mumbai,1050,"20,000",2.10 Cr
3 BHK Apartment,JP DecksMalad East,Malad East,Mumbai,2200,"20,000",4.40 Cr
2 BHK Apartment,Lakshachandi HeightsGoregaon East,Goregaon East,Mumbai,1050,"24,000",2.52 Cr
3 BHK Apartment,Prima Upper East 97Malad East,Malad East,Mumbai,1800,"20,000",3.60 Cr
2 BHK Apartment,K Raheja Raheja ResidencyMalad East,Malad East,Mumbai,1000,"20,000",2.00 Cr
3 BHK Apartment,Lakshachandi HeightsGoregaon East,Goregaon East,Mumbai,1700,"24,000",4.08 Cr
2 BHK Apartment,Sheth Vasant Valley Ivy TowerMalad East,Malad East,Mumbai,1050,"20,000",2.10 Cr
4 BHK Apartment,Sheth Vasant Valley Ivy TowerMalad East,Malad East,Mumbai,2000,"20,000",4.00 Cr
1 BHK Apartment,Puraniks Puraniks City Phase 1Thane West,Thane West,Mumbai,600,"18,000",1.08 Cr
2 BHK Apartment,ACME OzoneThane West,Thane West,Mumbai,800,"18,000",1.44 Cr
3 BHK Apartment,Sheth Auris Ilaria Tower BMalad West,Malad West,Mumbai,785,"22,000",1.73 Cr
3 BHK Apartment,Sheth Auris Ilaria Tower BMalad West,Malad West,Mumbai,787,"22,000",1.73 Cr
2 BHK Apartment,Sheth Auris Ilaria Tower BMalad West,Malad West,Mumbai,570,"22,000",1.25 Cr
2 BHK Apartment,Sheth Auris Ilaria Tower BMalad West,Malad West,Mumbai,578,"22,000",1.27 Cr
1 BHK Apartment,Sheth Auris Ilaria Tower BMalad West,Malad West,Mumbai,398,"22,000",87.56 L
2 BHK Apartment,Mahaavir Exotique Phase 1Taloja,Taloja,Mumbai,577,"25,000",1.44 Cr
1 BHK Apartment,Mahaavir Exotique Phase 1Taloja,Taloja,Mumbai,424,"25,000",1.06 Cr
2 BHK Apartment,Mahaavir Exotique Phase 1Taloja,Taloja,Mumbai,595,"25,000",1.49 Cr
2 BHK Apartment,Mahaavir Exotique Phase 1Taloja,Taloja,Mumbai,602,"25,000",1.50 Cr
3 BHK Apartment,Mahaavir Exotique Phase 1Taloja,Taloja,Mumbai,700,"25,000",1.75 Cr
4 BHK Apartment,Wadhwa PrabhadeviPrabhadevi,Prabhadevi,Mumbai,3250,"70,000",22.75 Cr
2 BHK Apartment,Sugee SanskrutiWorli,Worli,Mumbai,1250,"80,000",10.00 Cr
3 BHK Apartment,Kesar Exotica Phase I Basement Plus Ground Plus Upper 14 FloorsKharghar,Kharghar,Mumbai,1515,"12,000",1.82 Cr
2 BHK Apartment,Kesar Exotica Phase I Basement Plus Ground Plus Upper 14 FloorsKharghar,Kharghar,Mumbai,1215,"12,000",1.46 Cr
2,,Kharghar,Mumbai,1215,"12,000",1.46 Cr
1 BHK Apartment,Luv Concept RiversideTaloja,Taloja,Mumbai,419,"25,000",1.05 Cr
2 BHK Apartment,Luv Concept RiversideTaloja,Taloja,Mumbai,585,"25,000",1.46 Cr
3 BHK Apartment,Neminath LuxeriaAndheri West,Andheri West,Mumbai,1600,"35,000",5.60 Cr
1,,Bhandup East,Mumbai,608,"20,000",1.22 Cr
1,,Kalwa,Mumbai,620,"25,000",1.55 Cr
1,,Kalwa,Mumbai,950,"25,000",2.38 Cr
1,,Kalwa,Mumbai,650,"25,000",1.62 Cr
1 RK Studio Apartment,HDIL Dheeraj Savera 1Borivali East,Borivali East,Mumbai,415,"16,000",66.40 L
2 BHK Apartment,Swaraj Homes Press Enclave Aarambh CHSSion,Sion,Mumbai,1445,"30,000",4.33 Cr
2 BHK Apartment,JP DecksMalad East,Malad East,Mumbai,1290,"20,000",2.58 Cr
2 BHK Apartment,DB WoodsGoregaon East,Goregaon East,Mumbai,1566,"24,000",3.76 Cr
1 BHK Apartment,Dharti PressidioKandivali West,Kandivali West,Mumbai,550,"24,000",1.32 Cr
2 BHK Apartment,Gurukrupa Marina EnclaveMalad West,Malad West,Mumbai,854,"22,000",1.88 Cr
2 BHK Apartment,Sheth Auris Serenity Tower 2Malad West,Malad West,Mumbai,1048,"22,000",2.31 Cr
3 BHK Apartment,Sheth Auris Serenity Tower 1Malad West,Malad West,Mumbai,1596,"22,000",3.51 Cr
1,,Malad West,Mumbai,210,"22,000",46.20 L
1 BHK Apartment,Reputed Builder Galaxy HeightsKandivali West,Kandivali West,Mumbai,450,"24,000",1.08 Cr
2 BHK Apartment,Royal OasisMalad West,Malad West,Mumbai,900,"22,000",1.98 Cr
1 BHK Apartment,Dharti PressidioKandivali West,Kandivali West,Mumbai,550,"24,000",1.32 Cr
2 BHK Apartment, Silicon ParkMalad West,Malad West,Mumbai,900,"22,000",1.98 Cr
1,,Malad West,Mumbai,350,"22,000",77.00 L
1,,Malad West,Mumbai,220,"22,000",48.40 L
1,,Malad West,Mumbai,350,"22,000",77.00 L
1,,Malad West,Mumbai,410,"22,000",90.20 L
1,,Malad West,Mumbai,300,"22,000",66.00 L
1 RK Studio Apartment,Reputed Builder New Mhada ColonyPowai,Powai,Mumbai,200,"38,000",76.00 L
1 BHK Apartment,Reputed Builder New Mhada TowersAndheri West,Andheri West,Mumbai,350,"35,000",1.23 Cr
1 BHK Apartment,Ruparel Optima Ph 1Kandivali West,Kandivali West,Mumbai,450,"24,000",1.08 Cr
3 BHK Apartment,Adhiraj MainlandKharghar,Kharghar,Mumbai,1600,"12,000",1.92 Cr
2,,Vikroli East,Mumbai,880,"25,000",2.20 Cr
1,,Vikroli East,Mumbai,570,"25,000",1.43 Cr
2,,Vikroli East,Mumbai,1120,"25,000",2.80 Cr
1 BHK Apartment,Reputed Builder Sai DeepVikroli East,Vikroli East,Mumbai,405,"25,000",1.01 Cr
1,,Vikroli East,Mumbai,530,"25,000",1.32 Cr
1,,Vikroli East,Mumbai,530,"25,000",1.32 Cr
1,,Bhandup East,Mumbai,608,"20,000",1.22 Cr
1,,Kalwa,Mumbai,620,"25,000",1.55 Cr
1,,Kalwa,Mumbai,950,"25,000",2.38 Cr
1,,Kalwa,Mumbai,650,"25,000",1.62 Cr
1 RK Studio Apartment,HDIL Dheeraj Savera 1Borivali East,Borivali East,Mumbai,415,"16,000",66.40 L
2 BHK Apartment,Swaraj Homes Press Enclave Aarambh CHSSion,Sion,Mumbai,1445,"30,000",4.33 Cr
2 BHK Apartment,JP DecksMalad East,Malad East,Mumbai,1290,"20,000",2.58 Cr
2 BHK Apartment,DB WoodsGoregaon East,Goregaon East,Mumbai,1566,"24,000",3.76 Cr
1 BHK Apartment,Dharti PressidioKandivali West,Kandivali West,Mumbai,550,"24,000",1.32 Cr
2 BHK Apartment,Gurukrupa Marina EnclaveMalad West,Malad West,Mumbai,854,"22,000",1.88 Cr
2 BHK Apartment,Sheth Auris Serenity Tower 2Malad West,Malad West,Mumbai,1048,"22,000",2.31 Cr
3 BHK Apartment,Sheth Auris Serenity Tower 1Malad West,Malad West,Mumbai,1596,"22,000",3.51 Cr
1,,Malad West,Mumbai,210,"22,000",46.20 L
1 BHK Apartment,Reputed Builder Galaxy HeightsKandivali West,Kandivali West,Mumbai,450,"24,000",1.08 Cr
2 BHK Apartment,Royal OasisMalad West,Malad West,Mumbai,900,"22,000",1.98 Cr
1 BHK Apartment,Dharti PressidioKandivali West,Kandivali West,Mumbai,550,"24,000",1.32 Cr
2 BHK Apartment, Silicon ParkMalad West,Malad West,Mumbai,900,"22,000",1.98 Cr
1,,Malad West,Mumbai,350,"22,000",77.00 L
1,,Malad West,Mumbai,220,"22,000",48.40 L
1,,Malad West,Mumbai,350,"22,000",77.00 L
1,,Malad West,Mumbai,410,"22,000",90.20 L
1,,Malad West,Mumbai,300,"22,000",66.00 L
1 RK Studio Apartment,Reputed Builder New Mhada ColonyPowai,Powai,Mumbai,200,"38,000",76.00 L
1 BHK Apartment,Reputed Builder New Mhada TowersAndheri West,Andheri West,Mumbai,350,"35,000",1.23 Cr
1 BHK Apartment,Ruparel Optima Ph 1Kandivali West,Kandivali West,Mumbai,450,"24,000",1.08 Cr
1 RK Studio Apartment,Reputed Builder New Mhada ColonyPowai,Powai,Mumbai,225,"38,000",85.50 L
2 BHK Apartment, Silicon ParkMalad West,Malad West,Mumbai,900,"22,000",1.98 Cr
2 BHK Apartment,Lodha WoodsKandivali East,Kandivali East,Mumbai,1051,"22,000",2.31 Cr
3 BHK Apartment,Lodha WoodsKandivali East,Kandivali East,Mumbai,1550,"22,000",3.41 Cr
1 BHK Apartment,Mahada New TowerMalad West,Malad West,Mumbai,420,"22,000",92.40 L
1,,Vichumbe,Mumbai,600,"25,000",1.50 Cr
2,,Vichumbe,Mumbai,898,"25,000",2.25 Cr
2 BHK Apartment,Neminath AvenueAndheri West,Andheri West,Mumbai,1225,"35,000",4.29 Cr
1,,Kalwa,Mumbai,680,"25,000",1.70 Cr
2,,Kalwa,Mumbai,1000,"25,000",2.50 Cr
2,,Kalwa,Mumbai,910,"25,000",2.27 Cr
2,,Kalwa,Mumbai,910,"25,000",2.27 Cr
1,,Kalwa,Mumbai,800,"25,000",2.00 Cr
2,,Kalwa,Mumbai,1000,"25,000",2.50 Cr
1 BHK Apartment,Sri Garden Avenue KVirar,Virar,Mumbai,725,"5,000",36.25 L
1 BHK Apartment,Sri Garden Avenue KVirar,Virar,Mumbai,725,"5,000",36.25 L
1 BHK Apartment,Sri Garden Avenue KVirar,Virar,Mumbai,725,"5,000",36.25 L
2,,Kalwa,Mumbai,850,"25,000",2.12 Cr
1 BHK Apartment,Poonam PallazoNala Sopara,Nala Sopara,Mumbai,550,"25,000",1.38 Cr
1,,Kalwa,Mumbai,675,"25,000",1.69 Cr
3 BHK Apartment,DB WoodsGoregaon East,Goregaon East,Mumbai,1995,"24,000",4.79 Cr
4 BHK Apartment,DB WoodsGoregaon East,Goregaon East,Mumbai,2800,"24,000",6.72 Cr
1 BHK Apartment,Raheja RidgewoodGoregaon East,Goregaon East,Mumbai,715,"24,000",1.72 Cr
2,,Kalwa,Mumbai,1000,"25,000",2.50 Cr
2 BHK Apartment,Shree Chamunda DamodarpriyaKharghar,Kharghar,Mumbai,595,"12,000",71.40 L
4 BHK Apartment,Kasturi RegiusKharghar,Kharghar,Mumbai,1271,"12,000",1.53 Cr
3 BHK Apartment,Kasturi RegiusKharghar,Kharghar,Mumbai,860,"12,000",1.03 Cr
2 BHK Apartment,Kasturi RegiusKharghar,Kharghar,Mumbai,635,"12,000",76.20 L
2 BHK Apartment,Krishna Residences Phase 1Andheri East,Andheri East,Mumbai,980,"28,000",2.74 Cr
2 BHK Apartment,Sri Garden Avenue KVirar,Virar,Mumbai,586,"5,000",29.30 L
1 BHK Apartment,Sri Garden Avenue KVirar,Virar,Mumbai,445,"5,000",22.25 L
2 BHK Apartment,Sri Garden Avenue KVirar,Virar,Mumbai,692,"5,000",34.60 L
1 BHK Apartment,Sri Garden Avenue KVirar,Virar,Mumbai,487,"5,000",24.35 L
3 BHK Apartment,Agarwal ParamountVirar,Virar,Mumbai,1285,"5,000",64.25 L
3 BHK Apartment,Agarwal ParamountVirar,Virar,Mumbai,1285,"5,000",64.25 L
3 BHK Apartment,Lodha FiorenzaGoregaon East,Goregaon East,Mumbai,1690,"24,000",4.06 Cr
2 BHK Apartment,Agarwal ParamountVirar,Virar,Mumbai,980,"5,000",49.00 L
2 BHK Apartment,Agarwal ParamountVirar,Virar,Mumbai,980,"5,000",49.00 L
1 BHK Apartment,Agarwal ParamountVirar,Virar,Mumbai,730,"5,000",36.50 L
1 BHK Apartment,Agarwal ParamountVirar,Virar,Mumbai,730,"5,000",36.50 L
1 BHK Apartment,Agarwal ParamountVirar,Virar,Mumbai,730,"5,000",36.50 L
2 BHK Apartment,Agarwal SolitaireVirar,Virar,Mumbai,980,"5,000",49.00 L
2 BHK Apartment,Agarwal SolitaireVirar,Virar,Mumbai,980,"5,000",49.00 L
1 BHK Apartment,Agarwal SolitaireVirar,Virar,Mumbai,715,"5,000",35.75 L
1 BHK Apartment,Agarwal SolitaireVirar,Virar,Mumbai,715,"5,000",35.75 L
1 BHK Apartment,Agarwal SolitaireVirar,Virar,Mumbai,715,"5,000",35.75 L
3 BHK Apartment,Group Rushi HeightsMalad East,Malad East,Mumbai,1390,"20,000",2.78 Cr
2 BHK Apartment,Shapoorji Pallonji Joyville Virar Phase 1Virar,Virar,Mumbai,1075,"5,000",53.75 L
1 BHK Apartment,Shapoorji Pallonji Joyville Virar Phase 1Virar,Virar,Mumbai,745,"5,000",37.25 L
1 BHK Apartment,Shapoorji Pallonji Joyville Virar Phase 1Virar,Virar,Mumbai,745,"5,000",37.25 L
2 BHK Apartment,Shapoorji Pallonji Joyville Virar Phase 1Virar,Virar,Mumbai,1075,"5,000",53.75 L
1 BHK Apartment,Shapoorji Pallonji Joyville Virar Phase 1Virar,Virar,Mumbai,745,"5,000",37.25 L
1 BHK Apartment, Silicon ParkMalad West,Malad West,Mumbai,600,"22,000",1.32 Cr
1 BHK Apartment,Reputed Builder New Bhomi Park 2Malad West,Malad West,Mumbai,600,"22,000",1.32 Cr
1 RK Studio Apartment,Reputed Builder New Mhada ColonyPowai,Powai,Mumbai,200,"38,000",76.00 L
1 RK Studio Apartment,Reputed Builder New Mhada ColonyPowai,Powai,Mumbai,225,"38,000",85.50 L
1 BHK Apartment,Mahada New TowerMalad West,Malad West,Mumbai,410,"22,000",90.20 L
1 RK Studio Apartment,Reputed Builder New Mhada ColonyPowai,Powai,Mumbai,225,"38,000",85.50 L
2 BHK Apartment,Rustomjee MeridianKandivali West,Kandivali West,Mumbai,900,"24,000",2.16 Cr
1 RK Studio Apartment,Reputed Builder New Mhada ColonyPowai,Powai,Mumbai,225,"38,000",85.50 L
1,,Malad West,Mumbai,225,"22,000",49.50 L
1,,Kandivali West,Mumbai,395,"24,000",94.80 L
2 BHK Apartment,Omkar Alta MonteMalad East,Malad East,Mumbai,1395,"20,000",2.79 Cr
2,,Vichumbe,Mumbai,1100,"25,000",2.75 Cr
1 BHK Apartment,Gurukrupa Marina EnclaveMalad West,Malad West,Mumbai,600,"22,000",1.32 Cr
2 BHK Apartment,Gurukrupa Marina EnclaveMalad West,Malad West,Mumbai,852,"22,000",1.87 Cr
1 BHK Apartment,Pooja EnclaveKandivali West,Kandivali West,Mumbai,600,"24,000",1.44 Cr
1 BHK Apartment,Abhigna Avirahi HeightsMalad West,Malad West,Mumbai,650,"22,000",1.43 Cr
1 BHK Apartment,Mahada New TowerMalad West,Malad West,Mumbai,450,"22,000",99.00 L
1 BHK Apartment,Niketan Bliss Niketan CHSKandivali West,Kandivali West,Mumbai,550,"24,000",1.32 Cr
1 BHK Apartment,Niketan Bliss Niketan CHSKandivali West,Kandivali West,Mumbai,550,"24,000",1.32 Cr
2 BHK Apartment,Wadhwa Wise CityPanvel,Panvel,Mumbai,538,"10,000",53.80 L
1 BHK Apartment,Wadhwa Wise CityPanvel,Panvel,Mumbai,387,"10,000",38.70 L
2 BHK Apartment,Wadhwa Wise CityPanvel,Panvel,Mumbai,482,"10,000",48.20 L
1,,Kharodi,Mumbai,225,"25,000",56.25 L
1,,Kharodi,Mumbai,225,"25,000",56.25 L
1 RK Studio Apartment,Reputed Builder New Mhada ColonyPowai,Powai,Mumbai,225,"38,000",85.50 L
1 RK Studio Apartment,Reputed Builder Ridhi SidhiMalad West,Malad West,Mumbai,225,"22,000",49.50 L
1,,Malad West,Mumbai,300,"22,000",66.00 L
1 BHK Apartment,Reputed Builder New Bhomi Park 2Malad West,Malad West,Mumbai,650,"22,000",1.43 Cr
1,,Malad West,Mumbai,350,"22,000",77.00 L
1 BHK Apartment,Gurukrupa Marina EnclaveMalad West,Malad West,Mumbai,600,"22,000",1.32 Cr
1,,Kandivali West,Mumbai,300,"24,000",72.00 L
1,,Kandivali West,Mumbai,370,"24,000",88.80 L
1,,Malad West,Mumbai,200,"22,000",44.00 L
2 BHK Apartment,Abhigna Avirahi HeightsMalad West,Malad West,Mumbai,850,"22,000",1.87 Cr
2 BHK Apartment,Abhigna Avirahi HeightsMalad West,Malad West,Mumbai,865,"22,000",1.90 Cr
1 RK Studio Apartment,Reputed Builder Chatrapati Shivaji Raje ComplexKandivali West,Kandivali West,Mumbai,340,"24,000",81.60 L
2 BHK Apartment,Gurukrupa Marina EnclaveMalad West,Malad West,Mumbai,890,"22,000",1.96 Cr
1 BHK Apartment,Abhigna Avirahi HeightsMalad West,Malad West,Mumbai,650,"22,000",1.43 Cr
1 BHK Apartment,Abhigna Avirahi HeightsMalad West,Malad West,Mumbai,620,"22,000",1.36 Cr
1 RK Studio Apartment,Mahada New TowerMalad West,Malad West,Mumbai,250,"22,000",55.00 L
1,,Malad West,Mumbai,400,"22,000",88.00 L
1 BHK Apartment,Mahada New TowerMalad West,Malad West,Mumbai,370,"22,000",81.40 L
1 BHK Apartment,Reputed Builder LibraMalad West,Malad West,Mumbai,450,"22,000",99.00 L
1 BHK Apartment,Abhigna Avirahi HeightsMalad West,Malad West,Mumbai,625,"22,000",1.38 Cr
3 BHK Apartment,K Raheja HeightsMalad East,Malad East,Mumbai,1480,"20,000",2.96 Cr
1,,Shahapur,Mumbai,780,"25,000",1.95 Cr
1 BHK Apartment,Navkar City Phase 1 And 2Naigaon East,Naigaon East,Mumbai,610,"25,000",1.52 Cr
2 BHK Apartment,Saptashree Green Acres IIThane West,Thane West,Mumbai,750,"18,000",1.35 Cr
3 BHK Apartment,Hiranandani AvalonPowai,Powai,Mumbai,1440,"38,000",5.47 Cr
3 BHK Apartment,Hiranandani Garden EldoraPowai,Powai,Mumbai,1440,"38,000",5.47 Cr
2 BHK Apartment,Mayfair The ViewVikhroli,Vikhroli,Mumbai,1020,"28,000",2.86 Cr
2 BHK Apartment,Lodha FiorenzaGoregaon East,Goregaon East,Mumbai,1390,"24,000",3.34 Cr
2 BHK Apartment,Satellite Satellite TowerGoregaon East,Goregaon East,Mumbai,1400,"24,000",3.36 Cr
2 BHK Apartment,Aurum Q Residences R1Ghansoli,Ghansoli,Mumbai,1200,"15,000",1.80 Cr
2 BHK Apartment,L And T Seawoods Opal At West SquareSeawoods,Seawoods,Mumbai,1350,"18,000",2.43 Cr
2,,Kalwa,Mumbai,1100,"25,000",2.75 Cr
1 BHK Apartment,Unicorn Unicorn Global ArenaNaigaon East,Naigaon East,Mumbai,560,"25,000",1.40 Cr
1 BHK Apartment,Rashmi Star CityNaigaon East,Naigaon East,Mumbai,600,"25,000",1.50 Cr
1,,Naigaon East,Mumbai,500,"25,000",1.25 Cr
1 BHK Apartment,Maad Maad Yashwant Pride IINaigaon East,Naigaon East,Mumbai,540,"25,000",1.35 Cr
3 BHK Apartment,Nahar 8 TowersPowai,Powai,Mumbai,1363,"38,000",5.18 Cr
3 BHK Apartment,Nahar Yarrow Yucca VincaPowai,Powai,Mumbai,1365,"38,000",5.19 Cr
3,,Powai,Mumbai,1650,"38,000",6.27 Cr
2 BHK Apartment,Red Stone Saifee ParkByculla,Byculla,Mumbai,1315,"25,000",3.29 Cr
1,,Mazgaon,Mumbai,650,"25,000",1.62 Cr
1,,Mazgaon,Mumbai,600,"25,000",1.50 Cr
2,,Mumbai Central,Mumbai,870,"25,000",2.17 Cr
3 BHK Apartment,Atul Wallace FortunaMazagaon,Mazagaon,Mumbai,1800,"25,000",4.50 Cr
2 BHK Apartment,Reputed Builder Sterling TowerMazgaon,Mazgaon,Mumbai,920,"25,000",2.30 Cr
2,,Agripada,Mumbai,975,"25,000",2.44 Cr
2 BHK Apartment,Red Stone Saifee ParkByculla,Byculla,Mumbai,1650,"25,000",4.12 Cr
4,,Mazgaon,Mumbai,2250,"25,000",5.62 Cr
3,,Agripada,Mumbai,1020,"25,000",2.55 Cr
4 BHK Apartment,Nathani HeightsAgripada,Agripada,Mumbai,3500,"25,000",8.75 Cr
1 BHK Apartment,Reputed Builder Sarkar ResidencyByculla,Byculla,Mumbai,850,"25,000",2.12 Cr
2 BHK Apartment,Rapid Maimoon TowerByculla,Byculla,Mumbai,720,"25,000",1.80 Cr
3 BHK Apartment,Nathani HeightsAgripada,Agripada,Mumbai,1350,"25,000",3.38 Cr
3 BHK Apartment,Prestige Jasdan ClassicByculla,Byculla,Mumbai,1743,"25,000",4.36 Cr
2 BHK Apartment,Reputed Builder Jupiter TowerMazgaon,Mazgaon,Mumbai,800,"25,000",2.00 Cr
3 BHK Apartment,Reputed Builder Sagar ClassicMadanpura,Madanpura,Mumbai,1650,"25,000",4.12 Cr
2 BHK Apartment,One India TowerByculla,Byculla,Mumbai,945,"25,000",2.36 Cr
1 BHK Apartment,Rubberwala Ameena HeightAgripada,Agripada,Mumbai,680,"25,000",1.70 Cr
1,,Kalwa,Mumbai,620,"25,000",1.55 Cr
1,,Kalwa,Mumbai,575,"25,000",1.44 Cr
2,,Kalwa,Mumbai,1225,"25,000",3.06 Cr
2 BHK Apartment,Omkar AnantaGoregaon East,Goregaon East,Mumbai,850,"24,000",2.04 Cr
2 BHK Apartment,Omkar AnantaGoregaon East,Goregaon East,Mumbai,850,"24,000",2.04 Cr
2 BHK Apartment,Omkar AnantaGoregaon East,Goregaon East,Mumbai,1050,"24,000",2.52 Cr
3 BHK Apartment,Omkar Alta MonteMalad East,Malad East,Mumbai,1650,"20,000",3.30 Cr
2 BHK Apartment,Omkar Alta MonteMalad East,Malad East,Mumbai,1050,"20,000",2.10 Cr
2 BHK Apartment,Omkar Alta MonteMalad East,Malad East,Mumbai,1050,"20,000",2.10 Cr
3 BHK Apartment,Oberoi EsquireGoregaon East,Goregaon East,Mumbai,1650,"24,000",3.96 Cr
4 BHK Apartment,Oberoi EsquireGoregaon East,Goregaon East,Mumbai,2550,"24,000",6.12 Cr
2 BHK Apartment,JP DecksMalad East,Malad East,Mumbai,1120,"20,000",2.24 Cr
2 BHK Apartment,Sheth Auris Serenity Tower 2Malad West,Malad West,Mumbai,1250,"22,000",2.75 Cr
3 BHK Apartment,Sheth Auris Serenity Tower 2Malad West,Malad West,Mumbai,1500,"22,000",3.30 Cr
4 BHK Apartment,Sheth Auris Serenity Tower 2Malad West,Malad West,Mumbai,2100,"22,000",4.62 Cr
2,,Kalwa,Mumbai,1100,"25,000",2.75 Cr
2,,Kalwa,Mumbai,985,"25,000",2.46 Cr
2 BHK Apartment,K Raheja HeightsMalad East,Malad East,Mumbai,1167,"20,000",2.33 Cr
1 BHK Apartment,K Raheja HeightsMalad East,Malad East,Mumbai,695,"20,000",1.39 Cr
2 BHK Apartment,Adhiraj MainlandKharghar,Kharghar,Mumbai,638,"12,000",76.56 L
3 BHK Apartment,Adhiraj MainlandKharghar,Kharghar,Mumbai,1178,"12,000",1.41 Cr
2 BHK Apartment,Adhiraj MainlandKharghar,Kharghar,Mumbai,769,"12,000",92.28 L
3 BHK Apartment,Adhiraj MainlandKharghar,Kharghar,Mumbai,938,"12,000",1.13 Cr
2 BHK Apartment,Kanakia LevelsMalad East,Malad East,Mumbai,1850,"20,000",3.70 Cr
1 BHK Apartment,Risland Risland The IconThane West,Thane West,Mumbai,429,"18,000",77.22 L
2 BHK Apartment,Risland Risland The IconThane West,Thane West,Mumbai,636,"18,000",1.14 Cr
2 BHK Apartment,Risland Risland The IconThane West,Thane West,Mumbai,629,"18,000",1.13 Cr
3 BHK Apartment,National MilloniSeawoods,Seawoods,Mumbai,1500,"18,000",2.70 Cr
2 BHK Apartment,Sara KshipraSanpada,Sanpada,Mumbai,1185,"25,000",2.96 Cr
2,,Belapur,Mumbai,1550,"16,000",2.48 Cr
3,,Vashi,Mumbai,1500,"16,000",2.40 Cr
2 BHK Apartment,Reputed Builder Laxmi Narayan ComplexKoper Khairane,Koper Khairane,Mumbai,1150,"25,000",2.88 Cr
3,,Vashi,Mumbai,1500,"16,000",2.40 Cr
3 BHK Apartment,National MilloniSeawoods,Seawoods,Mumbai,1680,"18,000",3.02 Cr
3 BHK Apartment,Mistry 9PBR Tower C1Nerul,Nerul,Mumbai,2100,"15,000",3.15 Cr
2 BHK Apartment,Marathon Nexzone Acrux 1Panvel,Panvel,Mumbai,1080,"10,000",1.08 Cr
2 BHK Apartment,Neelkanth AurisPanvel,Panvel,Mumbai,1260,"10,000",1.26 Cr
2,,Seawoods,Mumbai,1303,"18,000",2.35 Cr
3 BHK Apartment,Aurum Q Island R4 AND R5Ghansoli,Ghansoli,Mumbai,1850,"15,000",2.77 Cr
2 BHK Apartment,Aurum Q Island R4 AND R5Ghansoli,Ghansoli,Mumbai,1300,"15,000",1.95 Cr
2 BHK Apartment,Prince Alisha ParadiseKharghar,Kharghar,Mumbai,1080,"12,000",1.30 Cr
1 BHK Apartment,Tanvi Eminence IMira Road East,Mira Road East,Mumbai,560,"12,000",67.20 L
1 BHK Apartment,Reputed Builder Rose Garden CHS LtdBorivali West,Borivali West,Mumbai,525,"18,000",94.50 L
2 BHK Apartment,Vora AcropolisDahisar,Dahisar,Mumbai,820,"20,000",1.64 Cr
1 BHK Apartment,Tanvi Eminence IMira Road East,Mira Road East,Mumbai,580,"12,000",69.60 L
1,,Dahisar West,Mumbai,570,"20,000",1.14 Cr
1,,Dahisar West,Mumbai,580,"20,000",1.16 Cr
2,,Borivali West,Mumbai,780,"18,000",1.40 Cr
1 BHK Apartment,Reputed Builder Raj Sebastian Kinny ApartmentsBorivali West,Borivali West,Mumbai,570,"18,000",1.03 Cr
2,,Kalwa,Mumbai,910,"25,000",2.27 Cr
3 BHK Apartment,Reputed Builder BoulevardGhatkopar West,Ghatkopar West,Mumbai,1281,"32,000",4.10 Cr
2 BHK Apartment,Kalpataru AuraGhatkopar West,Ghatkopar West,Mumbai,1043,"32,000",3.34 Cr
3 BHK Apartment,Reputed Builder BoulevardGhatkopar West,Ghatkopar West,Mumbai,1860,"32,000",5.95 Cr
1,,Kalwa,Mumbai,575,"25,000",1.44 Cr
2,,Kalwa,Mumbai,775,"25,000",1.94 Cr
1,,Kalwa,Mumbai,600,"25,000",1.50 Cr
1,,Kalwa,Mumbai,685,"25,000",1.71 Cr
1,,Kalwa,Mumbai,650,"25,000",1.62 Cr
3,,Jogeshwari East,Mumbai,1380,"25,000",3.45 Cr
1,,Kalwa,Mumbai,645,"25,000",1.61 Cr
1,,Kalwa,Mumbai,685,"25,000",1.71 Cr
3 BHK Apartment,Raheja RidgewoodGoregaon East,Goregaon East,Mumbai,1750,"24,000",4.20 Cr
1 BHK Apartment,Mohan ParadiseKalyan West,Kalyan West,Mumbai,595,"10,000",59.50 L
2 BHK Apartment,Mahaveer River Valley Tower Phase IKalyan West,Kalyan West,Mumbai,990,"10,000",99.00 L
1,,Thane West,Mumbai,605,"18,000",1.09 Cr
2,,Dahisar Navi mumbai,Mumbai,1200,"25,000",3.00 Cr
2,,Thane West,Mumbai,900,"18,000",1.62 Cr
1 BHK Apartment,K Raheja HeightsMalad East,Malad East,Mumbai,690,"20,000",1.38 Cr
3 BHK Apartment,Reputed Builder Konark ApartmentsBhandup West,Bhandup West,Mumbai,1400,"22,000",3.08 Cr
3 BHK Apartment,Kalpataru EstateJogeshwari East,Jogeshwari East,Mumbai,1244,"25,000",3.11 Cr
3,,Bandra West,Mumbai,1300,"85,000",11.05 Cr
3 BHK Apartment,Paradigm NivanKhar,Khar,Mumbai,1550,"70,000",10.85 Cr
3 BHK Apartment,Shreeji SilvereneBandra West,Bandra West,Mumbai,1350,"85,000",11.47 Cr
3 BHK Apartment,Aditi Arc NestBandra West,Bandra West,Mumbai,1500,"85,000",12.75 Cr
3,,Bandra West,Mumbai,1800,"85,000",15.30 Cr
3,,Bandra West,Mumbai,1400,"85,000",11.90 Cr
3,,Khar West,Mumbai,1500,"70,000",10.50 Cr
3,,Bandra West,Mumbai,1200,"85,000",10.20 Cr
3,,Santacruz West,Mumbai,1500,"60,000",9.00 Cr
3,,Khar West,Mumbai,1300,"70,000",9.10 Cr
3,,Khar West,Mumbai,1500,"70,000",10.50 Cr
3 BHK Apartment,Swaraj Homes Red GatesBandra West,Bandra West,Mumbai,1400,"85,000",11.90 Cr
2,,Bandra West,Mumbai,900,"85,000",7.65 Cr
3 BHK Apartment,PR Urvashi TerracesSantacruz West,Santacruz West,Mumbai,2000,"60,000",12.00 Cr
2,,Bandra West,Mumbai,1040,"85,000",8.84 Cr
2,,Bandra West,Mumbai,1000,"85,000",8.50 Cr
2,,Bandra West,Mumbai,1000,"85,000",8.50 Cr
2 BHK Apartment,Midcity NavsonnarbalaBandra West,Bandra West,Mumbai,1000,"85,000",8.50 Cr
2,,Bandra West,Mumbai,950,"85,000",8.07 Cr
2 BHK Apartment,Rizvi Hill PostBandra West,Bandra West,Mumbai,1000,"85,000",8.50 Cr
2,,Bandra West,Mumbai,1000,"85,000",8.50 Cr
2,,Bandra West,Mumbai,1200,"85,000",10.20 Cr
2,,Bandra West,Mumbai,1000,"85,000",8.50 Cr
2,,Bandra West,Mumbai,1100,"85,000",9.35 Cr
2,,Bandra West,Mumbai,1000,"85,000",8.50 Cr
2,,Bandra West,Mumbai,1000,"85,000",8.50 Cr
2,,Khar West,Mumbai,950,"70,000",6.65 Cr
3,,Bandra West,Mumbai,1250,"85,000",10.62 Cr
2,,Bandra West,Mumbai,1000,"85,000",8.50 Cr
3,,Bandra West,Mumbai,1350,"85,000",11.47 Cr
1,,Kalwa,Mumbai,530,"25,000",1.32 Cr
1,,Kalwa,Mumbai,445,"25,000",1.11 Cr
1,,Kalwa,Mumbai,600,"25,000",1.50 Cr
4 BHK Apartment,Sheth BeaumonteSion,Sion,Mumbai,1335,"30,000",4.00 Cr
3 BHK Apartment,Sheth BeaumonteSion,Sion,Mumbai,1273,"30,000",3.82 Cr
2 BHK Apartment,Sheth BeaumonteSion,Sion,Mumbai,938,"30,000",2.81 Cr
3,,Chembur,Mumbai,1150,"30,000",3.45 Cr
3,,Chembur,Mumbai,1050,"30,000",3.15 Cr
3,,Chembur,Mumbai,1000,"30,000",3.00 Cr
3 BHK Apartment,Hiranandani Verona CHSPowai,Powai,Mumbai,1690,"38,000",6.42 Cr
2 BHK Apartment,Chandiwala Pearl PlatinumJogeshwari West,Jogeshwari West,Mumbai,1042,"25,000",2.60 Cr
3 BHK Apartment,Lodha Bel AirJogeshwari West,Jogeshwari West,Mumbai,1200,"25,000",3.00 Cr
1 BHK Apartment,A Surti Universal CubicalJogeshwari West,Jogeshwari West,Mumbai,700,"25,000",1.75 Cr
1 BHK Apartment,Pagarani Universal Garden BJogeshwari West,Jogeshwari West,Mumbai,700,"25,000",1.75 Cr
3 BHK Apartment,Lodha Bel AirJogeshwari West,Jogeshwari West,Mumbai,1475,"25,000",3.69 Cr
2,,Byculla,Mumbai,990,"25,000",2.48 Cr
1 BHK Apartment,Tanvi Eminence Phase 2Mira Road East,Mira Road East,Mumbai,730,"12,000",87.60 L
1,,Mazgaon,Mumbai,1120,"25,000",2.80 Cr
1 BHK Apartment,Seven Tides Fortune GardensByculla,Byculla,Mumbai,550,"25,000",1.38 Cr
2 BHK Apartment,Lodha New Cuffe Parade Lodha AltiaWadala,Wadala,Mumbai,1494,"35,000",5.23 Cr
3 BHK Apartment,Lodha New Cuffe ParadeWadala,Wadala,Mumbai,1811,"35,000",6.34 Cr
2 BHK Apartment,Rajkamal PrideGirgaon,Girgaon,Mumbai,1039,"25,000",2.60 Cr
2 BHK Apartment, Qamar EnclaveMazgaon,Mazgaon,Mumbai,932,"25,000",2.33 Cr
2,,Mazgaon,Mumbai,726,"25,000",1.81 Cr
1 BHK Apartment, Qamar EnclaveMazgaon,Mazgaon,Mumbai,660,"25,000",1.65 Cr
3 BHK Apartment,K Raheja VivareaAgripada,Agripada,Mumbai,3646,"25,000",9.12 Cr
2 BHK Apartment,Reputed Builder Sai NiketanDahisar,Dahisar,Mumbai,1424,"20,000",2.85 Cr
2 BHK Apartment,Reputed Builder Ashiana ApartmentSantacruz East,Santacruz East,Mumbai,1188,"45,000",5.35 Cr
2 BHK Apartment,Omkar MeridiaKurla,Kurla,Mumbai,1250,"25,000",3.12 Cr
5 BHK Apartment,Dheeraj Realty Dheeraj InsigniaSantacruz East,Santacruz East,Mumbai,3200,"45,000",14.40 Cr
1 BHK Apartment,Man OpusMira Road East,Mira Road East,Mumbai,715,"12,000",85.80 L
1 BHK Apartment,Man OpusMira Road East,Mira Road East,Mumbai,715,"12,000",85.80 L
1,,Kalwa,Mumbai,685,"25,000",1.71 Cr
1,,Kalwa,Mumbai,700,"25,000",1.75 Cr
1,,Kalwa,Mumbai,630,"25,000",1.57 Cr
1,,Kalwa,Mumbai,575,"25,000",1.44 Cr
2,,Kalwa,Mumbai,820,"25,000",2.05 Cr
3,,Kalwa,Mumbai,1305,"25,000",3.26 Cr
2,,Kalwa,Mumbai,850,"25,000",2.12 Cr
R,,Sarde,Mumbai,1089,"25,000",2.72 Cr
2 BHK Apartment,Reputed Builder Sunny TowerKoper Khairane,Koper Khairane,Mumbai,1050,"25,000",2.62 Cr
2 BHK Apartment,L And T Seawoods Opal At West SquareSeawoods,Seawoods,Mumbai,1100,"18,000",1.98 Cr
3 BHK Apartment,Ravechi Shreeji DivineKharghar,Kharghar,Mumbai,1989,"12,000",2.39 Cr
2,,Ghansoli,Mumbai,1000,"15,000",1.50 Cr
2,,Vashi,Mumbai,1100,"16,000",1.76 Cr
2,,Bandra West,Mumbai,1000,"85,000",8.50 Cr
2,,Bandra West,Mumbai,900,"85,000",7.65 Cr
2,,Khar West,Mumbai,1000,"70,000",7.00 Cr
2,,Bandra West,Mumbai,1050,"85,000",8.93 Cr
2,,Bandra West,Mumbai,900,"85,000",7.65 Cr
2,,Bandra West,Mumbai,900,"85,000",7.65 Cr
2,,Bandra West,Mumbai,1000,"85,000",8.50 Cr
2,,Bandra West,Mumbai,1200,"85,000",10.20 Cr
2,,Bandra West,Mumbai,1000,"85,000",8.50 Cr
2,,Bandra West,Mumbai,900,"85,000",7.65 Cr
2,,Bandra West,Mumbai,1000,"85,000",8.50 Cr
2,,Bandra West,Mumbai,1000,"85,000",8.50 Cr
2 BHK Apartment,Reputed Builder Kanti ApartmentsBandra West,Bandra West,Mumbai,1000,"85,000",8.50 Cr
2,,Bandra West,Mumbai,1100,"85,000",9.35 Cr
2 BHK Apartment,Reputed Builder Silver CascadeBandra West,Bandra West,Mumbai,1100,"85,000",9.35 Cr
2,,Khar West,Mumbai,1000,"70,000",7.00 Cr
2,,Bandra West,Mumbai,850,"85,000",7.22 Cr
2 BHK Apartment,Sheth Beau PrideBandra West,Bandra West,Mumbai,1000,"85,000",8.50 Cr
2,,Bandra West,Mumbai,1000,"85,000",8.50 Cr
2,,Bandra West,Mumbai,1000,"85,000",8.50 Cr
2,,Khar West,Mumbai,1000,"70,000",7.00 Cr
2,,Bandra West,Mumbai,1100,"85,000",9.35 Cr
2,,Khar West,Mumbai,1100,"70,000",7.70 Cr
2,,Khar West,Mumbai,900,"70,000",6.30 Cr
2,,Bandra West,Mumbai,1200,"85,000",10.20 Cr
2,,Bandra West,Mumbai,1050,"85,000",8.93 Cr
3,,Bandra West,Mumbai,1500,"85,000",12.75 Cr
4,,Bandra West,Mumbai,2200,"85,000",18.70 Cr
3 BHK Apartment,Swaraj Homes Green Gate ApartmentBandra West,Bandra West,Mumbai,1600,"85,000",13.60 Cr
3 BHK Apartment,Reputed Builder AshmitaKhar West,Khar West,Mumbai,1400,"70,000",9.80 Cr
3 BHK Apartment,Blackstone Maqba HeightsBandra West,Bandra West,Mumbai,1300,"85,000",11.05 Cr
3,,Bandra West,Mumbai,1200,"85,000",10.20 Cr
3 BHK Apartment,Niraj Kakad EnclaveKhar,Khar,Mumbai,1500,"70,000",10.50 Cr
3 BHK Apartment,Reputed Builder Asit ApartmentsBandra West,Bandra West,Mumbai,1300,"85,000",11.05 Cr
3 BHK Apartment,Reputed Builder Silver OakBandra West,Bandra West,Mumbai,1600,"85,000",13.60 Cr
3 BHK Apartment,Swaraj Homes Park Lane ApartmentsBandra West,Bandra West,Mumbai,1250,"85,000",10.62 Cr
3,,Bandra West,Mumbai,1500,"85,000",12.75 Cr
3,,Bandra West,Mumbai,1400,"85,000",11.90 Cr
2 BHK Apartment,Lodha The Park Town HousesLower Parel,Lower Parel,Mumbai,1473,"90,000",13.26 Cr
3 BHK Apartment,Reputed Builder Rameshwaram ApartmentPrabhadevi,Prabhadevi,Mumbai,1850,"70,000",12.95 Cr
3 BHK Apartment,Siddhivinayak HorizonPrabhadevi,Prabhadevi,Mumbai,1897,"70,000",13.28 Cr
2 BHK Apartment,Spenta Alta VistaChembur,Chembur,Mumbai,1092,"30,000",3.28 Cr
1,,Byculla,Mumbai,660,"25,000",1.65 Cr
1,,Mazgaon,Mumbai,660,"25,000",1.65 Cr
2 BHK Apartment,Lodha The Park Town HousesLower Parel,Lower Parel,Mumbai,1473,"90,000",13.26 Cr
1,,Mazgaon,Mumbai,550,"25,000",1.38 Cr
2 BHK Apartment,Atul Wallace FortunaMazagaon,Mazagaon,Mumbai,1277,"25,000",3.19 Cr
3 BHK Apartment,L And T Seawoods Opal At West SquareSeawoods,Seawoods,Mumbai,1300,"18,000",2.34 Cr
3 BHK Apartment,L And T Seawoods Opal At West SquareSeawoods,Seawoods,Mumbai,1200,"18,000",2.16 Cr
3 BHK Apartment,L And T Seawoods Opal At West SquareSeawoods,Seawoods,Mumbai,1500,"18,000",2.70 Cr
2 BHK Apartment,L And T Seawoods Opal At West SquareSeawoods,Seawoods,Mumbai,1050,"18,000",1.89 Cr
2 BHK Apartment,Ravechi Shreeji DivineKharghar,Kharghar,Mumbai,1555,"12,000",1.87 Cr
1,,Koper Khairane,Mumbai,600,"25,000",1.50 Cr
2 BHK Apartment,B and M AtlantisGhansoli,Ghansoli,Mumbai,1200,"15,000",1.80 Cr
1 BHK Apartment,Reputed Builder Mahavir HeightsGhansoli,Ghansoli,Mumbai,650,"15,000",97.50 L
2,,Koper Khairane,Mumbai,1000,"25,000",2.50 Cr
1,,Koper Khairane,Mumbai,650,"25,000",1.62 Cr
2,,Dahisar Navi mumbai,Mumbai,1200,"25,000",3.00 Cr
1 BHK Apartment,Reputed Anita Nagar CHSKandivali East,Kandivali East,Mumbai,400,"22,000",88.00 L
2 BHK Apartment,Lodha Codename Limited EditionMulund East,Mulund East,Mumbai,810,"23,000",1.86 Cr
3 BHK Apartment,Lodha Codename Limited EditionMulund East,Mulund East,Mumbai,1146,"23,000",2.64 Cr
3 BHK Apartment,Lodha Codename Limited EditionMulund East,Mulund East,Mumbai,977,"23,000",2.25 Cr
2 BHK Apartment,Lodha Codename Limited EditionMulund East,Mulund East,Mumbai,750,"23,000",1.73 Cr
1 BHK Apartment,Srishti Pride Phase 1Bhandup West,Bhandup West,Mumbai,465,"22,000",1.02 Cr
2 BHK Apartment,Srishti Pride Phase 1Bhandup West,Bhandup West,Mumbai,630,"22,000",1.39 Cr
1 BHK Apartment,JSB Nakshatra Pride INaigaon East,Naigaon East,Mumbai,621,"25,000",1.55 Cr
2 BHK Apartment,Radheya Sai EnclaveNaigaon East,Naigaon East,Mumbai,1040,"25,000",2.60 Cr
1 BHK Apartment,JSB Nakshatra Pride INaigaon East,Naigaon East,Mumbai,621,"25,000",1.55 Cr
1 BHK Apartment,JSB Nakshatra Pride INaigaon East,Naigaon East,Mumbai,621,"25,000",1.55 Cr
1 BHK Apartment,JSB Nakshatra Pride INaigaon East,Naigaon East,Mumbai,620,"25,000",1.55 Cr
2 BHK Apartment,Radheya Sai EnclaveNaigaon East,Naigaon East,Mumbai,1030,"25,000",2.58 Cr
2 BHK Apartment,Radheya Sai EnclaveNaigaon East,Naigaon East,Mumbai,1025,"25,000",2.56 Cr
2 BHK Apartment,Radheya Sai EnclaveNaigaon East,Naigaon East,Mumbai,1020,"25,000",2.55 Cr
1 BHK Apartment,Radheya Sai EnclaveNaigaon East,Naigaon East,Mumbai,655,"25,000",1.64 Cr
1 BHK Apartment,Radheya Sai EnclaveNaigaon East,Naigaon East,Mumbai,655,"25,000",1.64 Cr
1 BHK Apartment,Radheya Sai EnclaveNaigaon East,Naigaon East,Mumbai,625,"25,000",1.56 Cr
1 BHK Apartment,Radheya Sai EnclaveNaigaon East,Naigaon East,Mumbai,650,"25,000",1.62 Cr
1,,Mazgaon,Mumbai,524,"25,000",1.31 Cr
1 BHK Apartment,MICL Aaradhya HighparkBhayandar East,Bhayandar East,Mumbai,750,"25,000",1.88 Cr
1 BHK Apartment,MICL Aaradhya HighparkBhayandar East,Bhayandar East,Mumbai,750,"25,000",1.88 Cr
3 BHK Apartment,JP NorthMira Road East,Mira Road East,Mumbai,1550,"12,000",1.86 Cr
3 BHK Apartment,JP NorthMira Road East,Mira Road East,Mumbai,1550,"12,000",1.86 Cr
3 BHK Apartment,JP NorthMira Road East,Mira Road East,Mumbai,1550,"12,000",1.86 Cr
3 BHK Apartment,JP NorthMira Road East,Mira Road East,Mumbai,1550,"12,000",1.86 Cr
2 BHK Apartment,JP NorthMira Road East,Mira Road East,Mumbai,990,"12,000",1.19 Cr
2 BHK Apartment,JP NorthMira Road East,Mira Road East,Mumbai,990,"12,000",1.19 Cr
2 BHK Apartment,JP NorthMira Road East,Mira Road East,Mumbai,990,"12,000",1.19 Cr
1 BHK Apartment,JP NorthMira Road East,Mira Road East,Mumbai,715,"12,000",85.80 L
1 BHK Apartment,JP NorthMira Road East,Mira Road East,Mumbai,715,"12,000",85.80 L
3 BHK Apartment,Ashish SamriddhiMira Road East,Mira Road East,Mumbai,1450,"12,000",1.74 Cr
3 BHK Apartment,Ashish SamriddhiMira Road East,Mira Road East,Mumbai,1450,"12,000",1.74 Cr
3 BHK Apartment,Ashish SamriddhiMira Road East,Mira Road East,Mumbai,1450,"12,000",1.74 Cr
2 BHK Apartment,Ashish SamriddhiMira Road East,Mira Road East,Mumbai,1024,"12,000",1.23 Cr
2 BHK Apartment,Enso Enso SanzaKandivali East,Kandivali East,Mumbai,940,"22,000",2.07 Cr
3 BHK Apartment,Kanakia ParisBandra Kurla Complex,Bandra East,Mumbai,1175,"65,000",7.64 Cr
3 BHK Apartment,Kanakia ParisBandra Kurla Complex,Bandra East,Mumbai,971,"65,000",6.31 Cr
3 BHK Apartment,Kanakia ParisBandra Kurla Complex,Bandra East,Mumbai,1027,"65,000",6.68 Cr
2 BHK Apartment,Kanakia ParisBandra Kurla Complex,Bandra East,Mumbai,861,"65,000",5.60 Cr
2 BHK Apartment,Kanakia ParisBandra Kurla Complex,Bandra East,Mumbai,795,"65,000",5.17 Cr
3 BHK Apartment,Kanakia ParisBandra Kurla Complex,Bandra East,Mumbai,1034,"65,000",6.72 Cr
2 BHK Apartment,Kanakia ParisBandra Kurla Complex,Bandra East,Mumbai,965,"65,000",6.27 Cr
2 BHK Apartment,Kanakia ParisBandra Kurla Complex,Bandra East,Mumbai,854,"65,000",5.55 Cr
2 BHK Apartment,Kanakia ParisBandra Kurla Complex,Bandra East,Mumbai,853,"65,000",5.54 Cr
3 BHK Apartment,Kanakia ParisBandra Kurla Complex,Bandra East,Mumbai,1145,"65,000",7.44 Cr
3 BHK Apartment,Kanakia ParisBandra Kurla Complex,Bandra East,Mumbai,986,"65,000",6.41 Cr
2 BHK Apartment,Kanakia ParisBandra Kurla Complex,Bandra East,Mumbai,857,"65,000",5.57 Cr
2 BHK Apartment,Kanakia ParisBandra Kurla Complex,Bandra East,Mumbai,845,"65,000",5.49 Cr
1 BHK Apartment,Shraddha PrimeBhandup West,Bhandup West,Mumbai,324,"22,000",71.28 L
1 BHK Apartment,Nipun GalaxyBhandup West,Bhandup West,Mumbai,313,"22,000",68.86 L
1 BHK Apartment,Nipun GalaxyBhandup West,Bhandup West,Mumbai,302,"22,000",66.44 L
1 BHK Apartment,Nipun GalaxyBhandup West,Bhandup West,Mumbai,311,"22,000",68.42 L
1,,Panvel,Mumbai,650,"10,000",65.00 L
1 BHK Apartment,Swaraj Homes Surji Dham CHSAiroli,Airoli,Mumbai,550,"14,000",77.00 L
2 BHK Apartment,Sunteck Signia WaterfrontAiroli,Airoli,Mumbai,950,"14,000",1.33 Cr
2 BHK Apartment,Sunteck Signia WaterfrontAiroli,Airoli,Mumbai,950,"14,000",1.33 Cr
2,,Airoli,Mumbai,850,"14,000",1.19 Cr
1 BHK Apartment,Unicorn Unicorn Global ArenaNaigaon East,Naigaon East,Mumbai,527,"25,000",1.32 Cr
1 BHK Apartment,Unicorn Unicorn Global ArenaNaigaon East,Naigaon East,Mumbai,512,"25,000",1.28 Cr
1 BHK Apartment,Unicorn ArenaNaigaon East,Naigaon East,Mumbai,525,"25,000",1.31 Cr
1 BHK Apartment,Unicorn ArenaNaigaon East,Naigaon East,Mumbai,519,"25,000",1.30 Cr
1 BHK Apartment,Unicorn Unicorn Global ArenaNaigaon East,Naigaon East,Mumbai,503,"25,000",1.26 Cr
1 BHK Apartment,Navkar City Phase I Part 4Naigaon East,Naigaon East,Mumbai,686,"25,000",1.72 Cr
1 BHK Apartment,Navkar City Phase I Part 4Naigaon East,Naigaon East,Mumbai,695,"25,000",1.74 Cr
1 BHK Apartment,Navkar City Phase I Part 4Naigaon East,Naigaon East,Mumbai,696,"25,000",1.74 Cr
1 BHK Apartment,Navkar City Phase I Part 4Naigaon East,Naigaon East,Mumbai,678,"25,000",1.70 Cr
1 BHK Apartment,Navkar City Phase I Part 4Naigaon East,Naigaon East,Mumbai,692,"25,000",1.73 Cr
1 BHK Apartment,Navkar City Phase I Part 4Naigaon East,Naigaon East,Mumbai,673,"25,000",1.68 Cr
1 BHK Apartment,Navkar City Phase I Part 4Naigaon East,Naigaon East,Mumbai,679,"25,000",1.70 Cr
3 BHK Apartment,Kalpataru Siddhachal VIII Bldg 4Thane West,Thane West,Mumbai,1425,"18,000",2.56 Cr
1 BHK Apartment,Navkar City Phase I Part 4Naigaon East,Naigaon East,Mumbai,673,"25,000",1.68 Cr
1 BHK Apartment,Navkar City Phase I Part 4Naigaon East,Naigaon East,Mumbai,679,"25,000",1.70 Cr
3 BHK Apartment,Kalpataru Siddhachal VIII Bldg 4Thane West,Thane West,Mumbai,1425,"18,000",2.56 Cr
2 BHK Apartment,Kalpataru Kalpataru VientaKandivali East,Kandivali East,Mumbai,1050,"22,000",2.31 Cr
2 BHK Apartment,Kalpataru Kalpataru VientaKandivali East,Kandivali East,Mumbai,1050,"22,000",2.31 Cr
3 BHK Apartment,Kalpataru Siddhachal VIII Bldg 4Thane West,Thane West,Mumbai,1425,"18,000",2.56 Cr
3 BHK Apartment,Kalpataru Kalpataru VientaKandivali East,Kandivali East,Mumbai,1425,"22,000",3.13 Cr
2 BHK Apartment,Radheya Sai EnclaveNaigaon East,Naigaon East,Mumbai,1000,"25,000",2.50 Cr
2 BHK Apartment,JSB Nakshatra AarambhNaigaon East,Naigaon East,Mumbai,954,"25,000",2.38 Cr
3 BHK Apartment,Kalpataru Kalpataru VientaKandivali East,Kandivali East,Mumbai,1425,"22,000",3.13 Cr
2 BHK Apartment,Kalpataru EleganteKandivali East,Kandivali East,Mumbai,930,"22,000",2.05 Cr
3 BHK Apartment,Kalpataru Kalpataru VientaKandivali East,Kandivali East,Mumbai,1425,"22,000",3.13 Cr
1 BHK Apartment,Radheya Sai EnclaveNaigaon East,Naigaon East,Mumbai,677,"25,000",1.69 Cr
1 BHK Apartment,Kalpataru EleganteKandivali East,Kandivali East,Mumbai,650,"22,000",1.43 Cr
1 BHK Apartment,Radheya Sai EnclaveNaigaon East,Naigaon East,Mumbai,678,"25,000",1.70 Cr
1 BHK Apartment,Radheya Sai EnclaveNaigaon East,Naigaon East,Mumbai,685,"25,000",1.71 Cr
1 BHK Apartment,S D Aubburn at SarovaKandivali East,Kandivali East,Mumbai,600,"22,000",1.32 Cr
1 BHK Apartment,S D Aubburn at SarovaKandivali East,Kandivali East,Mumbai,600,"22,000",1.32 Cr
3 BHK Apartment,Kalpataru Kalpataru VientaKandivali East,Kandivali East,Mumbai,1425,"22,000",3.13 Cr
2 BHK Apartment,Kalpataru EleganteKandivali East,Kandivali East,Mumbai,930,"22,000",2.05 Cr
2 BHK Apartment,Kalpataru EleganteKandivali East,Kandivali East,Mumbai,930,"22,000",2.05 Cr
1 BHK Apartment,Navkar City Phase I Part 4Naigaon East,Naigaon East,Mumbai,719,"25,000",1.80 Cr
2 BHK Apartment,Kalpataru Kalpataru VientaKandivali East,Kandivali East,Mumbai,1050,"22,000",2.31 Cr
3 BHK Apartment,Wadhwa TW GardensKandivali East,Kandivali East,Mumbai,1300,"22,000",2.86 Cr
2 BHK Apartment,Kalpataru EleganteKandivali East,Kandivali East,Mumbai,930,"22,000",2.05 Cr
1 BHK Apartment,S D Aubburn at SarovaKandivali East,Kandivali East,Mumbai,600,"22,000",1.32 Cr
2 BHK Apartment,Wadhwa TW GardensKandivali East,Kandivali East,Mumbai,930,"22,000",2.05 Cr
3 BHK Apartment,Wadhwa TW GardensKandivali East,Kandivali East,Mumbai,1300,"22,000",2.86 Cr
3 BHK Apartment,Wadhwa TW GardensKandivali East,Kandivali East,Mumbai,1300,"22,000",2.86 Cr
2 BHK Apartment,JSB Nakshatra AarambhNaigaon East,Naigaon East,Mumbai,948,"25,000",2.37 Cr
2 BHK Apartment,Wadhwa TW GardensKandivali East,Kandivali East,Mumbai,930,"22,000",2.05 Cr
2 BHK Apartment,Wadhwa TW GardensKandivali East,Kandivali East,Mumbai,930,"22,000",2.05 Cr
2 BHK Apartment,Wadhwa TW GardensKandivali East,Kandivali East,Mumbai,930,"22,000",2.05 Cr
1 BHK Apartment,S D Aubburn at SarovaKandivali East,Kandivali East,Mumbai,600,"22,000",1.32 Cr
1 BHK Apartment,Kalpataru EleganteKandivali East,Kandivali East,Mumbai,650,"22,000",1.43 Cr
1 BHK Apartment,Enso Enso SanzaKandivali East,Kandivali East,Mumbai,650,"22,000",1.43 Cr
2 BHK Apartment,UK IridiumKandivali East,Kandivali East,Mumbai,787,"22,000",1.73 Cr
2 BHK Apartment,UK IridiumKandivali East,Kandivali East,Mumbai,787,"22,000",1.73 Cr
2 BHK Apartment,UK IridiumKandivali East,Kandivali East,Mumbai,787,"22,000",1.73 Cr
2 BHK Apartment,UK IridiumKandivali East,Kandivali East,Mumbai,787,"22,000",1.73 Cr
2 BHK Apartment,Enso Enso SanzaKandivali East,Kandivali East,Mumbai,940,"22,000",2.07 Cr
2 BHK Apartment,UK IridiumKandivali East,Kandivali East,Mumbai,787,"22,000",1.73 Cr
2 BHK Apartment,Enso Enso SanzaKandivali East,Kandivali East,Mumbai,940,"22,000",2.07 Cr
1 BHK Apartment,Realtech HeightsVasai,Vasai,Mumbai,679,"8,000",54.32 L
1 BHK Apartment,Realtech HeightsVasai,Vasai,Mumbai,718,"8,000",57.44 L
1 BHK Apartment,Realtech HeightsVasai,Vasai,Mumbai,709,"8,000",56.72 L
1 BHK Apartment,Realtech HeightsVasai,Vasai,Mumbai,718,"8,000",57.44 L
1 BHK Apartment,Realtech HeightsVasai,Vasai,Mumbai,700,"8,000",56.00 L
1 BHK Apartment,Chaitanya The Greens RadhakunjKandivali East,Kandivali East,Mumbai,650,"22,000",1.43 Cr
2 BHK Apartment,Chaitanya The Greens RadhakunjKandivali East,Kandivali East,Mumbai,768,"22,000",1.69 Cr
2 BHK Apartment,Chaitanya The Greens RadhakunjKandivali East,Kandivali East,Mumbai,768,"22,000",1.69 Cr
3 BHK Apartment,Navkar City Phase I Part 4Naigaon East,Naigaon East,Mumbai,1245,"25,000",3.11 Cr
1 BHK Apartment,Kalpataru EleganteKandivali East,Kandivali East,Mumbai,650,"22,000",1.43 Cr
1 BHK Apartment,Ornate HeightsVasai,Vasai,Mumbai,717,"8,000",57.36 L
2 BHK Apartment,Chaitanya The Greens RadhakunjKandivali East,Kandivali East,Mumbai,850,"22,000",1.87 Cr
1 BHK Apartment,Realtech HeightsVasai,Vasai,Mumbai,735,"8,000",58.80 L
1 BHK Apartment,Chaitanya The Greens RadhakunjKandivali East,Kandivali East,Mumbai,650,"22,000",1.43 Cr
1 BHK Apartment,Realtech HeightsVasai,Vasai,Mumbai,728,"8,000",58.24 L
1 BHK Apartment,Realtech HeightsVasai,Vasai,Mumbai,730,"8,000",58.40 L
1 BHK Apartment,Ornate HeightsVasai,Vasai,Mumbai,719,"8,000",57.52 L
1 BHK Apartment,Ornate HeightsVasai,Vasai,Mumbai,705,"8,000",56.40 L
1 BHK Apartment,Ornate HeightsVasai,Vasai,Mumbai,709,"8,000",56.72 L
1 BHK Apartment,Radheya Sai EnclaveNaigaon East,Naigaon East,Mumbai,700,"25,000",1.75 Cr
2 BHK Apartment,Radheya Sai EnclaveNaigaon East,Naigaon East,Mumbai,1010,"25,000",2.52 Cr
2 BHK Apartment,Radheya Sai EnclaveNaigaon East,Naigaon East,Mumbai,1015,"25,000",2.54 Cr
2 BHK Apartment,Radheya Sai EnclaveNaigaon East,Naigaon East,Mumbai,1018,"25,000",2.54 Cr
2 BHK Apartment,Chaitanya The Greens RadhakunjKandivali East,Kandivali East,Mumbai,700,"22,000",1.54 Cr
3 BHK Apartment,Navkar City Phase I Part 4Naigaon East,Naigaon East,Mumbai,1285,"25,000",3.21 Cr
3 BHK Apartment,Chaitanya The Greens RadhakunjKandivali East,Kandivali East,Mumbai,1003,"22,000",2.21 Cr
1 BHK Apartment,Realtech HeightsVasai,Vasai,Mumbai,717,"8,000",57.36 L
3 BHK Apartment,Chaitanya The Greens RadhakunjKandivali East,Kandivali East,Mumbai,1003,"22,000",2.21 Cr
3 BHK Apartment,Chaitanya The Greens RadhakunjKandivali East,Kandivali East,Mumbai,1003,"22,000",2.21 Cr
1 BHK Apartment,Ornate HeightsVasai,Vasai,Mumbai,711,"8,000",56.88 L
1 BHK Apartment,Ornate HeightsVasai,Vasai,Mumbai,705,"8,000",56.40 L
2 BHK Apartment,Rustomjee Urbania AureliaThane West,Thane West,Mumbai,1180,"18,000",2.12 Cr
1 BHK Apartment,Ornate HeightsVasai,Vasai,Mumbai,719,"8,000",57.52 L
2 BHK Apartment,Rustomjee Urbania AureliaThane West,Thane West,Mumbai,1175,"18,000",2.12 Cr
1 BHK Apartment,Ornate HeightsVasai,Vasai,Mumbai,735,"8,000",58.80 L
2 BHK Apartment,Rustomjee UrbaniaThane West,Thane West,Mumbai,1190,"18,000",2.14 Cr
3 BHK Apartment,Rustomjee UrbaniaThane West,Thane West,Mumbai,1765,"18,000",3.18 Cr
1 BHK Apartment,Realtech HeightsVasai,Vasai,Mumbai,728,"8,000",58.24 L
1 BHK Apartment,Realtech HeightsVasai,Vasai,Mumbai,711,"8,000",56.88 L
1 BHK Apartment,Navkar Tower Part 2Naigaon East,Naigaon East,Mumbai,534,"25,000",1.33 Cr
1 BHK Apartment,Realtech HeightsVasai,Vasai,Mumbai,713,"8,000",57.04 L
1 BHK Apartment,Navkar Tower Part 2Naigaon East,Naigaon East,Mumbai,535,"25,000",1.34 Cr
1 BHK Apartment,Navkar Tower Part 2Naigaon East,Naigaon East,Mumbai,546,"25,000",1.36 Cr
2 BHK Apartment,Realtech HeightsVasai,Vasai,Mumbai,1078,"8,000",86.24 L
2 BHK Apartment,Realtech HeightsVasai,Vasai,Mumbai,1075,"8,000",86.00 L
2 BHK Apartment,Realtech HeightsVasai,Vasai,Mumbai,1031,"8,000",82.48 L
1 BHK Apartment,Realtech HeightsVasai,Vasai,Mumbai,789,"8,000",63.12 L
1 BHK Apartment,Lodha Amara Tower 26 27 28 30 34 35Thane West,Thane West,Mumbai,775,"18,000",1.40 Cr
2 BHK Apartment,Realtech HeightsVasai,Vasai,Mumbai,1085,"8,000",86.80 L
3 BHK Apartment,Lodha Amara 3 Bhk With DeckThane West,Thane West,Mumbai,1474,"18,000",2.65 Cr
1 BHK Apartment,Lodha Amara Tower 26 27 28 30 34 35Thane West,Thane West,Mumbai,778,"18,000",1.40 Cr
2 BHK Apartment,Piramal Vaikunth ThaneThane West,Thane West,Mumbai,1205,"18,000",2.17 Cr
1,,Bhiwandi,Mumbai,585,"6,000",35.10 L
2 BHK Apartment,Riddhi Siddhi HeritageAiroli,Airoli,Mumbai,950,"14,000",1.33 Cr
3 BHK Apartment,Neelam Senroofs Phase IINahur East,Nahur East,Mumbai,1244,"25,000",3.11 Cr
2 BHK Apartment,Neelam Senroofs Phase IINahur East,Nahur East,Mumbai,884,"25,000",2.21 Cr
3 BHK Apartment,Neelam Senroofs Phase IINahur East,Nahur East,Mumbai,1086,"25,000",2.71 Cr
2 BHK Apartment,Neelam Senroofs Phase IINahur East,Nahur East,Mumbai,828,"25,000",2.07 Cr
3 BHK Apartment,Kalpataru Kalpataru ElitusMulund West,Mulund West,Mumbai,1015,"25,000",2.54 Cr
2 BHK Apartment,Srishti OasisBhandup West,Bhandup West,Mumbai,623,"22,000",1.37 Cr
1 BHK Apartment,Srishti OasisBhandup West,Bhandup West,Mumbai,481,"22,000",1.06 Cr
1 BHK Apartment,Mahaveer River Valley Tower Phase IKalyan West,Kalyan West,Mumbai,690,"10,000",69.00 L
2,,Kalyan West,Mumbai,960,"10,000",96.00 L
2,,Kalyan West,Mumbai,999,"10,000",99.90 L
1,,Kalyan West,Mumbai,705,"10,000",70.50 L
2,,Kalyan West,Mumbai,1000,"10,000",1.00 Cr
1,,Kalyan West,Mumbai,640,"10,000",64.00 L
1,,Kalyan West,Mumbai,650,"10,000",65.00 L
1 BHK Apartment,Reputed Builder Gurukul CHSAiroli,Airoli,Mumbai,550,"14,000",77.00 L
1,,Jogeshwari West,Mumbai,518,"25,000",1.29 Cr
2 BHK Apartment,Haware NirmitiKamothe,Kamothe,Mumbai,900,"11,000",99.00 L
1 BHK Apartment,Radhey Galaxy Phase IKarjat,Karjat,Mumbai,650,"25,000",1.62 Cr
1 BHK Apartment,Raikar Yash Paradise CHSAiroli,Airoli,Mumbai,1050,"14,000",1.47 Cr
R,,Belondakhar,Mumbai,1089,"25,000",2.72 Cr
R,,Sarde,Mumbai,1089,"25,000",2.72 Cr
R,,Sarde,Mumbai,1089,"25,000",2.72 Cr
2 BHK Apartment,Naman Regency Naman RegencyByculla,Byculla,Mumbai,1230,"25,000",3.08 Cr
2,,Mazgaon,Mumbai,898,"25,000",2.25 Cr
2 BHK Apartment,A Surti Universal CubicalJogeshwari West,Jogeshwari West,Mumbai,1130,"25,000",2.83 Cr
1 BHK Apartment,NSSR AR RayyanByculla,Byculla,Mumbai,750,"25,000",1.88 Cr
3 BHK Apartment,Siddhivinayak HorizonPrabhadevi,Prabhadevi,Mumbai,1897,"70,000",13.28 Cr
3 BHK Apartment,Fairdeal Ocean 360Napeansea Road,Napeansea Road,Mumbai,1720,"25,000",4.30 Cr
2 BHK Apartment,Reputed Builder Aqua GemMazgaon,Mazgaon,Mumbai,1059,"25,000",2.65 Cr
2,,Agripada,Mumbai,1200,"25,000",3.00 Cr
1 BHK Apartment,Mahaveer River Valley Tower Phase IKalyan West,Kalyan West,Mumbai,690,"10,000",69.00 L
1 BHK Apartment,Swaraj Homes Yash DeepKamothe,Kamothe,Mumbai,375,"11,000",41.25 L
2 BHK Apartment,Kohinoor Eden B1Kalyan East,Kalyan East,Mumbai,540,"9,000",48.60 L
1 BHK Apartment,Kohinoor Eden B1Kalyan East,Kalyan East,Mumbai,363,"9,000",32.67 L
1 BHK Apartment,Kohinoor Eden B1Kalyan East,Kalyan East,Mumbai,407,"9,000",36.63 L
1 BHK Apartment,Kohinoor Eden B1Kalyan East,Kalyan East,Mumbai,394,"9,000",35.46 L
1 BHK Apartment,Kohinoor Eden B1Kalyan East,Kalyan East,Mumbai,387,"9,000",34.83 L
1 RK Studio Apartment,Tater FlorenceKarjat,Karjat,Mumbai,426,"25,000",1.06 Cr
1 BHK Apartment,Gee Cee The Mist Phase IKarjat,Karjat,Mumbai,610,"25,000",1.52 Cr
2 BHK Apartment,Reputed Builder Sayali CHS LtdAiroli,Airoli,Mumbai,950,"14,000",1.33 Cr
1,,Koper Khairane,Mumbai,600,"25,000",1.50 Cr
1 BHK Apartment, Batul HouseByculla,Byculla,Mumbai,710,"25,000",1.77 Cr
2,,Kalyan West,Mumbai,1000,"10,000",1.00 Cr
1,,Jogeshwari West,Mumbai,530,"25,000",1.32 Cr
2,,Jogeshwari West,Mumbai,950,"25,000",2.38 Cr
1,,Jogeshwari West,Mumbai,525,"25,000",1.31 Cr
1 BHK Apartment,Mayfair Virar Gardens Phase 2Virar,Virar,Mumbai,500,"5,000",25.00 L
1 BHK Apartment,Unicorn Unicorn Global ArenaNaigaon East,Naigaon East,Mumbai,500,"25,000",1.25 Cr
1 BHK Apartment,JSB Nakshatra GreensNaigaon East,Naigaon East,Mumbai,540,"25,000",1.35 Cr
1 BHK Apartment,Ornate Galaxy Phase INaigaon East,Naigaon East,Mumbai,585,"25,000",1.46 Cr
1 BHK Apartment,Unicorn ArenaNaigaon East,Naigaon East,Mumbai,500,"25,000",1.25 Cr
1 BHK Apartment,Unicorn ArenaNaigaon East,Naigaon East,Mumbai,500,"25,000",1.25 Cr
1 BHK Apartment,Unicorn ArenaNaigaon East,Naigaon East,Mumbai,500,"25,000",1.25 Cr
1 BHK Apartment,Unicorn Unicorn Global ArenaNaigaon East,Naigaon East,Mumbai,600,"25,000",1.50 Cr
1 BHK Apartment,JSB Nakshatra GreensNaigaon East,Naigaon East,Mumbai,540,"25,000",1.35 Cr
1 BHK Apartment,JSB Nakshatra GreensNaigaon East,Naigaon East,Mumbai,560,"25,000",1.40 Cr
2 BHK Apartment,Radheya Sai EnclaveNaigaon East,Naigaon East,Mumbai,1000,"25,000",2.50 Cr
1 BHK Apartment,JSB Nakshatra GreensNaigaon East,Naigaon East,Mumbai,560,"25,000",1.40 Cr
1,,Bhiwandi,Mumbai,410,"6,000",24.60 L
2 BHK Apartment,Reputed Builder Shree Ambika ComplexGhansoli,Ghansoli,Mumbai,1000,"15,000",1.50 Cr
1,,Rabale,Mumbai,650,"25,000",1.62 Cr
1,,Rabale,Mumbai,300,"25,000",75.00 L
1,,Rabale,Mumbai,250,"25,000",62.50 L
1 RK Studio Apartment,Devkar Rabale HeightsGhansoli,Ghansoli,Mumbai,335,"15,000",50.25 L
1,,Bhiwandi,Mumbai,395,"6,000",23.70 L
1,,Bhiwandi,Mumbai,585,"6,000",35.10 L
R,,Sarde,Mumbai,1089,"25,000",2.72 Cr
1 BHK Apartment,Aurum Q Residences R2Ghansoli,Ghansoli,Mumbai,650,"15,000",97.50 L
3 BHK Apartment,Darvesh Ayesha TowerJogeshwari West,Jogeshwari West,Mumbai,1203,"25,000",3.01 Cr
1,,Bhiwandi,Mumbai,385,"6,000",23.10 L
1 BHK Apartment,Reputed Builder Mid Town AvenueKalyan West,Kalyan West,Mumbai,750,"10,000",75.00 L
1 BHK Apartment,Reputed Builder Shree Matruchaya CHSAiroli,Airoli,Mumbai,550,"14,000",77.00 L
R,,Sarde,Mumbai,1089,"25,000",2.72 Cr
R,,Koproli,Mumbai,1000,"25,000",2.50 Cr
1,,Panvel,Mumbai,650,"10,000",65.00 L
3,,Vichumbe,Mumbai,2000,"25,000",5.00 Cr
1,,Bhiwandi,Mumbai,550,"6,000",33.00 L
2 BHK Apartment,Grace Iconic Wing A BVille Parle East,Ville Parle East,Mumbai,760,"25,000",1.90 Cr
1,,Bhiwandi,Mumbai,375,"6,000",22.50 L
1,,Bhiwandi,Mumbai,545,"6,000",32.70 L
1,,Bhiwandi,Mumbai,530,"6,000",31.80 L
1,,Bhiwandi,Mumbai,365,"6,000",21.90 L
1,,Vashi,Mumbai,600,"16,000",96.00 L
2 BHK Apartment,Nrose Northern HillsDahisar,Dahisar,Mumbai,950,"20,000",1.90 Cr
2 BHK Apartment,Hiranandani Villa GrandThane West,Thane West,Mumbai,1000,"18,000",1.80 Cr
3 BHK Apartment,Rustomjee Urbania AstraeaThane West,Thane West,Mumbai,1265,"18,000",2.28 Cr
1,,Badlapur East,Mumbai,634,"25,000",1.58 Cr
R,,Belondakhar,Mumbai,1089,"25,000",2.72 Cr
1,,Jogeshwari West,Mumbai,550,"25,000",1.38 Cr
2,,Bhiwandi,Mumbai,650,"6,000",39.00 L
1,,Bhiwandi,Mumbai,560,"6,000",33.60 L
1,,Bhiwandi,Mumbai,560,"6,000",33.60 L
1,,Bhiwandi,Mumbai,410,"6,000",24.60 L
1,,Bhiwandi,Mumbai,385,"6,000",23.10 L
2 BHK Apartment,Sunteck Signia WaterfrontAiroli,Airoli,Mumbai,1050,"14,000",1.47 Cr
2 BHK Apartment,Mahaveer River Valley Tower Phase IKalyan West,Kalyan West,Mumbai,990,"10,000",99.00 L
3 BHK Apartment,Reputed Builder River ScapeNilje Gaon,Nilje Gaon,Mumbai,1037,"25,000",2.59 Cr
1 BHK Apartment,Swaminarayan City Phase 1ADombivali,Dombivali,Mumbai,700,"12,000",84.00 L
1,,Dombivli (West),Mumbai,622,"25,000",1.55 Cr
1 BHK Apartment,Sai Balaji GopalDombivali,Dombivali,Mumbai,632,"12,000",75.84 L
1,,Bhiwandi,Mumbai,375,"6,000",22.50 L
1 BHK Apartment,Shree Krishna HeightsNaigaon East,Naigaon East,Mumbai,600,"25,000",1.50 Cr
1,,Bhiwandi,Mumbai,390,"6,000",23.40 L
1 BHK Apartment,S M Hatkesh Heights Phase IIMira Road East,Mira Road East,Mumbai,396,"12,000",47.52 L
2 BHK Apartment,S M Hatkesh Heights Phase IIMira Road East,Mira Road East,Mumbai,608,"12,000",72.96 L
2 BHK Apartment,S M Hatkesh Heights Phase IIMira Road East,Mira Road East,Mumbai,598,"12,000",71.76 L
1 BHK Apartment,S M Hatkesh Heights Phase IIMira Road East,Mira Road East,Mumbai,424,"12,000",50.88 L
1 BHK Apartment,S M Hatkesh Heights Phase IIMira Road East,Mira Road East,Mumbai,415,"12,000",49.80 L
2 BHK Apartment,S M Hatkesh Heights Phase IIMira Road East,Mira Road East,Mumbai,579,"12,000",69.48 L
R,,Belondakhar,Mumbai,1089,"25,000",2.72 Cr
R,,Sarde,Mumbai,1089,"25,000",2.72 Cr
2 BHK Apartment,A Surti Universal CubicalJogeshwari West,Jogeshwari West,Mumbai,750,"25,000",1.88 Cr
2 BHK Apartment,Reputed Builder Hill Park TowerJogeshwari West,Jogeshwari West,Mumbai,1000,"25,000",2.50 Cr
2 BHK Apartment,Sagar Sagar TowersJogeshwari West,Jogeshwari West,Mumbai,650,"25,000",1.62 Cr
1,,Bhiwandi,Mumbai,785,"6,000",47.10 L
1,,Vichumbe,Mumbai,590,"25,000",1.48 Cr
1,,Vichumbe,Mumbai,640,"25,000",1.60 Cr
4 BHK Apartment,Supreme Belmac Riverside IPanvel,Panvel,Mumbai,2100,"10,000",2.10 Cr
1 BHK Apartment,Shree Sawlaram SrushtiKalyan West,Kalyan West,Mumbai,750,"10,000",75.00 L
3 BHK Apartment,Transcon Triumph Tower 4Andheri West,Andheri West,Mumbai,947,"35,000",3.31 Cr
2 BHK Apartment,Transcon Triumph Tower 4Andheri West,Andheri West,Mumbai,659,"35,000",2.31 Cr
2 BHK Apartment,Transcon Triumph Tower 4Andheri West,Andheri West,Mumbai,708,"35,000",2.48 Cr
3,,Kalyan West,Mumbai,1465,"10,000",1.47 Cr
2 BHK Apartment,Reputed Builder Thames CHSKalyan West,Kalyan West,Mumbai,870,"10,000",87.00 L
3,,Kalyan West,Mumbai,1465,"10,000",1.47 Cr
2,,Kalyan West,Mumbai,1150,"10,000",1.15 Cr
3,,Kalyan West,Mumbai,1500,"10,000",1.50 Cr
3 BHK Apartment,MS Vrindavan ParadiseKalyan West,Kalyan West,Mumbai,1205,"10,000",1.21 Cr
2 BHK Apartment,Vision HeightsJogeshwari West,Jogeshwari West,Mumbai,900,"25,000",2.25 Cr
1 BHK Apartment,United ParkJogeshwari West,Jogeshwari West,Mumbai,600,"25,000",1.50 Cr
1 BHK Apartment,Unicorn Unicorn Global ArenaNaigaon East,Naigaon East,Mumbai,500,"25,000",1.25 Cr
1 BHK Apartment,Navkar City Phase II Part INaigaon East,Naigaon East,Mumbai,500,"25,000",1.25 Cr
2 BHK Apartment,Sunteck West WorldNaigaon East,Naigaon East,Mumbai,630,"25,000",1.57 Cr
1 BHK Apartment,Rashmi Star CityNaigaon East,Naigaon East,Mumbai,500,"25,000",1.25 Cr
1,,Naigaon East,Mumbai,540,"25,000",1.35 Cr
1,,Dahisar East,Mumbai,590,"18,000",1.06 Cr
1 BHK Apartment,Kothari Apeksha ImperialNaigaon East,Naigaon East,Mumbai,630,"25,000",1.57 Cr
1 BHK Apartment,Rashmi Star CityNaigaon East,Naigaon East,Mumbai,500,"25,000",1.25 Cr
2 BHK Apartment,Sai Om Sai SankulTitwala,Titwala,Mumbai,755,"25,000",1.89 Cr
1 BHK Apartment,Sai Om Sai SankulTitwala,Titwala,Mumbai,483,"25,000",1.21 Cr
2 BHK Apartment,Sai Om Sai SankulTitwala,Titwala,Mumbai,715,"25,000",1.79 Cr
2 BHK Apartment,Reputed Builder Shree Mani KrupaMira Road East,Mira Road East,Mumbai,900,"12,000",1.08 Cr
2 BHK Apartment,Runwal AvenueKanjurmarg,Kanjurmarg,Mumbai,571,"25,000",1.43 Cr
1 BHK Apartment,Runwal AvenueKanjurmarg,Kanjurmarg,Mumbai,401,"25,000",1.00 Cr
3 BHK Apartment,Runwal AvenueKanjurmarg,Kanjurmarg,Mumbai,759,"25,000",1.90 Cr
1 BHK Apartment,Wadhwa Shiv ValleyKalyan West,Kalyan West,Mumbai,660,"10,000",66.00 L
2 BHK Apartment,Reputed Builder Seasons ResidencySantacruz West,Santacruz West,Mumbai,1100,"60,000",6.60 Cr
3 BHK Apartment,OSSK Mrunmayi PalaceKalyan West,Kalyan West,Mumbai,1475,"10,000",1.48 Cr
1 BHK Apartment,Raikar New Bomby Safalya CHSAiroli,Airoli,Mumbai,555,"14,000",77.70 L
3 BHK Apartment,Progressive CrownKoper Khairane,Koper Khairane,Mumbai,1540,"25,000",3.85 Cr
3 BHK Apartment,Progressive CrownKoper Khairane,Koper Khairane,Mumbai,1550,"25,000",3.88 Cr
3 BHK Apartment,RS RegencyKoper Khairane,Koper Khairane,Mumbai,1350,"25,000",3.38 Cr
3 BHK Apartment,RS RegencyKoper Khairane,Koper Khairane,Mumbai,1350,"25,000",3.38 Cr
1,,Bhiwandi,Mumbai,365,"6,000",21.90 L
1 BHK Apartment,Navkar Navkar CityNaigaon East,Naigaon East,Mumbai,600,"25,000",1.50 Cr
1,,Kalyan West,Mumbai,750,"10,000",75.00 L
1 BHK Apartment,MS Vrindavan PalmsKalyan West,Kalyan West,Mumbai,680,"10,000",68.00 L
2 BHK Apartment,Ajmera Ajmera Face 4Kalyan West,Kalyan West,Mumbai,999,"10,000",99.90 L
3,,Kalyan West,Mumbai,1256,"10,000",1.26 Cr
2,,Kalyan West,Mumbai,1750,"10,000",1.75 Cr
2,,Kalyan West,Mumbai,950,"10,000",95.00 L
1,,Bhiwandi,Mumbai,530,"6,000",31.80 L
2 BHK Apartment,Puro Shree DeeplaxamiBhandup West,Bhandup West,Mumbai,916,"22,000",2.02 Cr
1 BHK Apartment,Puro Shree DeeplaxamiBhandup West,Bhandup West,Mumbai,916,"22,000",2.02 Cr
1 BHK Apartment,Puro Shree DeeplaxamiBhandup West,Bhandup West,Mumbai,629,"22,000",1.38 Cr
1 BHK Apartment,Puro Shree DeeplaxamiBhandup West,Bhandup West,Mumbai,629,"22,000",1.38 Cr
2 BHK Apartment,Puro Shree DeeplaxamiBhandup West,Bhandup West,Mumbai,916,"22,000",2.02 Cr
1 BHK Apartment,Puro Shree DeeplaxamiBhandup West,Bhandup West,Mumbai,629,"22,000",1.38 Cr
2 BHK Apartment,Puro Shree DeeplaxamiBhandup West,Bhandup West,Mumbai,916,"22,000",2.02 Cr
2 BHK Apartment,Puro Shree DeeplaxamiBhandup West,Bhandup West,Mumbai,916,"22,000",2.02 Cr
1 BHK Apartment,Puro Shree DeeplaxamiBhandup West,Bhandup West,Mumbai,629,"22,000",1.38 Cr
2 BHK Apartment,Puro Shree DeeplaxamiBhandup West,Bhandup West,Mumbai,916,"22,000",2.02 Cr
1 BHK Apartment,Puro Shree DeeplaxamiBhandup West,Bhandup West,Mumbai,629,"22,000",1.38 Cr
2 BHK Apartment,Puro Shree DeeplaxamiBhandup West,Bhandup West,Mumbai,916,"22,000",2.02 Cr
2 BHK Apartment,Puro Shree DeeplaxamiBhandup West,Bhandup West,Mumbai,916,"22,000",2.02 Cr
1 BHK Apartment,Puro Shree DeeplaxamiBhandup West,Bhandup West,Mumbai,600,"22,000",1.32 Cr
2,,Taloje,Mumbai,750,"25,000",1.88 Cr
2 BHK Apartment,Venus Skky City Phase IDombivali,Dombivali,Mumbai,676,"12,000",81.12 L
1 BHK Apartment,DGS Sheetal JyotNala Sopara,Nala Sopara,Mumbai,585,"25,000",1.46 Cr
1 BHK Apartment,Poonam PallazoNala Sopara,Nala Sopara,Mumbai,585,"25,000",1.46 Cr
1 BHK Apartment,SB Sandeep HeightsNala Sopara,Nala Sopara,Mumbai,585,"25,000",1.46 Cr
1 BHK Apartment,Om Sai Cherry Residency D WingNala Sopara,Nala Sopara,Mumbai,630,"25,000",1.57 Cr
1 BHK Apartment,Reputed Builder NavkarNala Sopara,Nala Sopara,Mumbai,600,"25,000",1.50 Cr
1 BHK Apartment,Manibhadra AvenueNala Sopara,Nala Sopara,Mumbai,550,"25,000",1.38 Cr
1 BHK Apartment,Ashok Mohanlal Mehta Avenue 224Nala Sopara,Nala Sopara,Mumbai,550,"25,000",1.38 Cr
1 BHK Apartment,Shakti Western ParkNala Sopara,Nala Sopara,Mumbai,585,"25,000",1.46 Cr
1 BHK Apartment,Navkar City Phase 1 And 2Naigaon East,Naigaon East,Mumbai,600,"25,000",1.50 Cr
1 BHK Apartment,Unicorn Unicorn Global ArenaNaigaon East,Naigaon East,Mumbai,550,"25,000",1.38 Cr
2 BHK Apartment,Reputed Builder Madhav ShrutiKalyan West,Kalyan West,Mumbai,860,"10,000",86.00 L
2,,Koper Khairane,Mumbai,1050,"25,000",2.62 Cr
1 BHK Apartment,Reputed Builder Hill Park TowerJogeshwari West,Jogeshwari West,Mumbai,550,"25,000",1.38 Cr
1,,Jogeshwari West,Mumbai,500,"25,000",1.25 Cr
3 BHK Apartment,Ahuja LamorJogeshwari West,Jogeshwari West,Mumbai,1200,"25,000",3.00 Cr
2 BHK Apartment,Reputed Builder AR Avenue SocietyJogeshwari West,Jogeshwari West,Mumbai,800,"25,000",2.00 Cr
1 BHK Apartment,A Surti Universal CubicalJogeshwari West,Jogeshwari West,Mumbai,530,"25,000",1.32 Cr
1 BHK Apartment,Vision HeightsJogeshwari West,Jogeshwari West,Mumbai,600,"25,000",1.50 Cr
2,,Jogeshwari West,Mumbai,750,"25,000",1.88 Cr
1 BHK Apartment,Ananta Shri Rajendra SrushtiPalghar,Palghar,Mumbai,512,"8,000",40.96 L
1 BHK Apartment,Ananta Shri Rajendra SrushtiPalghar,Palghar,Mumbai,512,"8,000",40.96 L
1,,Dombivali East,Mumbai,420,"12,000",50.40 L
1,,Bhiwandi,Mumbai,420,"6,000",25.20 L
1,,Bhiwandi,Mumbai,515,"6,000",30.90 L
2 BHK Apartment,Shree Laxmi Kailash HomesKalyan West,Kalyan West,Mumbai,690,"10,000",69.00 L
2 BHK Apartment,SS Balaji KrishnaDombivali,Dombivali,Mumbai,912,"12,000",1.09 Cr
1 BHK Apartment,SS Balaji KrishnaDombivali,Dombivali,Mumbai,671,"12,000",80.52 L
1,,Thakurli,Mumbai,645,"25,000",1.61 Cr
2 BHK Apartment,Shree Laxmi Kailash HomesKalyan West,Kalyan West,Mumbai,690,"10,000",69.00 L
1 BHK Apartment,Shree Laxmi Kailash HomesKalyan West,Kalyan West,Mumbai,690,"10,000",69.00 L
1,,Bhiwandi,Mumbai,420,"6,000",25.20 L
1,,Bhiwandi,Mumbai,515,"6,000",30.90 L
3,,Thakurli,Mumbai,1068,"25,000",2.67 Cr
2,,Thakurli,Mumbai,840,"25,000",2.10 Cr
1,,Thakurli,Mumbai,645,"25,000",1.61 Cr
2,,Thakurli,Mumbai,925,"25,000",2.31 Cr
1,,Thakurli,Mumbai,660,"25,000",1.65 Cr
1,,Dombivali East,Mumbai,520,"12,000",62.40 L
1 BHK Apartment,Creative Hari Vijay Lawns Building No 2Dombivali,Dombivali,Mumbai,605,"12,000",72.60 L
1 BHK Apartment,Creative Hari Vijay Lawns Building No 2Dombivali,Dombivali,Mumbai,685,"12,000",82.20 L
2 BHK Apartment,Reputed Builder Regalia Casa BellaUsarghar Gaon,Usarghar Gaon,Mumbai,748,"25,000",1.87 Cr
3 BHK Apartment,Reputed Builder River ViewNilje Gaon,Nilje Gaon,Mumbai,1037,"25,000",2.59 Cr
2,,Bhiwandi,Mumbai,670,"6,000",40.20 L
2 BHK Apartment,Ajay Bhav ResidencyKasheli,Kasheli,Mumbai,730,"25,000",1.82 Cr
2 BHK Apartment,Venus Skky City Phase IDombivali,Dombivali,Mumbai,677,"12,000",81.24 L
2 BHK Apartment,Kishor Vishnu Bhoir Sukur Enclave AThane West,Thane West,Mumbai,1000,"18,000",1.80 Cr
2 BHK Apartment,Reputed Builder AlinaThane West,Thane West,Mumbai,1000,"18,000",1.80 Cr
3 BHK Apartment,Hiranandani CanaryThane West,Thane West,Mumbai,1500,"18,000",2.70 Cr
1 BHK Apartment,Runwal GardensDombivali,Dombivali,Mumbai,500,"12,000",60.00 L
2 BHK Apartment,Lodha Casa BellaDombivali,Dombivali,Mumbai,864,"12,000",1.04 Cr
2 BHK Apartment,Lodha Casa BellaDombivali,Dombivali,Mumbai,747,"12,000",89.64 L
3 BHK Apartment,Lodha Palava Trinity A To CDombivali,Dombivali,Mumbai,1500,"12,000",1.80 Cr
2 BHK Apartment,Lodha Casa Rio GoldDombivali,Dombivali,Mumbai,1360,"12,000",1.63 Cr
3 BHK Apartment,Lodha Casa RioDombivali,Dombivali,Mumbai,1098,"12,000",1.32 Cr
1 BHK Apartment,Lodha Casa Bella GoldDombivali,Dombivali,Mumbai,585,"12,000",70.20 L
3 BHK Apartment,Lodha Casa Bella GoldDombivali,Dombivali,Mumbai,1098,"12,000",1.32 Cr
2 BHK Apartment,Lodha Casa Rio GoldDombivali,Dombivali,Mumbai,909,"12,000",1.09 Cr
2 BHK Apartment,Lodha Casa Bella GoldDombivali,Dombivali,Mumbai,864,"12,000",1.04 Cr
2 BHK Apartment,Lodha Casa Bella GoldDombivali,Dombivali,Mumbai,864,"12,000",1.04 Cr
1 BHK Apartment,Raghav MarvelKurla,Kurla,Mumbai,383,"25,000",95.75 L
1 BHK Apartment,Raghav MarvelKurla,Kurla,Mumbai,454,"25,000",1.14 Cr
2 BHK Apartment,Raghav MarvelKurla,Kurla,Mumbai,629,"25,000",1.57 Cr
2 BHK Apartment,Raghav MarvelKurla,Kurla,Mumbai,458,"25,000",1.15 Cr
2 BHK Apartment,Tharwani Riverdale VistaKalyan West,Kalyan West,Mumbai,1000,"10,000",1.00 Cr
3 BHK Apartment,B and M Millennium AvanishAiroli,Airoli,Mumbai,1500,"14,000",2.10 Cr
2,,Koper Khairane,Mumbai,1110,"25,000",2.77 Cr
2,,Koper Khairane,Mumbai,1125,"25,000",2.81 Cr
1 BHK Apartment,Om Sai LaxmiVikhroli,Vikhroli,Mumbai,630,"28,000",1.76 Cr
1 BHK Apartment,Lodha Codename Crown JewelThane West,Thane West,Mumbai,669,"18,000",1.20 Cr
1,,Koper Khairane,Mumbai,650,"25,000",1.62 Cr
2 BHK Apartment,Lodha Codename PremierDombivali,Dombivali,Mumbai,700,"12,000",84.00 L
2,,Koper Khairane,Mumbai,1000,"25,000",2.50 Cr
2 BHK Apartment,Lodha Casa Rio GoldDombivali,Dombivali,Mumbai,630,"12,000",75.60 L
1 BHK Apartment,Lodha Casa Rio GoldDombivali,Dombivali,Mumbai,648,"12,000",77.76 L
3 BHK Apartment,Lodha Casa BellaDombivali,Dombivali,Mumbai,1098,"12,000",1.32 Cr
2 BHK Apartment,Lodha Casa BellaDombivali,Dombivali,Mumbai,864,"12,000",1.04 Cr
2 BHK Apartment,Ornate RiseBhiwandi,Bhiwandi,Mumbai,900,"6,000",54.00 L
2,,Bhiwandi,Mumbai,785,"6,000",47.10 L
2,,Bhiwandi,Mumbai,760,"6,000",45.60 L
1 BHK Apartment,Agarwal LifestyleVirar,Virar,Mumbai,750,"5,000",37.50 L
1,,Santosh Nagar,Mumbai,650,"25,000",1.62 Cr
1,,Vasai east,Mumbai,650,"7,000",45.50 L
1 BHK Apartment,Mayfair Virar Gardens Phase 2Virar,Virar,Mumbai,600,"5,000",30.00 L
1,,Bhiwandi,Mumbai,545,"6,000",32.70 L
1 BHK Apartment,Prime Amil Brothers CHSLJogeshwari West,Jogeshwari West,Mumbai,500,"25,000",1.25 Cr
2 BHK Apartment,Reputed Builder Sai Ganga ApartmentAndheri West,Andheri West,Mumbai,800,"35,000",2.80 Cr
1 BHK Apartment,Lodha Codename PremierDombivali,Dombivali,Mumbai,600,"12,000",72.00 L
2 BHK Apartment,Runwal GardensDombivali,Dombivali,Mumbai,1000,"12,000",1.20 Cr
3 BHK Apartment,Reputed Builder Balaji GardenKoper Khairane,Koper Khairane,Mumbai,1500,"25,000",3.75 Cr
1 BHK Apartment,Runwal GardensDombivali,Dombivali,Mumbai,528,"12,000",63.36 L
1,,Bhiwandi,Mumbai,585,"6,000",35.10 L
1,,Bhiwandi,Mumbai,560,"6,000",33.60 L
1,,Bhiwandi,Mumbai,550,"6,000",33.00 L
1,,Bhiwandi,Mumbai,410,"6,000",24.60 L
2 BHK Apartment,Reputed Builder Mohan PrideKalyan West,Kalyan West,Mumbai,1060,"10,000",1.06 Cr
2 BHK Apartment,Honest Indralok Phase IKalyan West,Kalyan West,Mumbai,1010,"10,000",1.01 Cr
1 BHK Apartment,Ananta Shri Rajendra SrushtiPalghar,Palghar,Mumbai,443,"8,000",35.44 L
1 BHK Apartment,Ananta Shri Rajendra SrushtiPalghar,Palghar,Mumbai,443,"8,000",35.44 L
2 BHK Apartment,Srishti OasisBhandup West,Bhandup West,Mumbai,930,"22,000",2.05 Cr
2 BHK Apartment,Srishti OasisBhandup West,Bhandup West,Mumbai,700,"22,000",1.54 Cr
2 BHK Apartment,Nirvaana PearlChembur,Chembur,Mumbai,1190,"30,000",3.57 Cr
2 BHK Apartment,Nirvaana PearlChembur,Chembur,Mumbai,877,"30,000",2.63 Cr
2 BHK Apartment,Haware IPSAGhatkopar East,Ghatkopar East,Mumbai,650,"28,000",1.82 Cr
1,,Vashi,Mumbai,650,"16,000",1.04 Cr
2 BHK Apartment,Rupvakula Prime VistaGhatkopar East,Ghatkopar East,Mumbai,700,"28,000",1.96 Cr
1,,Vashi,Mumbai,650,"16,000",1.04 Cr
2 BHK Apartment,Rupvakula Prime VistaGhatkopar East,Ghatkopar East,Mumbai,700,"28,000",1.96 Cr
2 BHK Apartment,Haware IPSAGhatkopar East,Ghatkopar East,Mumbai,920,"28,000",2.58 Cr
1 BHK Apartment,Rupvakula Prime VistaGhatkopar East,Ghatkopar East,Mumbai,600,"28,000",1.68 Cr
2,,Kalyan West,Mumbai,830,"10,000",83.00 L
1,,Kalyan West,Mumbai,590,"10,000",59.00 L
3,,Beturkar Pada,Mumbai,1256,"25,000",3.14 Cr
1,,Kalyan West,Mumbai,700,"10,000",70.00 L
2 BHK Apartment,Reputed Builder Vasant ValleyKalyan West,Kalyan West,Mumbai,1126,"10,000",1.13 Cr
1 BHK Apartment,Mahavir Patel ManzilUlwe,Ulwe,Mumbai,675,"9,000",60.75 L
1,,Ulwe,Mumbai,665,"9,000",59.85 L
1,,Ulwe,Mumbai,695,"9,000",62.55 L
1,,Ulwe,Mumbai,630,"9,000",56.70 L
2 BHK Apartment,Runwal My CityDombivali,Dombivali,Mumbai,864,"12,000",1.04 Cr
3 BHK Apartment,Lodha Codename Crown JewelThane West,Thane West,Mumbai,1432,"18,000",2.58 Cr
1 BHK Apartment,Lodha Casa RioDombivali,Dombivali,Mumbai,594,"12,000",71.28 L
1 BHK Apartment,Runwal My City Phase II Cluster 05 Part IDombivali,Dombivali,Mumbai,560,"12,000",67.20 L
3 BHK Apartment,Runwal GardensDombivali,Dombivali,Mumbai,1200,"12,000",1.44 Cr
2 BHK Apartment,Runwal GardensDombivali,Dombivali,Mumbai,900,"12,000",1.08 Cr
2 BHK Apartment,Runwal GardensDombivali,Dombivali,Mumbai,800,"12,000",96.00 L
3 BHK Apartment,Lodha Codename Crown JewelThane West,Thane West,Mumbai,1432,"18,000",2.58 Cr
3 BHK Apartment,Hiranandani Rodas Enclave PhillipaThane West,Thane West,Mumbai,1850,"18,000",3.33 Cr
1 BHK Apartment,Hiranandani FedoraThane West,Thane West,Mumbai,650,"18,000",1.17 Cr
3 BHK Apartment,Reputed Builder IndrapuramVasai east,Vasai east,Mumbai,1250,"7,000",87.50 L
3 BHK Apartment,Neelam Senroofs Phase IIINahur East,Nahur East,Mumbai,1086,"25,000",2.71 Cr
2 BHK Apartment,Neelam Senroofs Phase IIINahur East,Nahur East,Mumbai,828,"25,000",2.07 Cr
2 BHK Apartment,Neelam Senroofs Phase IIINahur East,Nahur East,Mumbai,834,"25,000",2.08 Cr
3 BHK Apartment,Neelam Senroofs Phase IIINahur East,Nahur East,Mumbai,1162,"25,000",2.90 Cr
2 BHK Apartment,Neelam Senroofs Phase IIINahur East,Nahur East,Mumbai,844,"25,000",2.11 Cr
2 BHK Apartment,Neelam Senroofs Phase IIINahur East,Nahur East,Mumbai,838,"25,000",2.10 Cr
2 BHK Apartment,Reputed Builder Vasant ValleyKalyan West,Kalyan West,Mumbai,1120,"10,000",1.12 Cr
3 BHK Apartment,Reputed Builder Vasant ValleyKalyan West,Kalyan West,Mumbai,1550,"10,000",1.55 Cr
1 BHK Apartment,Reputed Builder Alankar CHSAiroli,Airoli,Mumbai,650,"14,000",91.00 L
2 BHK Apartment,Lodha CrownThane West,Thane West,Mumbai,795,"18,000",1.43 Cr
1 BHK Apartment,Godrej AscendThane East,Thane East,Mumbai,589,"16,000",94.24 L
1 BHK Apartment,Lodha CrownThane West,Thane West,Mumbai,483,"18,000",86.94 L
2 BHK Apartment,Lodha Codename Crown JewelThane West,Thane West,Mumbai,927,"18,000",1.67 Cr
1,,Dombivali East,Mumbai,595,"12,000",71.40 L
2,,Vichumbe,Mumbai,1000,"25,000",2.50 Cr
3,,Agripada,Mumbai,3000,"25,000",7.50 Cr
1 BHK Apartment,Deep Sagar Diva AntiliaRasayani,Rasayani,Mumbai,690,"7,000",48.30 L
2 BHK Apartment,Deep Sagar Diva AntiliaRasayani,Rasayani,Mumbai,950,"7,000",66.50 L
1 BHK Apartment,Deep Sagar Diva AntiliaRasayani,Rasayani,Mumbai,550,"7,000",38.50 L
1 BHK Apartment,Cidco FAM CHSKoper Khairane,Koper Khairane,Mumbai,650,"25,000",1.62 Cr
1 BHK Apartment,Lodha Codename PremierDombivali,Dombivali,Mumbai,585,"12,000",70.20 L
1 BHK Apartment,Mahalaxmi Nagar Building No 4Vasai,Vasai,Mumbai,650,"8,000",52.00 L
1 BHK Apartment,Mahalaxmi Nagar Building No 4Vasai,Vasai,Mumbai,650,"8,000",52.00 L
1 BHK Apartment,JSB Nakshatra GreensNaigaon East,Naigaon East,Mumbai,560,"25,000",1.40 Cr
1 BHK Apartment,Unicorn Unicorn Global ArenaNaigaon East,Naigaon East,Mumbai,500,"25,000",1.25 Cr
1,,Dombivali East,Mumbai,300,"12,000",36.00 L
1,,Bhiwandi,Mumbai,605,"6,000",36.30 L
1,,Bhiwandi,Mumbai,530,"6,000",31.80 L
1 RK Studio Apartment,Reputed Builder Sarkar ResidencyByculla,Byculla,Mumbai,396,"25,000",99.00 L
1 BHK Apartment,Lodha New Cuffe Parade Lodha AltiaWadala,Wadala,Mumbai,848,"35,000",2.97 Cr
1,,Bhuleshwar,Mumbai,577,"25,000",1.44 Cr
2 BHK Apartment,NDW Proxima ResidencesAndheri East,Andheri East,Mumbai,1292,"28,000",3.62 Cr
2 BHK Apartment,Lokhandwala GalaxyAgripada,Agripada,Mumbai,1650,"25,000",4.12 Cr
3 BHK Apartment,Arok Kinjal ResidencyAgripada,Agripada,Mumbai,2062,"25,000",5.16 Cr
2 BHK Apartment,Reputed Builder Mazgaon TowerByculla,Byculla,Mumbai,990,"25,000",2.48 Cr
1 BHK Apartment,NSSR AR RayyanByculla,Byculla,Mumbai,750,"25,000",1.88 Cr
2,,Byculla,Mumbai,1485,"25,000",3.71 Cr
2,,Agripada,Mumbai,1080,"25,000",2.70 Cr
3 BHK Apartment,Nathani ResidencyAgripada,Agripada,Mumbai,1716,"25,000",4.29 Cr
1,,Mazgaon,Mumbai,627,"25,000",1.57 Cr
2,,Byculla,Mumbai,1485,"25,000",3.71 Cr
2,,Agripada,Mumbai,1100,"25,000",2.75 Cr
2 BHK Apartment,Shaad ResidencyByculla,Byculla,Mumbai,1050,"25,000",2.62 Cr
3 BHK Apartment,Ajmera I LandWadala,Wadala,Mumbai,2740,"35,000",9.59 Cr
1 BHK Apartment,Kapil BayviewByculla,Byculla,Mumbai,650,"25,000",1.62 Cr
2 BHK Apartment,Kapil BayviewByculla,Byculla,Mumbai,750,"25,000",1.88 Cr
1,,Byculla,Mumbai,665,"25,000",1.66 Cr
2 BHK Apartment,Reputed Builder Aqua GemMazgaon,Mazgaon,Mumbai,845,"25,000",2.11 Cr
1 BHK Apartment,Reputed Builder Ajay ApartmentMalad West,Malad West,Mumbai,594,"22,000",1.31 Cr
2,,Mazgaon,Mumbai,1142,"25,000",2.85 Cr
2,,Mazgaon,Mumbai,1056,"25,000",2.64 Cr
1,,Byculla,Mumbai,750,"25,000",1.88 Cr
1 BHK Apartment,Reputed Builder Sarkar ResidencyByculla,Byculla,Mumbai,783,"25,000",1.96 Cr
2,,Wadala,Mumbai,1640,"35,000",5.74 Cr
3 BHK Apartment,K Raheja VivareaAgripada,Agripada,Mumbai,3646,"25,000",9.12 Cr
1 BHK Apartment,Seven Tides Fortune GardensByculla,Byculla,Mumbai,742,"25,000",1.85 Cr
2 BHK Apartment,Amar Vinay HeritageMira Road East,Mira Road East,Mumbai,1070,"12,000",1.28 Cr
1 BHK Apartment,Amar Vinay HeritageMira Road East,Mira Road East,Mumbai,700,"12,000",84.00 L
1 BHK Apartment,Amar Vinay HeritageMira Road East,Mira Road East,Mumbai,700,"12,000",84.00 L
2 BHK Apartment,Shree Sai Shweta HeightsMira Road East,Mira Road East,Mumbai,1200,"12,000",1.44 Cr
2 BHK Apartment,Reputed Builder Sundarvan ApartmentRabale,Rabale,Mumbai,950,"25,000",2.38 Cr
2 BHK Apartment,Om Sai LaxmiVikhroli,Vikhroli,Mumbai,800,"28,000",2.24 Cr
1 BHK Apartment,Runwal Codename EnchantedThane West,Thane West,Mumbai,450,"18,000",81.00 L
2 BHK Apartment,Godrej AscendThane East,Thane East,Mumbai,700,"16,000",1.12 Cr
3 BHK Apartment,Sandu SanskarGhatkopar West,Ghatkopar West,Mumbai,1300,"32,000",4.16 Cr
2 BHK Apartment,Sandu SanskarGhatkopar West,Ghatkopar West,Mumbai,990,"32,000",3.17 Cr
R,,Shir Gaon,Mumbai,3250,"25,000",8.12 Cr
R,,Sarde,Mumbai,1089,"25,000",2.72 Cr
2 BHK Apartment,Lodha Codename Crown JewelThane West,Thane West,Mumbai,1083,"18,000",1.95 Cr
2 BHK Apartment,Lodha Codename Crown JewelThane West,Thane West,Mumbai,927,"18,000",1.67 Cr
1 BHK Apartment,Lodha Amara 3 Bhk With DeckThane West,Thane West,Mumbai,669,"18,000",1.20 Cr
2,,Taloje,Mumbai,1200,"25,000",3.00 Cr
2,,Thane West,Mumbai,1050,"18,000",1.89 Cr
2 BHK Apartment,Regency Regency HeightsThane West,Thane West,Mumbai,1200,"18,000",2.16 Cr
3 BHK Apartment,Hiranandani Rodas Enclave AnnoraThane West,Thane West,Mumbai,1835,"18,000",3.30 Cr
3 BHK Apartment,Regency Regency HeightsThane West,Thane West,Mumbai,1600,"18,000",2.88 Cr
4 BHK Apartment,Sheth AvalonThane West,Thane West,Mumbai,2600,"18,000",4.68 Cr
3 BHK Apartment,Soham Tropical LagoonThane West,Thane West,Mumbai,2000,"18,000",3.60 Cr
2 BHK Apartment,Reputed Builder BroadwayThane West,Thane West,Mumbai,900,"18,000",1.62 Cr
3 BHK Apartment,Hiranandani NorthsideThane West,Thane West,Mumbai,1800,"18,000",3.24 Cr
2 BHK Apartment,Regency Regency HeightsThane West,Thane West,Mumbai,1200,"18,000",2.16 Cr
2 BHK Apartment,Hiranandani BarcaThane West,Thane West,Mumbai,1000,"18,000",1.80 Cr
1 BHK Apartment,Hiranandani LaviniaThane West,Thane West,Mumbai,650,"18,000",1.17 Cr
1 BHK Apartment,Cidco Shanti ApartmentAiroli,Airoli,Mumbai,530,"14,000",74.20 L
1 BHK Apartment,Reputed Builder satyam villaRabale,Rabale,Mumbai,555,"25,000",1.39 Cr
2 BHK Apartment,Reputed Builder Nav OmkarAiroli,Airoli,Mumbai,950,"14,000",1.33 Cr
2,,Airoli,Mumbai,950,"14,000",1.33 Cr
2 BHK Apartment,Reputed Builder AkshayAiroli,Airoli,Mumbai,1000,"14,000",1.40 Cr
2,,Airoli,Mumbai,950,"14,000",1.33 Cr
2,,Airoli,Mumbai,950,"14,000",1.33 Cr
2 BHK Apartment,SK Imperial HeightsMira Road East,Mira Road East,Mumbai,573,"12,000",68.76 L
1 BHK Apartment,SK Imperial HeightsMira Road East,Mira Road East,Mumbai,396,"12,000",47.52 L
2 BHK Apartment,SK Imperial HeightsMira Road East,Mira Road East,Mumbai,485,"12,000",58.20 L
1 BHK Apartment,Satya Pine ViewBadlapur West,Badlapur West,Mumbai,350,"7,000",24.50 L
1 BHK Apartment,Satya Pine ViewBadlapur West,Badlapur West,Mumbai,360,"7,000",25.20 L
2 BHK Apartment,Satya Pine ViewBadlapur West,Badlapur West,Mumbai,501,"7,000",35.07 L
1 BHK Apartment,Satya Pine ViewBadlapur West,Badlapur West,Mumbai,302,"7,000",21.14 L
2 BHK Apartment,Satya Pine ViewBadlapur West,Badlapur West,Mumbai,557,"7,000",38.99 L
1 BHK Apartment,Satya Pine ViewBadlapur West,Badlapur West,Mumbai,304,"7,000",21.28 L
1 BHK Apartment,Satya Pine ViewBadlapur West,Badlapur West,Mumbai,366,"7,000",25.62 L
2 BHK Apartment,Satya Pine ViewBadlapur West,Badlapur West,Mumbai,499,"7,000",34.93 L
2,,Bhiwandi,Mumbai,850,"6,000",51.00 L
2 BHK Apartment,Kakad Paradise Phase 2Mira Road East,Mira Road East,Mumbai,1020,"12,000",1.22 Cr
1 BHK Apartment,Kakad Paradise Phase 2Mira Road East,Mira Road East,Mumbai,700,"12,000",84.00 L
2 BHK Apartment,Vishal Ajmera ArhamMalad West,Malad West,Mumbai,735,"22,000",1.62 Cr
2 BHK Apartment,Vishal Ajmera ArhamMalad West,Malad West,Mumbai,735,"22,000",1.62 Cr
2 BHK Apartment,Vishal Ajmera ArhamMalad West,Malad West,Mumbai,749,"22,000",1.65 Cr
2 BHK Apartment,Vishal Ajmera ArhamMalad West,Malad West,Mumbai,749,"22,000",1.65 Cr
3 BHK Apartment,Vishal Ajmera ArhamMalad West,Malad West,Mumbai,1037,"22,000",2.28 Cr
3 BHK Apartment,Vishal Ajmera ArhamMalad West,Malad West,Mumbai,1037,"22,000",2.28 Cr
1,,Bhiwandi,Mumbai,375,"6,000",22.50 L
2 BHK Apartment,Nandkumar Janki LegacyMira Road East,Mira Road East,Mumbai,1050,"12,000",1.26 Cr
1 BHK Apartment,Nandkumar Janki LegacyMira Road East,Mira Road East,Mumbai,665,"12,000",79.80 L
3 BHK Apartment,Kalpataru ImmensaThane West,Thane West,Mumbai,1150,"18,000",2.07 Cr
2 BHK Apartment,Kalpataru ImmensaThane West,Thane West,Mumbai,808,"18,000",1.45 Cr
1 BHK Apartment,Kalpataru ImmensaThane West,Thane West,Mumbai,450,"18,000",81.00 L
4 BHK Apartment,Kalpataru ImmensaThane West,Thane West,Mumbai,1753,"18,000",3.16 Cr
3 BHK Apartment,Kalpataru ImmensaThane West,Thane West,Mumbai,1324,"18,000",2.38 Cr
2 BHK Apartment,Kalpataru ImmensaThane West,Thane West,Mumbai,598,"18,000",1.08 Cr
3 BHK Apartment,Kalpataru ImmensaThane West,Thane West,Mumbai,991,"18,000",1.78 Cr
2 BHK Apartment,Kalpataru ImmensaThane West,Thane West,Mumbai,663,"18,000",1.19 Cr
2 BHK Apartment,Kalpataru ImmensaThane West,Thane West,Mumbai,761,"18,000",1.37 Cr
3 BHK Apartment,Kalpataru ImmensaThane West,Thane West,Mumbai,944,"18,000",1.70 Cr
2 BHK Apartment,Kalpataru ImmensaThane West,Thane West,Mumbai,632,"18,000",1.14 Cr
2,,Dombivali East,Mumbai,850,"12,000",1.02 Cr
1 BHK Apartment,Lodha Casa Bella GoldDombivali,Dombivali,Mumbai,586,"12,000",70.32 L
1 BHK Apartment,Lodha Casa Rio GoldDombivali,Dombivali,Mumbai,598,"12,000",71.76 L
2 BHK Apartment,Lodha Casa Bella GoldDombivali,Dombivali,Mumbai,918,"12,000",1.10 Cr
3 BHK Apartment,Kanakia Future City EPowai,Powai,Mumbai,1246,"38,000",4.73 Cr
2 BHK Apartment,Kanakia Future City EPowai,Powai,Mumbai,622,"38,000",2.36 Cr
2 BHK Apartment,Kanakia Future City EPowai,Powai,Mumbai,627,"38,000",2.38 Cr
3 BHK Apartment,Kanakia Future City EPowai,Powai,Mumbai,1004,"38,000",3.82 Cr
2 BHK Apartment,Wadhwa Atmosphere O2Mulund West,Mulund West,Mumbai,572,"25,000",1.43 Cr
2 BHK Apartment,Wadhwa Atmosphere O2Mulund West,Mulund West,Mumbai,623,"25,000",1.56 Cr
3 BHK Apartment,Wadhwa Atmosphere O2Mulund West,Mulund West,Mumbai,975,"25,000",2.44 Cr
2 BHK Apartment,Wadhwa Atmosphere O2Mulund West,Mulund West,Mumbai,753,"25,000",1.88 Cr
2 BHK Apartment,Swagat HeightsMira Road East,Mira Road East,Mumbai,950,"12,000",1.14 Cr
1,,Mira Road East,Mumbai,760,"12,000",91.20 L
1 BHK Apartment,Shree Savaliya AvenueMira Road East,Mira Road East,Mumbai,740,"12,000",88.80 L
2 BHK Apartment,RNA NG Ocean PearlMira Road East,Mira Road East,Mumbai,900,"12,000",1.08 Cr
3,,Kharghar,Mumbai,1815,"12,000",2.18 Cr
2 BHK Apartment,Ashwin Sheth Group Vasant OscarMulund West,Mulund West,Mumbai,950,"25,000",2.38 Cr
2,,Kharghar,Mumbai,1275,"12,000",1.53 Cr
2 BHK Apartment,Today MangalamPanvel,Panvel,Mumbai,875,"10,000",87.50 L
1 BHK Apartment,Today MangalamPanvel,Panvel,Mumbai,579,"10,000",57.90 L
2 BHK Apartment,Lodha Casa Bella GoldDombivali,Dombivali,Mumbai,864,"12,000",1.04 Cr
3 BHK Apartment,Lodha Casa RioDombivali,Dombivali,Mumbai,1098,"12,000",1.32 Cr
1 BHK Apartment,Lodha Casa RioDombivali,Dombivali,Mumbai,594,"12,000",71.28 L
2 BHK Apartment,Lodha Casa Rio GoldDombivali,Dombivali,Mumbai,909,"12,000",1.09 Cr
1 BHK Apartment,Venus Skky City Phase IDombivali,Dombivali,Mumbai,501,"12,000",60.12 L
1,,Dombivali East,Mumbai,380,"12,000",45.60 L
1,,Dombivali East,Mumbai,365,"12,000",43.80 L
1,,Dombivali East,Mumbai,530,"12,000",63.60 L
1,,Dombivali East,Mumbai,520,"12,000",62.40 L
1,,Dombivali East,Mumbai,340,"12,000",40.80 L
1 BHK Apartment,Gaondevi HeightsDombivali,Dombivali,Mumbai,510,"12,000",61.20 L
1,,Dombivali East,Mumbai,365,"12,000",43.80 L
1,,Dombivali East,Mumbai,530,"12,000",63.60 L
1,,Dombivali East,Mumbai,520,"12,000",62.40 L
1,,Dombivali East,Mumbai,340,"12,000",40.80 L
1 BHK Apartment,Mayfair Virar Gardens Phase 2Virar,Virar,Mumbai,890,"5,000",44.50 L
1 BHK Apartment,Mayfair Virar Gardens Phase 2Virar,Virar,Mumbai,560,"5,000",28.00 L
1 BHK Apartment,Vinay Unique ResidencyVirar,Virar,Mumbai,580,"5,000",29.00 L
1 BHK Apartment,Vinay Unique ResidencyVirar,Virar,Mumbai,590,"5,000",29.50 L
1 BHK Apartment,Runwal BlissKanjurmarg,Kanjurmarg,Mumbai,552,"25,000",1.38 Cr
1 BHK Apartment,SKD Pinnacolo NXMira Road East,Mira Road East,Mumbai,713,"12,000",85.56 L
2 BHK Apartment,Raj AkshayMira Road East,Mira Road East,Mumbai,1071,"12,000",1.29 Cr
2 BHK Apartment,Strawberry OnyxMira Road East,Mira Road East,Mumbai,995,"12,000",1.19 Cr
1 BHK Apartment,Unique EstateMira Road East,Mira Road East,Mumbai,740,"12,000",88.80 L
2 BHK Apartment,Raj AkshayMira Road East,Mira Road East,Mumbai,1060,"12,000",1.27 Cr
1 BHK Apartment,JK IRISMira Road East,Mira Road East,Mumbai,525,"12,000",63.00 L
1 BHK Apartment,JP NorthMira Road East,Mira Road East,Mumbai,720,"12,000",86.40 L
1 BHK Apartment,Akshay ParadiseChembur,Chembur,Mumbai,630,"30,000",1.89 Cr
2 BHK Apartment,Vinay Unique Avenue 210Nala Sopara,Nala Sopara,Mumbai,755,"25,000",1.89 Cr
1 BHK Apartment,Vinay Unique Avenue 210Nala Sopara,Nala Sopara,Mumbai,460,"25,000",1.15 Cr
1 BHK Apartment,Vinay Unique Avenue 210Nala Sopara,Nala Sopara,Mumbai,450,"25,000",1.12 Cr
1,,Virar West,Mumbai,297,"5,000",14.85 L
1 BHK Apartment,Uniquepoonam Sky City Phase INala Sopara,Nala Sopara,Mumbai,450,"25,000",1.12 Cr
3,,Dombivali East,Mumbai,2115,"12,000",2.54 Cr
1 BHK Apartment,Strawberry OnyxMira Road East,Mira Road East,Mumbai,715,"12,000",85.80 L
2 BHK Apartment,JP North ElaraMira Road East,Mira Road East,Mumbai,972,"12,000",1.17 Cr
1 BHK Apartment,Raunak CityKalyan West,Kalyan West,Mumbai,607,"10,000",60.70 L
3 BHK Apartment,Hiranandani TribecaThane West,Thane West,Mumbai,1850,"18,000",3.33 Cr
2 BHK Apartment,Reputed Builder Geeta ArcadeAiroli,Airoli,Mumbai,950,"14,000",1.33 Cr
2 BHK Apartment,Reputed Builder UniqueAiroli,Airoli,Mumbai,1000,"14,000",1.40 Cr
1,,Airoli,Mumbai,560,"14,000",78.40 L
1 BHK Apartment,Raikar Yashodeep HeightAiroli,Airoli,Mumbai,670,"14,000",93.80 L
2 BHK Apartment,Reputed Builder Palm SpringsAiroli,Airoli,Mumbai,950,"14,000",1.33 Cr
2 BHK Apartment,Sunteck Signia WaterfrontAiroli,Airoli,Mumbai,719,"14,000",1.01 Cr
3 BHK Apartment,Sunteck Signia WaterfrontAiroli,Airoli,Mumbai,1100,"14,000",1.54 Cr
2,,Airoli,Mumbai,580,"14,000",81.20 L
1,,Airoli,Mumbai,575,"14,000",80.50 L
1,,Airoli,Mumbai,555,"14,000",77.70 L
1,,Airoli,Mumbai,555,"14,000",77.70 L
1 BHK Apartment,Reputed Builder Palm SpringsAiroli,Airoli,Mumbai,580,"14,000",81.20 L
2,,Airoli,Mumbai,950,"14,000",1.33 Cr
1 BHK Apartment,Prathmesh Narmada CHSAiroli,Airoli,Mumbai,555,"14,000",77.70 L
1,,Airoli,Mumbai,555,"14,000",77.70 L
2,,Airoli,Mumbai,850,"14,000",1.19 Cr
2 BHK Apartment,Reputed Builder Geeta ArcadeAiroli,Airoli,Mumbai,980,"14,000",1.37 Cr
2 BHK Apartment,Reputed Builder Shivshankar PlazaAiroli,Airoli,Mumbai,950,"14,000",1.33 Cr
2 BHK Apartment,Sunteck Signia WaterfrontAiroli,Airoli,Mumbai,900,"14,000",1.26 Cr
1,,Airoli,Mumbai,620,"14,000",86.80 L
1 BHK Apartment,Parth LakefrontAiroli,Airoli,Mumbai,555,"14,000",77.70 L
R,,Sarde,Mumbai,1089,"25,000",2.72 Cr
R,,Sarde,Mumbai,1089,"25,000",2.72 Cr
R,,Belondakhar,Mumbai,1089,"25,000",2.72 Cr
1 BHK Apartment,Regency AnantamDombivali,Dombivali,Mumbai,700,"12,000",84.00 L
1 BHK Apartment,Lodha Casa RioDombivali,Dombivali,Mumbai,594,"12,000",71.28 L
3 BHK Apartment,Lodha Lodha Palava DowntownDombivali,Dombivali,Mumbai,900,"12,000",1.08 Cr
2 BHK Apartment,Regency AnantamDombivali,Dombivali,Mumbai,1000,"12,000",1.20 Cr
2 BHK Apartment,Vaibhavlaxmi Central ParkVikhroli,Vikhroli,Mumbai,945,"28,000",2.65 Cr
1 BHK Apartment,Suraj VitalisMahim,Mahim,Mumbai,445,"48,000",2.14 Cr
1,,Dombivali East,Mumbai,535,"12,000",64.20 L
1,,Bhiwandi,Mumbai,365,"6,000",21.90 L
2,,Chembur,Mumbai,1000,"30,000",3.00 Cr
2 BHK Apartment,Reputed Builder N G Royal ParkKanjurmarg East,Kanjurmarg East,Mumbai,1000,"25,000",2.50 Cr
3 BHK Apartment,Vraj TiaraWorli,Worli,Mumbai,1800,"80,000",14.40 Cr
2 BHK Apartment,Drushti SapphireGhatkopar East,Ghatkopar East,Mumbai,850,"28,000",2.38 Cr
2,,Chembur,Mumbai,1080,"30,000",3.24 Cr
2,,Chembur,Mumbai,700,"30,000",2.10 Cr
3 BHK Apartment,Vraj TiaraWorli,Worli,Mumbai,1500,"80,000",12.00 Cr
1 BHK Apartment,JSB Sai Nakshatra TrridentVirar,Virar,Mumbai,450,"5,000",22.50 L
1 BHK Apartment,Vinay Unique Avenue 210Nala Sopara,Nala Sopara,Mumbai,540,"25,000",1.35 Cr
2 BHK Apartment,Vinay Unique Avenue 210Nala Sopara,Nala Sopara,Mumbai,755,"25,000",1.89 Cr
1 BHK Apartment,Vinay Unique Avenue 210Nala Sopara,Nala Sopara,Mumbai,460,"25,000",1.15 Cr
1 BHK Apartment,Vinay Unique Avenue 210Nala Sopara,Nala Sopara,Mumbai,450,"25,000",1.12 Cr
2 BHK Apartment,Bachraj LifespaceVirar,Virar,Mumbai,890,"5,000",44.50 L
1 BHK Apartment,Bachraj LifespaceVirar,Virar,Mumbai,710,"5,000",35.50 L
1 BHK Apartment,Bachraj LifespaceVirar,Virar,Mumbai,710,"5,000",35.50 L
2 BHK Apartment,Bachraj LifespaceVirar,Virar,Mumbai,890,"5,000",44.50 L
1 BHK Apartment,Bachraj LifespaceVirar,Virar,Mumbai,750,"5,000",37.50 L
1 BHK Apartment,Reputed Builder Shripal Shanti ComplexVirar,Virar,Mumbai,750,"5,000",37.50 L
1 BHK Apartment,Reputed Builder Shripal Shanti ComplexVirar,Virar,Mumbai,750,"5,000",37.50 L
2 BHK Apartment,Reputed Builder Shripal Shanti ComplexVirar,Virar,Mumbai,1074,"5,000",53.70 L
2 BHK Apartment,Reputed Builder Shripal Shanti ComplexVirar,Virar,Mumbai,1074,"5,000",53.70 L
1 BHK Apartment,Bachraj LifespaceVirar,Virar,Mumbai,710,"5,000",35.50 L
2 BHK Apartment,Bachraj LifespaceVirar,Virar,Mumbai,890,"5,000",44.50 L
1 BHK Apartment,Bachraj LifespaceVirar,Virar,Mumbai,750,"5,000",37.50 L
1 BHK Apartment,Reputed Builder Shripal Shanti ComplexVirar,Virar,Mumbai,750,"5,000",37.50 L
1 BHK Apartment,Reputed Builder Shripal Shanti ComplexVirar,Virar,Mumbai,750,"5,000",37.50 L
2 BHK Apartment,Reputed Builder Shripal Shanti ComplexVirar,Virar,Mumbai,1074,"5,000",53.70 L
2 BHK Apartment,Reputed Builder Shripal Shanti ComplexVirar,Virar,Mumbai,1074,"5,000",53.70 L
2 BHK Apartment,Reputed Builder Shripal Shanti ComplexVirar,Virar,Mumbai,990,"5,000",49.50 L
2 BHK Apartment,Reputed Builder Shripal Shanti ComplexVirar,Virar,Mumbai,990,"5,000",49.50 L
1 BHK Apartment,Reputed Builder Shripal Shanti ComplexVirar,Virar,Mumbai,710,"5,000",35.50 L
1 BHK Apartment,Reputed Builder Shripal Shanti ComplexVirar,Virar,Mumbai,710,"5,000",35.50 L
2 BHK Apartment,Romell EmpressBorivali West,Borivali West,Mumbai,1025,"18,000",1.84 Cr
2 BHK Apartment,Romell EmpressBorivali West,Borivali West,Mumbai,1025,"18,000",1.84 Cr
2 BHK Apartment,Romell EmpressBorivali West,Borivali West,Mumbai,1025,"18,000",1.84 Cr
2 BHK Apartment,Romell EmpressBorivali West,Borivali West,Mumbai,1025,"18,000",1.84 Cr
2 BHK Apartment,Romell EmpressBorivali West,Borivali West,Mumbai,1025,"18,000",1.84 Cr
3 BHK Apartment,Arkade CrownBorivali West,Borivali West,Mumbai,1215,"18,000",2.19 Cr
3 BHK Apartment,Arkade CrownBorivali West,Borivali West,Mumbai,1215,"18,000",2.19 Cr
3 BHK Apartment,Arkade CrownBorivali West,Borivali West,Mumbai,1215,"18,000",2.19 Cr
3 BHK Apartment,Arkade CrownBorivali West,Borivali West,Mumbai,1215,"18,000",2.19 Cr
2 BHK Apartment,Arkade CrownBorivali West,Borivali West,Mumbai,1095,"18,000",1.97 Cr
1 BHK Apartment,Arkade CrownBorivali West,Borivali West,Mumbai,715,"18,000",1.29 Cr
1 BHK Apartment,Arkade CrownBorivali West,Borivali West,Mumbai,715,"18,000",1.29 Cr
1 BHK Apartment,Arkade CrownBorivali West,Borivali West,Mumbai,715,"18,000",1.29 Cr
1 BHK Apartment,Arkade CrownBorivali West,Borivali West,Mumbai,715,"18,000",1.29 Cr
3 BHK Apartment,Arkade CrownBorivali West,Borivali West,Mumbai,1215,"18,000",2.19 Cr
3 BHK Apartment,Arkade CrownBorivali West,Borivali West,Mumbai,1215,"18,000",2.19 Cr
1 BHK Apartment,Shapoorji Pallonji Joyville VirarVirar,Virar,Mumbai,595,"5,000",29.75 L
2 BHK Apartment,Bachraj LifespaceVirar,Virar,Mumbai,985,"5,000",49.25 L
2 BHK Apartment,Bachraj LifespaceVirar,Virar,Mumbai,985,"5,000",49.25 L
1 BHK Apartment,Bachraj LifespaceVirar,Virar,Mumbai,750,"5,000",37.50 L
1 BHK Apartment,Bachraj LifespaceVirar,Virar,Mumbai,690,"5,000",34.50 L
1 BHK Apartment,Bachraj LifespaceVirar,Virar,Mumbai,690,"5,000",34.50 L
2 BHK Apartment,Shapoorji Pallonji Joyville VirarVirar,Virar,Mumbai,1085,"5,000",54.25 L
2 BHK Apartment,Shapoorji Pallonji Joyville VirarVirar,Virar,Mumbai,1075,"5,000",53.75 L
2 BHK Apartment,Shapoorji Pallonji Joyville VirarVirar,Virar,Mumbai,985,"5,000",49.25 L
1 BHK Apartment,Shapoorji Pallonji Joyville VirarVirar,Virar,Mumbai,610,"5,000",30.50 L
1 BHK Apartment,Lodha Casa RioDombivali,Dombivali,Mumbai,595,"12,000",71.40 L
2 BHK Apartment,Lodha Casa RioDombivali,Dombivali,Mumbai,955,"12,000",1.15 Cr
2 BHK Apartment,Lodha Casa Rio GoldDombivali,Dombivali,Mumbai,1000,"12,000",1.20 Cr
2 BHK Apartment,Lodha Codename PremierDombivali,Dombivali,Mumbai,746,"12,000",89.52 L
3 BHK Apartment,Lodha Codename PremierDombivali,Dombivali,Mumbai,1062,"12,000",1.27 Cr
2 BHK Apartment,Lodha Codename PremierDombivali,Dombivali,Mumbai,800,"12,000",96.00 L
1 BHK Apartment,Lodha Codename PremierDombivali,Dombivali,Mumbai,621,"12,000",74.52 L
1 BHK Apartment,Lodha Casa Bella GoldDombivali,Dombivali,Mumbai,588,"12,000",70.56 L
2 BHK Apartment,Lodha Codename PremierDombivali,Dombivali,Mumbai,918,"12,000",1.10 Cr
2 BHK Apartment,Lodha Casa RioDombivali,Dombivali,Mumbai,779,"12,000",93.48 L
2 BHK Apartment,Lodha Casa RioDombivali,Dombivali,Mumbai,776,"12,000",93.12 L
1 BHK Apartment,Lodha Casa RioDombivali,Dombivali,Mumbai,595,"12,000",71.40 L
1 BHK Apartment,Lodha Casa RioDombivali,Dombivali,Mumbai,597,"12,000",71.64 L
2 BHK Apartment,Lodha Casa RioDombivali,Dombivali,Mumbai,955,"12,000",1.15 Cr
2 BHK Apartment,Lodha Casa Rio GoldDombivali,Dombivali,Mumbai,1000,"12,000",1.20 Cr
1,,Bhiwandi,Mumbai,560,"6,000",33.60 L
1,,Bhiwandi,Mumbai,550,"6,000",33.00 L
1 BHK Apartment,Shapoorji Pallonji Joyville VirarVirar,Virar,Mumbai,700,"5,000",35.00 L
1 BHK Apartment,Reputed Builder Shripal Shanti ComplexVirar,Virar,Mumbai,710,"5,000",35.50 L
2 BHK Apartment,Koperkhairane Infinity TowerKoper Khairane,Koper Khairane,Mumbai,1091,"25,000",2.73 Cr
2 BHK Independent House,Reputed Builder MadhubanKoper Khairane,Koper Khairane,Mumbai,1300,"25,000",3.25 Cr
2 BHK Apartment,Reputed Builder Seawind ResidencyKoper Khairane,Koper Khairane,Mumbai,1125,"25,000",2.81 Cr
2 BHK Apartment,Reputed Builder Koparkhairane shree sairamKoper Khairane,Koper Khairane,Mumbai,1075,"25,000",2.69 Cr
2 BHK Apartment,Shanti Green PalmsGhansoli,Ghansoli,Mumbai,1145,"15,000",1.72 Cr
3 BHK Apartment,Reputed Builder Koparkhairane shree sairamKoper Khairane,Koper Khairane,Mumbai,1365,"25,000",3.41 Cr
3 BHK Apartment,Sai Proviso ApartmentSector-20 Koparkhairane,Sector-20 Koparkhairane,Mumbai,1524,"25,000",3.81 Cr
3 BHK Apartment,Sai Proviso ApartmentSector-20 Koparkhairane,Sector-20 Koparkhairane,Mumbai,1524,"25,000",3.81 Cr
2,,Ghansoli,Mumbai,1080,"15,000",1.62 Cr
2 BHK Apartment,Reputed Builder Koparkhairane shree sairamKoper Khairane,Koper Khairane,Mumbai,1125,"25,000",2.81 Cr
2 BHK Apartment,Shree Shree HavenMira Road East,Mira Road East,Mumbai,950,"12,000",1.14 Cr
2 BHK Apartment,Strawberry OnyxMira Road East,Mira Road East,Mumbai,970,"12,000",1.16 Cr
2 BHK Apartment,JK IRIS Tower 1 And 2Mira Road East,Mira Road East,Mumbai,1013,"12,000",1.22 Cr
1 BHK Apartment,Umiya OasisMira Road East,Mira Road East,Mumbai,680,"12,000",81.60 L
2 BHK Apartment,Umiya OasisMira Road East,Mira Road East,Mumbai,920,"12,000",1.10 Cr
2 BHK Apartment,Unique IvanaMira Road East,Mira Road East,Mumbai,990,"12,000",1.19 Cr
1 BHK Apartment,Shree Ramdev HeightsMira Road East,Mira Road East,Mumbai,660,"12,000",79.20 L
2 BHK Apartment,Raj 127 Raj Homes A WingMira Road East,Mira Road East,Mumbai,1010,"12,000",1.21 Cr
1 BHK Apartment,Raj 127 Raj Homes A WingMira Road East,Mira Road East,Mumbai,680,"12,000",81.60 L
3 BHK Apartment,Raj Heritage 2Mira Road East,Mira Road East,Mumbai,1200,"12,000",1.44 Cr
2 BHK Apartment,SKD Pinnacolo And Pinnacolo NXMira Road East,Mira Road East,Mumbai,1000,"12,000",1.20 Cr
2 BHK Apartment,Kalpataru Srishti NamaahMira Road East,Mira Road East,Mumbai,1001,"12,000",1.20 Cr
2 BHK Apartment,Sahakar PremierMira Road East,Mira Road East,Mumbai,1060,"12,000",1.27 Cr
2 BHK Apartment,Sahakar PremierMira Road East,Mira Road East,Mumbai,1060,"12,000",1.27 Cr
2 BHK Apartment,Reputed Builder Poonam Valley ComplexMira Road East,Mira Road East,Mumbai,1050,"12,000",1.26 Cr
2 BHK Apartment,JP JP North Phase 5 EuphoriaMira Road East,Mira Road East,Mumbai,1000,"12,000",1.20 Cr
2 BHK Apartment,Strawberry OnyxMira Road East,Mira Road East,Mumbai,970,"12,000",1.16 Cr
1 RK Studio Apartment,Nirman Viviana Block 2Neral,Neral,Mumbai,378,"6,000",22.68 L
1 BHK Apartment,Nirman Viviana Block 2Neral,Neral,Mumbai,401,"6,000",24.06 L
1 BHK Apartment,Nirman Viviana Block 2Neral,Neral,Mumbai,385,"6,000",23.10 L
1 BHK Apartment,Nirman Viviana Block 2Neral,Neral,Mumbai,375,"6,000",22.50 L
1 RK Studio Apartment,Udaan AvenueNeral,Neral,Mumbai,263,"6,000",15.78 L
1 BHK Apartment,Udaan AvenueNeral,Neral,Mumbai,390,"6,000",23.40 L
1 BHK Apartment,Udaan AvenueNeral,Neral,Mumbai,400,"6,000",24.00 L
1 RK Studio Apartment,Udaan AvenueNeral,Neral,Mumbai,290,"6,000",17.40 L
1 BHK Apartment,Paradise Sai World Dreams Phase 1Dombivali,Dombivali,Mumbai,415,"12,000",49.80 L
2,,Airoli,Mumbai,900,"14,000",1.26 Cr
1,,Airoli,Mumbai,550,"14,000",77.00 L
2 BHK Apartment,Reputed Builder Om ArcadeAiroli,Airoli,Mumbai,1100,"14,000",1.54 Cr
1,,Airoli,Mumbai,555,"14,000",77.70 L
1 BHK Apartment,Reputed Builder Palm SpringsAiroli,Airoli,Mumbai,550,"14,000",77.00 L
1 BHK Apartment,KumKum CornerAiroli,Airoli,Mumbai,555,"14,000",77.70 L
1 BHK Apartment,Vaibhavlaxmi Central ParkVikhroli,Vikhroli,Mumbai,655,"28,000",1.83 Cr
1 BHK Apartment,Haware Intelligentia Sigma SouthVikhroli,Vikhroli,Mumbai,520,"28,000",1.46 Cr
1 BHK Apartment,Haware Intelligentia Sigma SouthVikhroli,Vikhroli,Mumbai,460,"28,000",1.29 Cr
3 BHK Apartment,Hiranandani Verona CHSPowai,Powai,Mumbai,1690,"38,000",6.42 Cr
1,,Dombivali East,Mumbai,530,"12,000",63.60 L
2 BHK Apartment,Hicons MarinaAndheri West,Andheri West,Mumbai,759,"35,000",2.66 Cr
2,,Dahisar Navi mumbai,Mumbai,550,"25,000",1.38 Cr
1,,Dahisar Navi mumbai,Mumbai,450,"25,000",1.12 Cr
1,,Dahisar Navi mumbai,Mumbai,350,"25,000",87.50 L
2,,Dahisar Navi mumbai,Mumbai,1200,"25,000",3.00 Cr
2 BHK Apartment,Evershine Amavi 303 Phase 1Virar,Virar,Mumbai,975,"5,000",48.75 L
1 BHK Apartment,Evershine Amavi 303 Phase 1Virar,Virar,Mumbai,700,"5,000",35.00 L
1 BHK Apartment,Evershine Amavi 303 Phase 1Virar,Virar,Mumbai,750,"5,000",37.50 L
1 BHK Apartment,Evershine Amavi 303 Phase 1Virar,Virar,Mumbai,700,"5,000",35.00 L
2 BHK Apartment,Shree Savaliya AvenueMira Road East,Mira Road East,Mumbai,970,"12,000",1.16 Cr
2 BHK Apartment,RNA NG Silver Spring Phase IIIBhayandar East,Bhayandar East,Mumbai,999,"25,000",2.50 Cr
2 BHK Apartment,Siroya Level The ResidencesJogeshwari West,Jogeshwari West,Mumbai,509,"25,000",1.27 Cr
1 BHK Apartment,Siroya Level The ResidencesJogeshwari West,Jogeshwari West,Mumbai,311,"25,000",77.75 L
2 BHK Apartment,Siroya Level The ResidencesJogeshwari West,Jogeshwari West,Mumbai,635,"25,000",1.59 Cr
1 BHK Apartment,Siroya Level The ResidencesJogeshwari West,Jogeshwari West,Mumbai,405,"25,000",1.01 Cr
3 BHK Apartment,JP JP North Phase 5 EuphoriaMira Road East,Mira Road East,Mumbai,1300,"12,000",1.56 Cr
1 BHK Apartment,JP North AvivaMira Road East,Mira Road East,Mumbai,580,"12,000",69.60 L
2 BHK Apartment,MICL Aaradhya HighparkBhayandar East,Bhayandar East,Mumbai,1003,"25,000",2.51 Cr
1,,Bhiwandi,Mumbai,390,"6,000",23.40 L
1,,Bhiwandi,Mumbai,385,"6,000",23.10 L
1,,Bhiwandi,Mumbai,375,"6,000",22.50 L
2,,Koper Khairane,Mumbai,1050,"25,000",2.62 Cr
1 BHK Apartment,Evershine Amavi 303 Phase 1Virar,Virar,Mumbai,511,"5,000",25.55 L
2 BHK Apartment,Evershine Amavi 303 Phase 1Virar,Virar,Mumbai,617,"5,000",30.85 L
1 BHK Apartment,Evershine Amavi 303 Phase 1Virar,Virar,Mumbai,473,"5,000",23.65 L
1 BHK Apartment,Evershine Amavi 303 Phase 1Virar,Virar,Mumbai,473,"5,000",23.65 L
1 BHK Apartment,Swaraj Homes Surji Dham CHSAiroli,Airoli,Mumbai,620,"14,000",86.80 L
1,,Bhiwandi,Mumbai,585,"6,000",35.10 L
2 BHK Apartment,Reputed Builder Lodha CASA LAKESIDEPalava,Palava,Mumbai,945,"25,000",2.36 Cr
3 BHK Apartment,Reputed Builder Lodha CASA LAKESIDEPalava,Palava,Mumbai,1132,"25,000",2.83 Cr
3 BHK Apartment,Reputed Builder UtopiaDombivali,Dombivali,Mumbai,1098,"12,000",1.32 Cr
1 BHK Apartment,Swaraj Homes Casa Rio ArabianaDombivali,Dombivali,Mumbai,595,"12,000",71.40 L
1 BHK Apartment,Lodha Palava Lakeshore GreensDombivali,Dombivali,Mumbai,694,"12,000",83.28 L
2 BHK Apartment,Reputed Builder Lodha CASA LAKESIDEPalava,Palava,Mumbai,829,"25,000",2.07 Cr
1 BHK Apartment,Shree Adinath SymphonyBoisar,Boisar,Mumbai,615,"25,000",1.54 Cr
1 BHK Apartment,Shree Adinath SymphonyBoisar,Boisar,Mumbai,615,"25,000",1.54 Cr
2 BHK Apartment,Marathon VegaPanvel,Panvel,Mumbai,1000,"10,000",1.00 Cr
2 BHK Apartment,Marathon Nexzone Triton 1Panvel,Panvel,Mumbai,1000,"10,000",1.00 Cr
2 BHK Apartment,Marathon VegaPanvel,Panvel,Mumbai,1000,"10,000",1.00 Cr
1 BHK Apartment,Radiance Sai KutirPanvel,Panvel,Mumbai,625,"10,000",62.50 L
2 BHK Apartment,Shivalay Group Shiv KamalPanvel,Panvel,Mumbai,980,"10,000",98.00 L
1 BHK Apartment,Shailesh Aashiyana AvenueKalamboli,Kalamboli,Mumbai,680,"25,000",1.70 Cr
1,,Karanjade,Mumbai,628,"25,000",1.57 Cr
2 BHK Apartment,Marathon Nexzone Triton 1Panvel,Panvel,Mumbai,1120,"10,000",1.12 Cr
1 RK Studio Apartment,Chaitanya GalaxyKaranjade,Karanjade,Mumbai,450,"25,000",1.12 Cr
1 BHK Apartment,Khushi Mountain ViewKaranjade,Karanjade,Mumbai,640,"25,000",1.60 Cr
1 BHK Apartment,Times VighneshKaranjade,Karanjade,Mumbai,640,"25,000",1.60 Cr
2 BHK Apartment,Marathon Nexzone Triton 1Panvel,Panvel,Mumbai,1200,"10,000",1.20 Cr
1 BHK Apartment,Space India Kailash UptownPanvel,Panvel,Mumbai,685,"10,000",68.50 L
1 BHK Apartment,Navkar City Phase I Part 1Naigaon East,Naigaon East,Mumbai,550,"25,000",1.38 Cr
1 BHK Apartment,Sunteck Maxx WorldNaigaon East,Naigaon East,Mumbai,610,"25,000",1.52 Cr
1 BHK Apartment,JK IRISMira Road East,Mira Road East,Mumbai,740,"12,000",88.80 L
1,,Bhiwandi,Mumbai,585,"6,000",35.10 L
1 BHK Apartment,Umiya OasisMira Road East,Mira Road East,Mumbai,680,"12,000",81.60 L
2 BHK Apartment,JP North BarcelonaMira Road East,Mira Road East,Mumbai,950,"12,000",1.14 Cr
1 BHK Apartment,Evershine Amavi 303 Phase 1Virar,Virar,Mumbai,473,"5,000",23.65 L
1,,Koper Khairane,Mumbai,750,"25,000",1.88 Cr
1,,Koper Khairane,Mumbai,750,"25,000",1.88 Cr
1,,Koper Khairane,Mumbai,650,"25,000",1.62 Cr
1 BHK Apartment,Ananta Shri Rajendra SrushtiPalghar,Palghar,Mumbai,331,"8,000",26.48 L
1 BHK Apartment,Ananta Shri Rajendra SrushtiPalghar,Palghar,Mumbai,466,"8,000",37.28 L
1 BHK Apartment,Ananta Shri Rajendra SrushtiPalghar,Palghar,Mumbai,377,"8,000",30.16 L
1 BHK Apartment,Ananta Shri Rajendra SrushtiPalghar,Palghar,Mumbai,511,"8,000",40.88 L
1 BHK Apartment,Ananta Shri Rajendra SrushtiPalghar,Palghar,Mumbai,421,"8,000",33.68 L
1 BHK Apartment,Ananta Shri Rajendra SrushtiPalghar,Palghar,Mumbai,442,"8,000",35.36 L
1 BHK Apartment,Ananta Shri Rajendra SrushtiPalghar,Palghar,Mumbai,450,"8,000",36.00 L
1 BHK Apartment,Ananta Shri Rajendra SrushtiPalghar,Palghar,Mumbai,356,"8,000",28.48 L
2 BHK Apartment,Rustomjee Avenue IVirar,Virar,Mumbai,910,"5,000",45.50 L
1 BHK Apartment,Agarwal ParamountVirar,Virar,Mumbai,690,"5,000",34.50 L
1 BHK Apartment,Agarwal ParamountVirar,Virar,Mumbai,690,"5,000",34.50 L
2 BHK Apartment,Agarwal ParamountVirar,Virar,Mumbai,980,"5,000",49.00 L
2 BHK Apartment,Rustomjee Avenue IVirar,Virar,Mumbai,910,"5,000",45.50 L
1 BHK Apartment,JSB Sai Nakshatra TrridentVirar,Virar,Mumbai,520,"5,000",26.00 L
2 BHK Apartment,Agarwal ParamountVirar,Virar,Mumbai,980,"5,000",49.00 L
2 BHK Apartment,Agarwal ParamountVirar,Virar,Mumbai,980,"5,000",49.00 L
2 BHK Apartment,Agarwal ParamountVirar,Virar,Mumbai,980,"5,000",49.00 L
1 BHK Apartment,Agarwal ParamountVirar,Virar,Mumbai,700,"5,000",35.00 L
2 BHK Apartment,Rustomjee Avenue IVirar,Virar,Mumbai,910,"5,000",45.50 L
2 BHK Apartment,Agarwal ParamountVirar,Virar,Mumbai,980,"5,000",49.00 L
1 BHK Apartment,JSB Sai Nakshatra TrridentVirar,Virar,Mumbai,507,"5,000",25.35 L
2 BHK Apartment,Agarwal ParamountVirar,Virar,Mumbai,980,"5,000",49.00 L
1 BHK Apartment,Rustomjee Avenue IVirar,Virar,Mumbai,690,"5,000",34.50 L
1 BHK Apartment,Rustomjee Avenue IVirar,Virar,Mumbai,690,"5,000",34.50 L
1 BHK Apartment,Rustomjee Avenue IVirar,Virar,Mumbai,690,"5,000",34.50 L
1 BHK Apartment,Rustomjee Avenue IVirar,Virar,Mumbai,690,"5,000",34.50 L
1 BHK Apartment,Rustomjee Avenue IVirar,Virar,Mumbai,690,"5,000",34.50 L
2 BHK Apartment,Rustomjee Avenue IVirar,Virar,Mumbai,910,"5,000",45.50 L
1 BHK Apartment,Agarwal ParamountVirar,Virar,Mumbai,690,"5,000",34.50 L
1 BHK Apartment,Agarwal ParamountVirar,Virar,Mumbai,690,"5,000",34.50 L
2 BHK Apartment,Rustomjee Avenue IVirar,Virar,Mumbai,910,"5,000",45.50 L
1 BHK Apartment,Agarwal ParamountVirar,Virar,Mumbai,690,"5,000",34.50 L
2 BHK Apartment,Rustomjee Avenue IVirar,Virar,Mumbai,910,"5,000",45.50 L
1 BHK Apartment,JSB Sai Nakshatra TrridentVirar,Virar,Mumbai,520,"5,000",26.00 L
1 BHK Apartment,Shree Adinath SymphonyBoisar,Boisar,Mumbai,615,"25,000",1.54 Cr
1 BHK Apartment,Shree Adinath SymphonyBoisar,Boisar,Mumbai,615,"25,000",1.54 Cr
1 BHK Apartment,JSB Sai Nakshatra TrridentVirar,Virar,Mumbai,507,"5,000",25.35 L
1 BHK Apartment,Agarwal ParamountVirar,Virar,Mumbai,675,"5,000",33.75 L
2 BHK Apartment,Runwal My CityDombivali,Dombivali,Mumbai,620,"12,000",74.40 L
1 BHK Apartment,JP Codename HOTCAKEMira Road East,Mira Road East,Mumbai,715,"12,000",85.80 L
2 BHK Apartment,JP Codename Dream Home Tower BMira Road East,Mira Road East,Mumbai,950,"12,000",1.14 Cr
2 BHK Apartment,JP Codename Dream Home Tower BMira Road East,Mira Road East,Mumbai,950,"12,000",1.14 Cr
1 BHK Apartment,JP Codename Dream Home Tower BMira Road East,Mira Road East,Mumbai,720,"12,000",86.40 L
1 BHK Apartment,JP Codename Dream Home Tower BMira Road East,Mira Road East,Mumbai,720,"12,000",86.40 L
1 BHK Apartment,Vidhata Developers Vidhata HeightsSaphale,Saphale,Mumbai,640,"25,000",1.60 Cr
1 BHK Apartment,Vidhata Developers Vidhata HeightsSaphale,Saphale,Mumbai,660,"25,000",1.65 Cr
2 BHK Apartment,Vidhata Developers Vidhata HeightsSaphale,Saphale,Mumbai,905,"25,000",2.26 Cr
1 BHK Apartment,Vidhata Developers Vidhata HeightsSaphale,Saphale,Mumbai,715,"25,000",1.79 Cr
1 BHK Apartment,Vidhata Developers Vidhata HeightsSaphale,Saphale,Mumbai,730,"25,000",1.82 Cr
2 BHK Apartment,JP NorthMira Road East,Mira Road East,Mumbai,990,"12,000",1.19 Cr
2 BHK Apartment,RNA NG N G Diamond Hill D Phase IIMira Road East,Mira Road East,Mumbai,999,"12,000",1.20 Cr
2 BHK Apartment,Ashish SamriddhiMira Road East,Mira Road East,Mumbai,1024,"12,000",1.23 Cr
3,,Vashi,Mumbai,1450,"16,000",2.32 Cr
3,,Vashi,Mumbai,1700,"16,000",2.72 Cr
3,,Vashi,Mumbai,1700,"16,000",2.72 Cr
3,,Vashi,Mumbai,1700,"16,000",2.72 Cr
2 BHK Apartment,Reputed Builder Jimmy Tower ApartmentKoper Khairane,Koper Khairane,Mumbai,1050,"25,000",2.62 Cr
3 BHK Apartment,B and M AtlantisGhansoli,Ghansoli,Mumbai,1525,"15,000",2.29 Cr
3,,Vashi,Mumbai,1700,"16,000",2.72 Cr
1,,Koper Khairane,Mumbai,650,"25,000",1.62 Cr
1,,Bhiwandi,Mumbai,365,"6,000",21.90 L
2 BHK Apartment,Reputed Builder EuropaDombivali,Dombivali,Mumbai,864,"12,000",1.04 Cr
2 BHK Apartment,Reputed Builder Lodha CASA LAKESIDEPalava,Palava,Mumbai,805,"25,000",2.01 Cr
1 BHK Apartment,Runwal My CityDombivali,Dombivali,Mumbai,585,"12,000",70.20 L
2,,Palava,Mumbai,1085,"25,000",2.71 Cr
1 BHK Apartment,Lodha Lodha Palava DowntownDombivali,Dombivali,Mumbai,774,"12,000",92.88 L
2 BHK Apartment,Shree Sai Shweta HeightsMira Road East,Mira Road East,Mumbai,1100,"12,000",1.32 Cr
1 BHK Apartment,Shree Sai Shweta HeightsMira Road East,Mira Road East,Mumbai,700,"12,000",84.00 L
2 BHK Apartment,Lodha Vikhroli Tower C1Vikhroli,Vikhroli,Mumbai,747,"28,000",2.09 Cr
2 BHK Apartment,Lodha Vikhroli Tower C1Vikhroli,Vikhroli,Mumbai,682,"28,000",1.91 Cr
2 BHK Apartment,Lodha Vikhroli Tower C1Vikhroli,Vikhroli,Mumbai,685,"28,000",1.92 Cr
2 BHK Apartment,Lodha Vikhroli Tower C1Vikhroli,Vikhroli,Mumbai,750,"28,000",2.10 Cr
3 BHK Villa,Lodha Casa RoyaleThane West,Thane West,Mumbai,3000,"18,000",5.40 Cr
1,,New Balaji Nagar,Mumbai,715,"25,000",1.79 Cr
1,,Bhayandar East,Mumbai,550,"25,000",1.38 Cr
1,,Virar East,Mumbai,510,"4,500",22.95 L
1,,Mira Road East,Mumbai,715,"12,000",85.80 L
1 BHK Apartment,Reputed Builder Country Park IIBorivali East,Borivali East,Mumbai,525,"16,000",84.00 L
1 BHK Apartment,Reputed Builder Country Park IIBorivali East,Borivali East,Mumbai,500,"16,000",80.00 L
1 BHK Apartment,JSB Nakshatra PrimusNaigaon East,Naigaon East,Mumbai,500,"25,000",1.25 Cr
1 BHK Apartment,Dudhwala ComplexAgripada,Agripada,Mumbai,545,"25,000",1.36 Cr
1,,Bhiwandi,Mumbai,550,"6,000",33.00 L
3,,Koper Khairane,Mumbai,2000,"25,000",5.00 Cr
2,,Vikroli East,Mumbai,742,"25,000",1.85 Cr
1,,Vikroli East,Mumbai,586,"25,000",1.47 Cr
3 BHK Apartment,Reputed Builder Sri DurgaAiroli,Airoli,Mumbai,1900,"14,000",2.66 Cr
1,,Koper Khairane,Mumbai,625,"25,000",1.56 Cr
1 BHK Apartment,Unicorn Unicorn Global ArenaNaigaon East,Naigaon East,Mumbai,500,"25,000",1.25 Cr
2 BHK Apartment,Reputed Builder Gokul MadhavVirar,Virar,Mumbai,700,"5,000",35.00 L
1,,Bhayandar East,Mumbai,385,"25,000",96.25 L
2 BHK Apartment,Dimples 73 EastKandivali West,Kandivali West,Mumbai,720,"24,000",1.73 Cr
3 BHK Apartment,Dimples 73 EastKandivali West,Kandivali West,Mumbai,1462,"24,000",3.51 Cr
3,,Koper Khairane,Mumbai,1650,"25,000",4.12 Cr
2,,Koper Khairane,Mumbai,1150,"25,000",2.88 Cr
2 BHK Apartment,Reputed Builder Koparkhairane shree sairamKoper Khairane,Koper Khairane,Mumbai,1150,"25,000",2.88 Cr
3,,Koper Khairane,Mumbai,2050,"25,000",5.12 Cr
2,,Koper Khairane,Mumbai,1140,"25,000",2.85 Cr
2,,Koper Khairane,Mumbai,1160,"25,000",2.90 Cr
3 BHK Apartment,Reputed Builder Koparkhairane tapsyaKoper Khairane,Koper Khairane,Mumbai,1570,"25,000",3.92 Cr
1,,Dombivli (West),Mumbai,360,"25,000",90.00 L
2,,Vichumbe,Mumbai,791,"25,000",1.98 Cr
2 BHK Apartment,Paradise Sai CrystalsKharghar,Kharghar,Mumbai,1100,"12,000",1.32 Cr
2 BHK Apartment,Devisha Hex BloxKharghar,Kharghar,Mumbai,1100,"12,000",1.32 Cr
2 BHK Apartment,Raikar Sujata EmpressKharghar,Kharghar,Mumbai,1150,"12,000",1.38 Cr
3 BHK Apartment,Regency Regency GardensKharghar,Kharghar,Mumbai,1490,"12,000",1.79 Cr
2,,Kharghar,Mumbai,1100,"12,000",1.32 Cr
1,,Dombivali East,Mumbai,576,"12,000",69.12 L
1,,Dombivali East,Mumbai,550,"12,000",66.00 L
1 BHK Apartment,Priyesh HeightsVirar,Virar,Mumbai,550,"5,000",27.50 L
1 BHK Apartment,Samarth Nikhil Tower Building No 2Virar,Virar,Mumbai,650,"5,000",32.50 L
1 BHK Apartment,SKD Pinnacolo And Pinnacolo NXMira Road East,Mira Road East,Mumbai,700,"12,000",84.00 L
2,,Bhiwandi,Mumbai,800,"6,000",48.00 L
2,,Bhiwandi,Mumbai,670,"6,000",40.20 L
1,,Bhiwandi,Mumbai,545,"6,000",32.70 L
1,,Bhiwandi,Mumbai,530,"6,000",31.80 L
1 BHK Apartment,Technicon PannashDombivali,Dombivali,Mumbai,395,"12,000",47.40 L
1 BHK Apartment,Technicon PannashDombivali,Dombivali,Mumbai,395,"12,000",47.40 L
1 BHK Apartment,Technicon PannashDombivali,Dombivali,Mumbai,395,"12,000",47.40 L
1 BHK Apartment,Technicon PannashDombivali,Dombivali,Mumbai,395,"12,000",47.40 L
1 BHK Apartment,Technicon PannashDombivali,Dombivali,Mumbai,359,"12,000",43.08 L
1 BHK Apartment,Technicon PannashDombivali,Dombivali,Mumbai,359,"12,000",43.08 L
2 BHK Apartment,Technicon PannashDombivali,Dombivali,Mumbai,543,"12,000",65.16 L
2 BHK Apartment,Technicon PannashDombivali,Dombivali,Mumbai,543,"12,000",65.16 L
1 BHK Apartment,Technicon PannashDombivali,Dombivali,Mumbai,395,"12,000",47.40 L
1 BHK Apartment,Technicon PannashDombivali,Dombivali,Mumbai,395,"12,000",47.40 L
1 BHK Apartment,Technicon PannashDombivali,Dombivali,Mumbai,360,"12,000",43.20 L
1 BHK Apartment,Technicon PannashDombivali,Dombivali,Mumbai,360,"12,000",43.20 L
2 BHK Apartment,Runwal My CityDombivali,Dombivali,Mumbai,580,"12,000",69.60 L
1,,Virar West,Mumbai,680,"5,000",34.00 L
4,,Kharghar,Mumbai,1850,"12,000",2.22 Cr
2 BHK Apartment,Platinum The SpringsKalamboli,Kalamboli,Mumbai,1250,"25,000",3.12 Cr
1 BHK Apartment,Pratik HarmonyKalamboli,Kalamboli,Mumbai,670,"25,000",1.68 Cr
2 BHK Apartment,Reliable Balaji ShrishtiKharghar,Kharghar,Mumbai,1120,"12,000",1.34 Cr
1 BHK Apartment,Lodha Casa Bella GoldDombivali,Dombivali,Mumbai,585,"12,000",70.20 L
2 BHK Apartment,Yash Shreeji DaiviBorivali West,Borivali West,Mumbai,836,"18,000",1.50 Cr
2 BHK Apartment,Yash Shreeji DaiviBorivali West,Borivali West,Mumbai,753,"18,000",1.36 Cr
4 BHK Apartment,Yash Shreeji DaiviBorivali West,Borivali West,Mumbai,1691,"18,000",3.04 Cr
2 BHK Apartment,Yash Shreeji DaiviBorivali West,Borivali West,Mumbai,742,"18,000",1.34 Cr
3 BHK Apartment,Yash Shreeji DaiviBorivali West,Borivali West,Mumbai,1056,"18,000",1.90 Cr
3 BHK Apartment,Yash Shreeji DaiviBorivali West,Borivali West,Mumbai,1092,"18,000",1.97 Cr
3 BHK Apartment,Yash Shreeji DaiviBorivali West,Borivali West,Mumbai,1026,"18,000",1.85 Cr
3 BHK Apartment,Yash Shreeji DaiviBorivali West,Borivali West,Mumbai,1096,"18,000",1.97 Cr
2 BHK Apartment,Yash Shreeji DaiviBorivali West,Borivali West,Mumbai,743,"18,000",1.34 Cr
3 BHK Apartment,Yash Shreeji DaiviBorivali West,Borivali West,Mumbai,1036,"18,000",1.86 Cr
3 BHK Apartment,Shreeji Sky Rise TowerKandivali West,Kandivali West,Mumbai,987,"24,000",2.37 Cr
2 BHK Apartment,Shreeji Sky Rise TowerKandivali West,Kandivali West,Mumbai,753,"24,000",1.81 Cr
3 BHK Apartment,Paradise Sai AaradhyaKharghar,Kharghar,Mumbai,1870,"12,000",2.24 Cr
3 BHK Apartment,Paradise Sai AaradhyaKharghar,Kharghar,Mumbai,1650,"12,000",1.98 Cr
R,,Sarde,Mumbai,1089,"25,000",2.72 Cr
1,,Bhiwandi,Mumbai,410,"6,000",24.60 L
3 BHK Apartment,Dynamic Triveni GardenKalyan West,Kalyan West,Mumbai,1565,"10,000",1.56 Cr
1 BHK Apartment,Gaondevi HeightsDombivali,Dombivali,Mumbai,465,"12,000",55.80 L
2 BHK Apartment,Alfa Mana A M ResidencyMazagaon,Mazagaon,Mumbai,1025,"25,000",2.56 Cr
2 BHK Apartment,MRK Ajmal HeightsAgripada,Agripada,Mumbai,825,"25,000",2.06 Cr
2 BHK Apartment,Reputed Builder Sarkar ResidencyByculla,Byculla,Mumbai,1055,"25,000",2.64 Cr
2 BHK Apartment,Reputed Builder Sai NiketanDahisar,Dahisar,Mumbai,1075,"20,000",2.15 Cr
2 BHK Apartment,Darvesh Mariam ResidencyAgripada,Agripada,Mumbai,1270,"25,000",3.17 Cr
1,,Ambernath East,Mumbai,702,"25,000",1.75 Cr
1 BHK Apartment,Vub Group Veermaa ParadiseKamothe,Kamothe,Mumbai,655,"11,000",72.05 L
2,,Kamothe,Mumbai,1050,"11,000",1.16 Cr
1 BHK Independent House,Bhoomi Homes NakshtraKamothe,Kamothe,Mumbai,650,"11,000",71.50 L
1 BHK Apartment,Construxus Planet 6Koper Khairane,Koper Khairane,Mumbai,650,"25,000",1.62 Cr
1 BHK Apartment,Geomatrix Geomatrix Silver CrestKamothe,Kamothe,Mumbai,650,"11,000",71.50 L
2 BHK Apartment,Construxus Planet 6Koper Khairane,Koper Khairane,Mumbai,1050,"25,000",2.62 Cr
2 BHK Apartment,Reputed Builder Mahakali NiwasKamothe,Kamothe,Mumbai,1185,"11,000",1.30 Cr
1 BHK Apartment,Bhoomi Homes GrandeurKamothe,Kamothe,Mumbai,645,"11,000",70.95 L
2 BHK Apartment,Prajapati LawnsKharghar,Kharghar,Mumbai,1100,"12,000",1.32 Cr
1 BHK Apartment,Lodha Casa Bella GoldDombivali,Dombivali,Mumbai,585,"12,000",70.20 L
3 BHK Apartment,Lodha Casa Bella GoldDombivali,Dombivali,Mumbai,1098,"12,000",1.32 Cr
1 BHK Apartment,Shree Swastick HeightsVirar,Virar,Mumbai,750,"5,000",37.50 L
2 BHK Apartment,Shripal ShantiVirar,Virar,Mumbai,750,"5,000",37.50 L
1 BHK Apartment,Shripal ShantiVirar,Virar,Mumbai,650,"5,000",32.50 L
2 BHK Apartment,Navkar City Phase I Part 1Naigaon East,Naigaon East,Mumbai,915,"25,000",2.29 Cr
1 BHK Apartment,Rashmi Star CityNaigaon East,Naigaon East,Mumbai,500,"25,000",1.25 Cr
1 BHK Apartment,Navkar City Phase 1 And 2Naigaon East,Naigaon East,Mumbai,630,"25,000",1.57 Cr
1 BHK Apartment,Global Prestige Wing EVasai,Vasai,Mumbai,670,"8,000",53.60 L
1 BHK Apartment,Mahalaxmi Developers Mumbai NagarNaigaon East,Naigaon East,Mumbai,535,"25,000",1.34 Cr
1 BHK Apartment,Navkar City Phase 1 And 2Naigaon East,Naigaon East,Mumbai,590,"25,000",1.48 Cr
1 BHK Apartment,Sai Sindhu Casita EnclaveNaigaon East,Naigaon East,Mumbai,500,"25,000",1.25 Cr
1 BHK Apartment,Ornate GalaxyNaigaon East,Naigaon East,Mumbai,595,"25,000",1.49 Cr
1 BHK Apartment,Ornate GalaxyNaigaon East,Naigaon East,Mumbai,595,"25,000",1.49 Cr
2 BHK Apartment,Rashmi Pink City Phase INaigaon East,Naigaon East,Mumbai,830,"25,000",2.08 Cr
1 BHK Apartment,Ornate GalaxyNaigaon East,Naigaon East,Mumbai,595,"25,000",1.49 Cr
1 BHK Apartment,Navkar Navkar CityNaigaon East,Naigaon East,Mumbai,535,"25,000",1.34 Cr
1 BHK Apartment,Oyster Living MohakNaigaon East,Naigaon East,Mumbai,630,"25,000",1.57 Cr
1 BHK Apartment,Mahalaxmi Developers Mumbai NagarNaigaon East,Naigaon East,Mumbai,535,"25,000",1.34 Cr
1 BHK Apartment,JSB Nakshatra PrimusNaigaon East,Naigaon East,Mumbai,500,"25,000",1.25 Cr
1 BHK Apartment,Navkar City Phase I Part 1Naigaon East,Naigaon East,Mumbai,535,"25,000",1.34 Cr
1 BHK Apartment,Unicorn Unicorn Global ArenaNaigaon East,Naigaon East,Mumbai,500,"25,000",1.25 Cr
1 BHK Apartment,Sunteck West WorldNaigaon East,Naigaon East,Mumbai,610,"25,000",1.52 Cr
1,,Naigaon East,Mumbai,630,"25,000",1.57 Cr
1,,Vasai east,Mumbai,670,"7,000",46.90 L
1 BHK Apartment,Global Prestige Wing EVasai,Vasai,Mumbai,670,"8,000",53.60 L
2 BHK Apartment,Global Prestige Wing EVasai,Vasai,Mumbai,966,"8,000",77.28 L
1 BHK Apartment,Unicorn Unicorn Global ArenaNaigaon East,Naigaon East,Mumbai,500,"25,000",1.25 Cr
1 BHK Apartment,Navkar Navkar CityNaigaon East,Naigaon East,Mumbai,610,"25,000",1.52 Cr
1 BHK Apartment,Navkar City Phase I Part 3Naigaon East,Naigaon East,Mumbai,610,"25,000",1.52 Cr
1 BHK Apartment,Navkar City Phase I Part 1Naigaon East,Naigaon East,Mumbai,590,"25,000",1.48 Cr
